"date","Hospital_Intake_Proven","Hospital_Intake_Suspected","IC_Intake_Proven","IC_Intake_Suspected","IC_Current","ICs_Used","IC_Cumulative","Hospital_Currently","IC_Deaths_Cumulative","IC_Discharge_Cumulative","IC_Discharge_InHospital","Hospital_Cumulative","Hospital_Intake","IC_Intake","Hosp_Intake_Suspec_Cumul","IC_Intake_Suspected_Cumul","IC_Intake_Proven_Cumsum"
2020-02-27,2,2,1,0,13,9,13,61,0,0,0,64,4,1,2,0,1
2020-02-28,4,0,0,1,14,10,14,65,0,0,0,68,4,1,2,1,1
2020-02-29,1,0,1,0,15,10,15,65,0,0,0,69,1,1,2,1,2
2020-03-01,7,1,2,0,17,11,17,72,0,0,1,76,8,2,3,1,4
2020-03-02,10,1,0,0,16,10,17,83,0,0,1,87,11,0,4,1,4
2020-03-03,8,0,2,0,18,10,19,90,0,0,1,95,8,2,4,1,6
2020-03-04,10,2,3,0,21,12,22,101,0,2,1,107,12,3,6,1,9
2020-03-05,11,1,1,1,21,14,24,110,0,2,1,118,12,2,7,2,10
2020-03-06,21,1,4,0,24,17,28,128,0,2,2,137,22,4,8,2,14
2020-03-07,7,3,3,0,26,17,31,136,0,3,1,145,10,3,11,2,17
2020-03-08,18,5,5,0,32,21,36,155,2,3,1,166,23,5,16,2,22
2020-03-09,27,5,6,1,37,22,43,180,2,3,1,196,32,7,21,3,28
2020-03-10,28,4,10,0,45,25,53,203,2,3,2,225,32,10,25,3,38
2020-03-11,44,5,9,0,52,26,62,239,4,3,2,268,49,9,30,3,47
2020-03-12,54,4,23,0,72,32,85,282,5,3,2,319,58,23,34,3,70
2020-03-13,76,4,13,0,82,35,98,351,5,4,2,397,80,13,38,3,83
2020-03-14,61,3,21,0,101,44,119,390,5,7,5,451,64,21,41,3,104
2020-03-15,69,8,28,0,123,51,147,438,7,7,6,522,77,28,49,3,132
2020-03-16,142,19,33,0,153,57,180,571,12,8,6,676,161,33,68,3,165
2020-03-17,145,12,35,0,182,60,215,655,14,8,9,815,157,35,80,3,200
2020-03-18,177,14,56,0,233,65,271,783,17,11,10,992,191,56,94,3,256
2020-03-19,261,24,66,1,293,70,338,992,25,11,12,1260,285,67,118,4,322
2020-03-20,240,25,83,1,365,71,421,1164,30,13,17,1503,265,84,143,5,405
2020-03-21,204,13,80,3,435,71,505,1244,41,15,27,1685,217,83,156,8,485
2020-03-22,236,17,74,1,486,71,580,1345,47,17,30,1907,253,75,173,9,559
2020-03-23,454,23,97,1,575,71,679,1673,64,19,42,2343,477,98,196,10,656
2020-03-24,428,24,111,0,654,73,790,1925,74,22,47,2751,452,111,220,10,767
2020-03-25,442,21,120,1,754,74,911,2142,85,28,54,3164,463,121,241,11,887
2020-03-26,444,31,111,2,840,74,1024,2340,103,38,58,3588,475,113,272,13,998
2020-03-27,562,33,114,1,923,74,1141,2599,117,44,75,4124,595,115,305,14,1112
2020-03-28,303,23,102,2,987,74,1245,2538,135,48,91,4398,326,104,328,16,1214
2020-03-29,258,17,91,1,1038,74,1337,2491,160,58,104,4624,275,92,345,17,1305
2020-03-30,442,29,127,2,1122,74,1466,2637,180,66,123,5024,471,129,374,19,1432
2020-03-31,309,40,111,0,1187,74,1577,2565,213,81,133,5313,349,111,414,19,1543
2020-04-01,316,35,75,2,1205,75,1654,2467,237,99,143,5616,351,77,449,21,1618
2020-04-02,350,37,96,2,1250,75,1752,2445,259,114,153,5946,387,98,486,23,1714
2020-04-03,340,49,77,0,1277,75,1829,2451,290,135,161,6294,389,77,535,23,1791
2020-04-04,187,24,64,2,1282,74,1895,2240,309,149,177,6459,211,66,559,25,1855
2020-04-05,230,20,75,1,1306,75,1971,2190,333,158,197,6656,250,76,579,26,1930
2020-04-06,328,51,61,0,1313,75,2032,2310,353,181,210,6994,379,61,630,26,1991
2020-04-07,204,51,60,0,1315,76,2092,2170,382,205,240,7210,255,60,681,26,2051
2020-04-08,209,31,58,0,1286,76,2150,2030,399,230,251,7410,240,58,712,26,2109
2020-04-09,188,35,52,0,1283,76,2202,1855,411,257,257,7595,223,52,747,26,2161
2020-04-10,205,38,49,0,1290,75,2252,1766,439,283,264,7805,243,49,785,26,2210
2020-04-11,133,20,28,2,1260,75,2282,1579,454,304,283,7936,153,30,805,28,2238
2020-04-12,137,32,33,1,1241,75,2316,1523,469,321,310,8087,169,34,837,29,2271
2020-04-13,167,30,45,0,1225,75,2361,1514,490,336,334,8250,197,45,867,29,2316
2020-04-14,161,34,35,2,1203,76,2399,1528,502,384,327,8418,195,37,901,31,2351
2020-04-15,119,16,24,1,1178,76,2424,1442,518,436,326,8535,135,25,917,32,2375
2020-04-16,117,21,28,1,1144,76,2454,1331,537,487,311,8651,138,29,938,33,2403
2020-04-17,139,23,25,1,1113,77,2480,1289,555,535,309,8788,162,26,961,34,2428
2020-04-18,80,15,19,0,1068,76,2499,1149,566,558,326,8861,95,19,976,34,2447
2020-04-19,83,12,20,0,1037,76,2519,1121,585,564,350,8938,95,20,988,34,2467
2020-04-20,111,21,26,1,1016,76,2546,1160,604,617,337,9042,132,27,1009,35,2493
2020-04-21,118,25,23,0,981,76,2569,1114,623,670,336,9156,143,23,1034,35,2516
2020-04-22,91,21,15,0,923,77,2584,1034,640,714,331,9254,112,15,1055,35,2531
2020-04-23,95,35,16,0,882,77,2600,993,652,761,310,9367,130,16,1090,35,2547
2020-04-24,78,24,18,1,864,76,2619,937,664,826,275,9452,102,19,1114,36,2565
2020-04-25,42,20,14,0,833,76,2633,808,678,842,284,9506,62,14,1134,36,2579
2020-04-26,43,22,13,0,806,76,2646,778,688,852,297,9560,65,13,1156,36,2592
2020-04-27,60,17,14,0,785,76,2660,762,699,861,314,9626,77,14,1173,36,2606
2020-04-28,91,24,14,1,764,76,2675,778,705,912,298,9721,115,15,1197,37,2620
2020-04-29,60,18,12,0,736,76,2687,720,711,949,297,9782,78,12,1215,37,2632
2020-04-30,63,18,17,1,712,76,2705,696,724,991,283,9851,81,18,1233,38,2649
2020-05-01,52,8,9,0,678,76,2714,642,726,1029,287,9900,60,9,1241,38,2658
2020-05-02,27,12,9,0,639,76,2723,560,735,1044,287,9933,39,9,1253,38,2667
2020-05-03,37,9,11,0,626,76,2734,544,740,1051,302,9969,46,11,1262,38,2678
2020-05-04,59,23,11,1,615,76,2746,592,746,1094,296,10038,82,12,1285,39,2689
2020-05-05,28,6,3,0,574,76,2749,525,751,1108,309,10068,34,3,1291,39,2692
2020-05-06,59,15,7,0,548,73,2756,540,757,1144,301,10133,74,7,1306,39,2699
2020-05-07,46,13,9,1,527,72,2766,514,765,1183,294,10180,59,10,1319,40,2708
2020-05-08,56,25,7,0,495,72,2773,513,770,1220,279,10254,81,7,1344,40,2715
2020-05-09,30,5,5,0,473,72,2778,465,775,1228,288,10285,35,5,1349,40,2720
2020-05-10,25,12,4,0,455,72,2782,447,776,1231,297,10315,37,4,1361,40,2724
2020-05-11,44,19,7,1,449,73,2790,476,783,1272,292,10373,63,8,1380,41,2731
2020-05-12,27,20,2,0,407,71,2792,447,786,1314,268,10415,47,2,1400,41,2733
2020-05-13,37,18,3,1,391,71,2796,421,791,1346,266,10464,55,4,1418,42,2736
2020-05-14,26,13,8,1,365,71,2805,388,795,1373,252,10494,39,9,1431,43,2744
2020-05-15,31,13,3,0,348,71,2808,367,802,1409,229,10533,44,3,1444,43,2747
2020-05-16,18,4,7,1,333,70,2816,324,804,1418,229,10551,22,8,1448,44,2754
2020-05-17,30,10,4,0,327,70,2820,338,805,1422,233,10586,40,4,1458,44,2758
2020-05-18,36,12,4,0,322,70,2824,370,806,1455,235,10628,48,4,1470,44,2762
2020-05-19,17,10,1,0,288,67,2825,346,808,1487,214,10653,27,1,1480,44,2763
2020-05-20,31,13,2,0,278,66,2827,332,813,1516,201,10691,44,2,1493,44,2765
2020-05-21,14,5,2,0,257,66,2829,298,817,1521,207,10705,19,2,1498,44,2767
2020-05-22,32,17,4,0,246,65,2833,328,820,1553,190,10748,49,4,1515,44,2771
2020-05-23,14,8,4,0,231,64,2837,292,821,1556,194,10767,22,4,1523,44,2775
2020-05-24,17,16,7,0,230,64,2844,284,822,1556,204,10791,33,7,1539,44,2782
2020-05-25,35,21,1,0,220,63,2845,319,823,1579,208,10842,56,1,1560,44,2783
2020-05-26,25,10,4,0,197,64,2849,313,827,1600,199,10874,35,4,1570,44,2787
2020-05-27,16,10,3,1,183,60,2853,283,828,1623,184,10896,26,4,1580,45,2790
2020-05-28,16,8,1,0,175,59,2854,262,830,1653,165,10915,24,1,1588,45,2791
2020-05-29,24,12,1,2,165,58,2857,264,833,1674,152,10946,36,3,1600,47,2792
2020-05-30,19,5,3,0,156,57,2860,247,833,1681,146,10967,24,3,1605,47,2795
2020-05-31,12,7,3,0,158,57,2863,242,833,1681,153,10985,19,3,1612,47,2798
2020-06-01,15,6,5,0,156,58,2868,246,836,1681,156,11002,21,5,1618,47,2803
2020-06-02,24,17,1,0,151,58,2869,268,837,1705,150,11038,41,1,1635,47,2804
2020-06-03,19,8,5,0,137,55,2874,259,842,1726,133,11056,27,5,1643,47,2809
2020-06-04,14,16,5,1,135,56,2880,244,845,1746,116,11077,30,6,1659,48,2814
2020-06-05,9,12,3,0,132,54,2883,227,845,1757,108,11095,21,3,1671,48,2817
2020-06-06,4,5,2,0,130,54,2885,194,846,1759,109,11102,9,2,1676,48,2819
2020-06-07,5,11,3,0,129,54,2888,194,846,1761,109,11116,16,3,1687,48,2822
2020-06-08,11,6,0,0,127,54,2888,194,846,1778,101,11133,17,0,1693,48,2822
2020-06-09,9,8,2,0,120,53,2890,174,847,1791,93,11148,17,2,1701,48,2824
2020-06-10,5,6,2,0,117,53,2892,158,848,1803,84,11157,11,2,1707,48,2826
2020-06-11,14,10,1,0,113,53,2893,162,848,1815,77,11177,24,1,1717,48,2827
2020-06-12,8,3,3,0,110,51,2896,153,849,1824,71,11187,11,3,1720,48,2830
2020-06-13,4,4,2,0,108,49,2898,134,850,1824,71,11193,8,2,1724,48,2832
2020-06-14,3,5,0,0,107,48,2898,133,852,1826,69,11201,8,0,1729,48,2832
2020-06-15,5,4,1,0,106,48,2899,136,853,1844,61,11209,9,1,1733,48,2833
2020-06-16,8,7,2,0,97,47,2901,136,856,1849,61,11223,15,2,1740,48,2835
2020-06-17,7,6,0,0,88,44,2901,128,858,1856,59,11234,13,0,1746,48,2835
2020-06-18,4,10,1,0,81,43,2902,129,859,1863,60,11247,14,1,1756,48,2836
2020-06-19,4,6,0,0,74,43,2902,125,860,1871,52,11256,10,0,1762,48,2836
2020-06-20,4,4,2,0,74,43,2904,106,861,1872,55,11261,8,2,1766,48,2838
2020-06-21,5,7,0,0,70,41,2904,107,862,1872,55,11272,12,0,1773,48,2838
2020-06-22,7,6,3,0,72,43,2907,110,863,1876,58,11284,13,3,1779,48,2841
2020-06-23,6,9,1,0,65,40,2908,111,864,1883,55,11294,15,1,1788,48,2842
2020-06-24,5,11,1,0,61,39,2909,110,865,1889,50,11309,16,1,1799,48,2843
2020-06-25,9,7,0,0,59,37,2909,117,865,1895,50,11323,16,0,1806,48,2843
2020-06-26,2,6,0,0,53,34,2909,113,866,1899,50,11329,8,0,1812,48,2843
2020-06-27,2,2,0,0,49,32,2909,92,867,1899,53,11333,4,0,1814,48,2843
2020-06-28,5,3,0,0,45,31,2909,96,867,1899,53,11341,8,0,1817,48,2843
2020-06-29,8,5,0,0,45,31,2909,105,867,1904,50,11351,13,0,1822,48,2843
2020-06-30,3,5,2,0,45,31,2911,91,867,1911,46,11356,8,2,1827,48,2845
2020-07-01,4,5,0,0,41,28,2911,89,867,1916,42,11365,9,0,1832,48,2845
2020-07-02,4,2,2,1,43,31,2914,82,868,1920,40,11368,6,3,1834,49,2847
2020-07-03,6,4,0,0,40,30,2914,82,868,1930,30,11376,10,0,1838,49,2847
2020-07-04,0,3,1,0,41,30,2915,72,868,1930,32,11378,3,1,1841,49,2848
2020-07-05,2,6,0,0,39,28,2915,75,868,1931,32,11384,8,0,1847,49,2848
2020-07-06,2,4,0,0,38,27,2915,79,869,1936,29,11390,6,0,1851,49,2848
2020-07-07,4,4,1,0,36,26,2916,81,870,1938,29,11397,8,1,1855,49,2849
2020-07-08,4,3,2,0,33,26,2918,79,870,1943,25,11403,7,2,1858,49,2851
2020-07-09,6,5,1,0,33,25,2919,79,870,1947,21,11411,11,1,1863,49,2852
2020-07-10,7,6,1,0,34,25,2920,89,870,1947,22,11422,13,1,1869,49,2853
2020-07-11,2,2,0,0,32,23,2920,81,870,1947,22,11425,4,0,1871,49,2853
2020-07-12,3,3,1,0,33,23,2921,81,871,1949,21,11428,6,1,1874,49,2854
2020-07-13,5,4,0,0,32,23,2921,88,872,1950,22,11437,9,0,1878,49,2854
2020-07-14,6,4,0,0,29,23,2921,89,872,1951,22,11446,10,0,1882,49,2854
2020-07-15,2,4,1,0,29,23,2922,82,872,1953,22,11451,6,1,1886,49,2855
2020-07-16,2,6,1,0,28,23,2923,78,872,1958,17,11458,8,1,1892,49,2856
2020-07-17,6,1,0,0,28,22,2923,76,872,1958,18,11464,7,0,1893,49,2856
2020-07-18,6,7,0,0,27,22,2923,83,872,1958,18,11477,13,0,1900,49,2856
2020-07-19,7,1,1,0,28,22,2924,86,872,1958,19,11485,8,1,1901,49,2857
2020-07-20,4,4,0,1,28,23,2925,89,873,1963,15,11492,8,1,1905,50,2857
2020-07-21,6,5,2,0,28,22,2927,88,873,1965,16,11501,11,2,1910,50,2859
2020-07-22,4,1,1,0,28,21,2928,77,874,1969,14,11505,5,1,1911,50,2860
2020-07-23,10,6,1,0,26,20,2929,84,874,1971,14,11519,16,1,1917,50,2861
2020-07-24,10,0,1,0,25,19,2930,82,874,1975,14,11528,10,1,1917,50,2862
2020-07-25,10,3,1,0,22,19,2931,85,874,1976,15,11540,13,1,1920,50,2863
2020-07-26,4,2,3,0,23,20,2934,87,874,1976,15,11544,6,3,1922,50,2866
2020-07-27,6,5,3,0,26,21,2937,95,874,1978,13,11554,11,3,1927,50,2869
2020-07-28,10,2,0,0,26,21,2937,98,874,1979,12,11566,12,0,1929,50,2869
2020-07-29,4,0,0,0,25,21,2937,89,875,1980,12,11569,4,0,1929,50,2869
2020-07-30,15,3,3,0,27,22,2940,93,875,1982,10,11586,18,3,1932,50,2872
2020-07-31,11,1,4,0,30,24,2944,97,877,1982,9,11596,12,4,1933,50,2876
2020-08-01,8,3,2,0,31,24,2946,98,877,1983,9,11606,11,2,1936,50,2878
2020-08-02,11,2,2,0,32,24,2948,108,877,1983,9,11618,13,2,1938,50,2880
2020-08-03,15,3,3,0,35,24,2951,118,877,1983,10,11635,18,3,1941,50,2883
2020-08-04,8,3,3,0,37,26,2954,111,878,1984,11,11644,11,3,1944,50,2886
2020-08-05,8,3,2,0,36,25,2956,106,878,1987,8,11654,11,2,1947,50,2888
2020-08-06,11,2,3,0,39,27,2959,105,879,1988,7,11664,13,3,1949,50,2891
2020-08-07,14,2,1,0,39,27,2960,112,879,1989,6,11680,16,1,1951,50,2892
2020-08-08,18,1,1,0,40,28,2961,119,879,1989,7,11699,19,1,1952,50,2893
2020-08-09,19,4,5,1,45,32,2967,132,881,1990,10,11718,23,6,1956,51,2898
2020-08-10,15,4,4,0,43,32,2971,142,881,1991,10,11736,19,4,1960,51,2902
2020-08-11,27,6,3,0,45,32,2974,161,882,1992,12,11767,33,3,1966,51,2905
2020-08-12,20,0,4,0,45,30,2978,163,882,1993,17,11783,20,4,1966,51,2909
2020-08-13,19,5,4,0,43,30,2982,163,882,1993,18,11804,24,4,1971,51,2913
2020-08-14,12,3,6,0,48,32,2988,158,882,1994,20,11815,15,6,1974,51,2919
2020-08-15,15,3,1,0,46,32,2989,154,883,1994,22,11833,18,1,1977,51,2920
2020-08-16,17,4,4,0,47,33,2993,163,883,1995,21,11852,21,4,1981,51,2924
2020-08-17,19,8,7,1,55,37,3001,180,885,1998,22,11876,27,8,1989,52,2931
2020-08-18,11,1,2,0,51,37,3003,175,885,2002,21,11886,12,2,1990,52,2933
2020-08-19,17,2,3,0,50,36,3006,178,885,2008,19,11901,19,3,1992,52,2936
2020-08-20,24,2,6,0,52,39,3012,187,886,2011,15,11923,26,6,1994,52,2942
2020-08-21,18,9,5,0,55,38,3017,181,887,2014,15,11946,27,5,2003,52,2947
2020-08-22,10,4,0,0,51,36,3017,161,887,2014,17,11960,14,0,2007,52,2947
2020-08-23,14,2,5,0,53,38,3022,162,887,2015,17,11972,16,5,2009,52,2952
2020-08-24,11,4,2,0,53,39,3024,166,888,2016,23,11985,15,2,2013,52,2954
2020-08-25,20,3,3,0,48,34,3027,173,888,2017,24,12005,23,3,2016,52,2957
2020-08-26,12,6,0,0,46,34,3027,163,888,2023,21,12023,18,0,2022,52,2957
2020-08-27,7,1,2,0,45,33,3029,148,888,2027,21,12030,8,2,2023,52,2959
2020-08-28,12,2,2,0,43,34,3031,150,889,2032,17,12042,14,2,2025,52,2961
2020-08-29,2,2,3,0,44,33,3034,133,889,2033,16,12045,4,3,2027,52,2964
2020-08-30,10,2,3,0,49,36,3037,135,890,2033,17,12057,12,3,2029,52,2967
2020-08-31,16,3,1,0,48,35,3038,146,892,2036,17,12075,19,1,2032,52,2968
2020-09-01,14,1,2,0,44,36,3040,145,893,2038,17,12088,15,2,2033,52,2970
2020-09-02,17,9,2,0,43,35,3042,151,893,2040,17,12111,26,2,2042,52,2972
2020-09-03,12,3,3,0,44,33,3045,146,893,2043,14,12124,15,3,2045,52,2975
2020-09-04,17,5,4,0,48,35,3049,153,894,2044,17,12144,22,4,2050,52,2979
2020-09-05,18,3,1,0,44,34,3050,153,894,2044,18,12163,21,1,2053,52,2980
2020-09-06,23,6,4,0,48,35,3054,171,894,2044,19,12186,29,4,2059,52,2984
2020-09-07,29,5,3,0,49,35,3057,192,894,2045,21,12217,34,3,2064,52,2987
2020-09-08,23,5,3,0,48,32,3060,206,895,2045,24,12244,28,3,2069,52,2990
2020-09-09,34,10,4,0,49,32,3064,226,896,2047,23,12286,44,4,2079,52,2994
2020-09-10,18,4,5,0,52,32,3069,220,897,2049,21,12305,22,5,2083,52,2999
2020-09-11,42,3,6,0,57,34,3075,240,897,2051,21,12342,45,6,2086,52,3005
2020-09-12,20,1,6,0,61,36,3081,237,897,2052,22,12361,21,6,2087,52,3011
2020-09-13,25,5,4,0,63,37,3085,250,897,2052,22,12389,30,4,2092,52,3015
2020-09-14,52,8,10,1,74,39,3096,291,898,2055,23,12446,60,11,2100,53,3025
2020-09-15,40,3,4,0,74,39,3100,299,899,2059,24,12486,43,4,2103,53,3029
2020-09-16,49,7,1,0,69,40,3101,326,900,2060,26,12540,56,1,2110,53,3030
2020-09-17,55,8,5,0,70,41,3106,344,900,2066,25,12598,63,5,2118,53,3035
2020-09-18,80,2,7,0,73,40,3113,382,900,2068,25,12670,82,7,2120,53,3042
2020-09-19,60,5,14,0,86,45,3127,400,901,2070,24,12728,65,14,2125,53,3056
2020-09-20,51,2,13,0,97,47,3140,420,902,2070,27,12772,53,13,2127,53,3069
2020-09-21,81,3,13,0,106,49,3153,472,905,2073,23,12851,84,13,2130,53,3082
2020-09-22,71,3,10,0,113,52,3164,502,905,2076,24,12919,74,10,2133,53,3092
2020-09-23,96,6,13,0,122,54,3177,545,906,2081,23,13012,102,13,2139,53,3105
2020-09-24,106,7,11,0,129,57,3188,594,907,2083,24,13117,113,11,2146,53,3116
2020-09-25,92,6,18,0,143,58,3206,622,909,2087,24,13203,98,18,2152,53,3134
2020-09-26,79,2,13,0,148,60,3219,617,910,2088,29,13276,81,13,2154,53,3147
2020-09-27,81,5,17,1,159,60,3237,650,912,2088,36,13352,86,18,2159,54,3164
2020-09-28,112,3,15,0,166,61,3252,705,914,2091,43,13457,115,15,2162,54,3179
2020-09-29,100,6,22,1,176,63,3275,742,916,2094,51,13550,106,23,2168,55,3201
2020-09-30,113,1,15,0,177,63,3290,759,919,2097,55,13656,114,15,2169,55,3216
2020-10-01,111,12,13,0,181,65,3303,787,923,2105,55,13772,123,13,2181,55,3229
2020-10-02,122,4,14,0,181,64,3317,809,923,2108,61,13886,126,14,2185,55,3243
2020-10-03,137,5,19,0,191,68,3336,831,925,2112,65,14016,142,19,2190,55,3262
2020-10-04,104,3,21,0,202,68,3357,871,930,2116,68,14115,107,21,2193,55,3283
2020-10-05,165,5,28,0,217,67,3385,976,933,2120,71,14273,170,28,2198,55,3311
2020-10-06,156,3,34,0,239,69,3419,1021,935,2132,74,14415,159,34,2201,55,3345
2020-10-07,147,5,29,1,252,69,3449,1044,939,2141,76,14555,152,30,2206,56,3374
2020-10-08,161,3,22,0,258,69,3471,1072,942,2148,77,14703,164,22,2209,56,3396
2020-10-09,209,6,28,0,274,70,3499,1148,953,2158,83,14897,215,28,2215,56,3424
2020-10-10,152,3,27,0,273,70,3526,1130,956,2168,82,15035,155,27,2218,56,3451
2020-10-11,159,3,19,0,279,68,3545,1188,963,2172,91,15189,162,19,2221,56,3470
2020-10-12,241,3,41,0,302,68,3586,1335,967,2182,91,15406,244,41,2224,56,3511
2020-10-13,247,6,36,0,321,72,3622,1432,970,2195,89,15636,253,36,2230,56,3547
2020-10-14,205,4,35,0,341,72,3657,1426,976,2202,95,15822,209,35,2234,56,3582
2020-10-15,219,6,36,2,359,72,3695,1453,978,2211,105,16018,225,38,2240,58,3618
2020-10-16,221,6,55,0,396,73,3750,1502,990,2231,106,16216,227,55,2246,58,3673
2020-10-17,214,3,30,0,390,74,3780,1493,996,2237,110,16410,217,30,2249,58,3703
2020-10-18,188,5,41,0,414,74,3821,1528,1001,2242,120,16575,193,41,2254,58,3744
2020-10-19,283,12,58,1,452,76,3881,1680,1006,2253,128,16832,295,59,2266,59,3802
2020-10-20,243,13,49,1,478,74,3931,1738,1014,2271,130,17052,256,50,2279,60,3851
2020-10-21,273,3,48,0,493,75,3979,1772,1024,2284,138,17300,276,48,2282,60,3899
2020-10-22,281,4,43,0,506,75,4022,1844,1032,2305,147,17558,285,43,2286,60,3942
2020-10-23,310,10,53,0,520,75,4075,1925,1051,2323,144,17847,320,53,2296,60,3995
2020-10-24,208,7,36,1,524,74,4112,1857,1058,2334,159,18037,215,37,2303,61,4031
2020-10-25,252,7,47,0,540,73,4159,1929,1074,2344,166,18263,259,47,2310,61,4078
2020-10-26,341,3,60,0,567,75,4219,2089,1080,2362,182,18563,344,60,2313,61,4138
2020-10-27,292,3,49,0,578,76,4268,2098,1092,2388,176,18824,295,49,2316,61,4187
2020-10-28,276,6,51,0,596,76,4319,2075,1098,2409,187,19075,282,51,2322,61,4238
2020-10-29,273,9,46,0,607,76,4365,2046,1107,2428,190,19317,282,46,2331,61,4284
2020-10-30,290,12,42,0,614,75,4407,2066,1119,2451,194,19584,302,42,2343,61,4326
2020-10-31,201,6,48,0,623,76,4455,1987,1136,2460,200,19767,207,48,2349,61,4374
2020-11-01,220,3,43,0,632,77,4498,2009,1147,2468,215,19961,223,43,2352,61,4417
2020-11-02,385,12,59,0,658,77,4558,2218,1156,2494,219,20313,397,59,2364,61,4476
2020-11-03,239,5,31,1,653,77,4590,2165,1167,2521,215,20527,244,32,2369,62,4507
2020-11-04,246,5,39,0,658,76,4630,2098,1180,2551,210,20735,251,39,2374,62,4546
2020-11-05,242,4,35,0,650,76,4665,2027,1196,2583,200,20951,246,35,2378,62,4581
2020-11-06,241,8,35,0,647,76,4700,1951,1212,2609,206,21173,249,35,2386,62,4616
2020-11-07,153,9,39,0,639,76,4739,1801,1224,2618,221,21303,162,39,2395,62,4655
2020-11-08,160,2,44,0,644,76,4783,1781,1235,2628,240,21434,162,44,2397,62,4699
2020-11-09,296,6,41,0,645,77,4824,1926,1248,2662,228,21701,302,41,2403,62,4740
2020-11-10,226,7,37,0,648,77,4861,1863,1263,2690,226,21898,233,37,2410,62,4777
2020-11-11,235,4,36,0,643,77,4897,1817,1274,2719,220,22102,239,36,2414,62,4813
2020-11-12,206,8,41,0,648,77,4938,1765,1286,2746,211,22279,214,41,2422,62,4854
2020-11-13,246,6,31,0,650,77,4969,1746,1301,2785,210,22499,252,31,2428,62,4885
2020-11-14,141,3,22,0,617,77,4991,1612,1312,2792,223,22618,144,22,2431,62,4907
2020-11-15,146,9,34,0,621,76,5025,1607,1330,2801,238,22747,155,34,2440,62,4941
2020-11-16,255,16,36,0,617,76,5061,1754,1346,2827,237,22975,271,36,2456,62,4977
2020-11-17,201,10,29,0,604,76,5090,1725,1362,2859,233,23156,211,29,2466,62,5006
2020-11-18,194,6,31,0,588,76,5121,1667,1375,2885,230,23328,200,31,2472,62,5037
2020-11-19,192,12,39,0,590,76,5160,1606,1388,2915,227,23497,204,39,2484,62,5076
2020-11-20,171,4,28,1,581,76,5189,1516,1402,2945,219,23649,175,29,2488,63,5104
2020-11-21,141,2,21,0,567,76,5210,1419,1415,2952,227,23774,143,21,2490,63,5125
2020-11-22,167,7,25,0,562,76,5235,1453,1429,2958,230,23926,174,25,2497,63,5150
2020-11-23,220,8,26,0,564,76,5261,1583,1446,2988,224,24122,228,26,2505,63,5176
2020-11-24,155,13,34,0,557,76,5296,1536,1460,3017,218,24266,168,34,2518,63,5210
2020-11-25,163,3,41,0,563,77,5337,1465,1474,3044,211,24399,166,41,2521,63,5251
2020-11-26,192,7,30,0,558,76,5367,1471,1488,3065,209,24569,199,30,2528,63,5281
2020-11-27,181,10,17,0,541,75,5384,1463,1496,3096,197,24735,191,17,2538,63,5298
2020-11-28,101,3,21,0,535,75,5405,1363,1510,3104,207,24817,104,21,2541,63,5319
2020-11-29,119,2,18,0,520,75,5424,1368,1520,3108,223,24925,121,18,2543,63,5337
2020-11-30,173,5,24,2,517,75,5450,1453,1532,3136,220,25071,178,26,2548,65,5361
2020-12-01,153,1,30,0,510,75,5480,1407,1543,3158,218,25203,154,30,2549,65,5391
2020-12-02,169,4,30,0,511,75,5510,1370,1555,3182,222,25346,173,30,2553,65,5421
2020-12-03,187,2,30,0,499,75,5540,1377,1562,3199,220,25508,189,30,2555,65,5451
2020-12-04,207,10,33,0,509,76,5573,1410,1573,3232,205,25693,217,33,2565,65,5484
2020-12-05,146,5,25,0,503,76,5598,1362,1583,3236,212,25828,151,25,2570,65,5509
2020-12-06,141,5,28,0,508,76,5626,1403,1594,3242,220,25949,146,28,2575,65,5537
2020-12-07,221,8,21,0,504,75,5647,1514,1602,3266,218,26159,229,21,2583,65,5558
2020-12-08,180,8,40,0,514,75,5687,1499,1615,3294,213,26316,188,40,2591,65,5598
2020-12-09,183,6,31,0,506,76,5718,1482,1626,3322,204,26475,189,31,2597,65,5629
2020-12-10,200,7,33,0,511,76,5751,1479,1635,3343,210,26654,207,33,2604,65,5662
2020-12-11,258,11,36,0,508,76,5787,1551,1643,3365,203,26886,269,36,2615,65,5698
2020-12-12,156,2,22,0,505,75,5809,1523,1650,3373,204,27030,158,22,2617,65,5720
2020-12-13,180,8,42,0,530,75,5851,1576,1658,3375,215,27186,188,42,2625,65,5762
2020-12-14,279,9,24,1,535,75,5876,1748,1665,3404,211,27443,288,25,2634,66,5786
2020-12-15,221,3,44,1,548,76,5921,1743,1672,3423,212,27625,224,45,2637,67,5830
2020-12-16,246,7,36,0,559,76,5957,1770,1686,3450,194,27852,253,36,2644,67,5866
2020-12-17,256,11,48,0,584,76,6005,1814,1695,3474,191,28093,267,48,2655,67,5914
2020-12-18,287,4,38,1,591,77,6044,1869,1702,3498,192,28358,291,39,2659,68,5952
2020-12-19,183,5,43,0,602,77,6087,1772,1714,3502,211,28518,188,43,2664,68,5995
2020-12-20,191,4,55,0,624,77,6142,1786,1730,3510,220,28678,195,55,2668,68,6050
2020-12-21,346,3,32,0,621,76,6174,1983,1742,3541,210,28987,349,32,2671,68,6082
2020-12-22,279,6,43,0,629,76,6217,2001,1752,3570,201,29237,285,43,2677,68,6125
2020-12-23,293,7,48,0,646,77,6265,2027,1763,3595,208,29498,300,48,2684,68,6173
2020-12-24,302,10,49,0,651,78,6314,2045,1776,3629,204,29769,312,49,2694,68,6222
2020-12-25,232,5,36,0,644,78,6350,1943,1790,3635,212,29978,237,36,2699,68,6258
2020-12-26,238,4,42,0,657,78,6392,1982,1799,3641,226,30181,242,42,2703,68,6300
2020-12-27,269,3,44,0,673,78,6436,2073,1813,3647,241,30410,272,44,2706,68,6344
2020-12-28,449,5,68,0,708,78,6505,2357,1825,3673,245,30815,454,68,2711,68,6412
2020-12-29,250,3,61,0,728,78,6567,2336,1833,3698,247,31022,253,61,2714,68,6473
2020-12-30,263,9,45,0,736,78,6613,2295,1845,3727,240,31257,272,45,2723,68,6518
2020-12-31,265,5,39,1,737,77,6653,2216,1862,3748,252,31493,270,40,2728,69,6557
2021-01-01,213,3,40,0,725,77,6693,2053,1872,3762,263,31691,216,40,2731,69,6597
2021-01-02,233,2,40,0,730,77,6733,2103,1886,3770,281,31893,235,40,2733,69,6637
2021-01-03,230,7,45,0,733,77,6778,2127,1902,3781,298,32095,237,45,2740,69,6682
2021-01-04,332,5,58,0,751,77,6836,2252,1915,3807,318,32375,337,58,2745,69,6740
2021-01-05,284,6,54,0,747,78,6890,2218,1936,3848,313,32614,290,54,2751,69,6794
2021-01-06,244,7,45,0,734,78,6935,2161,1949,3889,297,32827,251,45,2758,69,6839
2021-01-07,241,6,38,0,732,78,6973,2103,1970,3926,286,33034,247,38,2764,69,6877
2021-01-08,243,7,45,0,730,78,7018,2041,1992,3965,277,33235,250,45,2771,69,6922
2021-01-09,162,2,31,0,710,78,7049,1867,2005,3977,287,33372,164,31,2773,69,6953
2021-01-10,189,3,31,0,706,77,7080,1877,2011,3987,298,33537,192,31,2776,69,6984
2021-01-11,275,7,38,0,718,78,7118,2008,2029,4021,286,33788,282,38,2783,69,7022
2021-01-12,211,8,45,0,725,78,7163,1943,2037,4064,266,33964,219,45,2791,69,7067
2021-01-13,239,6,36,0,726,77,7199,1886,2054,4097,267,34174,245,36,2797,69,7103
2021-01-14,207,8,34,1,709,78,7233,1824,2063,4134,263,34360,215,35,2805,70,7137
2021-01-15,218,9,37,0,702,78,7270,1806,2075,4164,264,34554,227,37,2814,70,7174
2021-01-16,163,3,27,0,684,77,7297,1679,2086,4172,274,34696,166,27,2817,70,7201
2021-01-17,150,6,38,0,692,77,7335,1634,2091,4179,295,34825,156,38,2823,70,7239
2021-01-18,247,9,41,0,702,77,7376,1760,2107,4215,285,35045,256,41,2832,70,7280
2021-01-19,217,6,34,0,695,77,7410,1747,2116,4252,281,35236,223,34,2838,70,7314
2021-01-20,188,4,33,0,687,76,7443,1672,2127,4285,269,35393,192,33,2842,70,7347
2021-01-21,230,9,39,0,692,76,7483,1673,2142,4319,264,35599,239,39,2851,70,7386
2021-01-22,209,7,35,0,684,76,7518,1652,2154,4359,257,35780,216,35,2858,70,7421
2021-01-23,158,3,33,0,673,77,7551,1575,2164,4372,261,35920,161,33,2861,70,7454
2021-01-24,153,1,26,0,671,77,7577,1585,2176,4376,279,36051,154,26,2862,70,7480
2021-01-25,210,6,54,1,694,77,7632,1680,2189,4414,269,36236,216,55,2868,71,7534
2021-01-26,175,8,34,0,685,77,7666,1634,2205,4444,279,36382,183,34,2876,71,7568
2021-01-27,183,6,28,0,659,78,7694,1572,2219,4469,278,36537,189,28,2882,71,7596
2021-01-28,204,3,43,1,661,77,7738,1531,2228,4495,277,36705,207,44,2885,72,7639
2021-01-29,218,6,27,0,656,78,7765,1542,2245,4524,279,36904,224,27,2891,72,7666
2021-01-30,132,4,31,0,642,78,7796,1472,2252,4536,279,37017,136,31,2895,72,7697
2021-01-31,149,6,35,1,658,78,7832,1507,2265,4541,289,37141,155,36,2901,73,7732
2021-02-01,233,6,29,1,661,78,7862,1613,2277,4575,291,37337,239,30,2907,74,7761
2021-02-02,179,7,28,0,642,78,7890,1580,2292,4606,289,37499,186,28,2914,74,7789
2021-02-03,169,7,29,0,627,78,7919,1522,2302,4649,284,37651,176,29,2921,74,7818
2021-02-04,186,11,26,0,603,78,7945,1490,2311,4690,279,37819,197,26,2932,74,7844
2021-02-05,182,12,19,0,572,77,7964,1481,2326,4731,270,37996,194,19,2944,74,7863
2021-02-06,129,3,21,0,546,77,7985,1356,2339,4739,284,38109,132,21,2947,74,7884
2021-02-07,119,2,21,0,532,77,8006,1339,2347,4744,291,38206,121,21,2949,74,7905
2021-02-08,191,4,32,0,544,78,8038,1444,2349,4783,273,38371,195,32,2953,74,7937
2021-02-09,189,5,19,1,541,78,8058,1418,2361,4827,247,38550,194,20,2958,75,7956
2021-02-10,191,5,28,0,541,77,8086,1419,2371,4863,231,38713,196,28,2963,75,7984
2021-02-11,176,8,32,0,539,75,8118,1405,2379,4893,228,38866,184,32,2971,75,8016
2021-02-12,181,4,33,0,535,75,8151,1382,2388,4923,218,39022,185,33,2975,75,8049
2021-02-13,113,3,22,0,529,76,8173,1285,2395,4932,223,39124,116,22,2978,75,8071
2021-02-14,140,4,26,0,534,76,8199,1291,2406,4936,231,39245,144,26,2982,75,8097
2021-02-15,218,4,36,0,547,76,8235,1405,2413,4970,232,39439,222,36,2986,75,8133
2021-02-16,176,5,39,0,542,78,8274,1389,2420,5002,225,39592,181,39,2991,75,8172
2021-02-17,164,10,36,0,542,78,8310,1373,2427,5029,229,39732,174,36,3001,75,8208
2021-02-18,196,8,26,1,530,78,8337,1380,2433,5052,230,39910,204,27,3009,76,8234
2021-02-19,159,5,32,0,533,77,8369,1359,2441,5087,219,40054,164,32,3014,76,8266
2021-02-20,126,3,40,0,539,77,8409,1264,2449,5095,224,40155,129,40,3017,76,8306
2021-02-21,126,7,36,0,554,77,8445,1263,2452,5100,236,40258,133,36,3024,76,8342
2021-02-22,212,9,32,0,566,77,8477,1374,2462,5126,240,40449,221,32,3033,76,8374
2021-02-23,163,6,26,0,553,77,8503,1363,2467,5149,245,40589,169,26,3039,76,8400
2021-02-24,176,8,29,1,549,77,8533,1346,2477,5182,235,40746,184,30,3047,77,8429
2021-02-25,154,7,47,0,560,78,8580,1307,2485,5205,249,40869,161,47,3054,77,8476
2021-02-26,193,8,29,0,545,77,8609,1295,2493,5230,255,41034,201,29,3062,77,8505
2021-02-27,133,3,20,0,526,77,8630,1239,2497,5243,260,41152,136,20,3065,77,8525
2021-02-28,147,9,42,0,545,77,8672,1255,2503,5247,272,41274,156,42,3074,77,8567
2021-03-01,231,8,50,1,576,78,8723,1379,2512,5283,271,41469,239,51,3082,78,8617
2021-03-02,169,7,39,0,570,78,8762,1360,2525,5325,261,41604,176,39,3089,78,8656
2021-03-03,150,6,34,0,559,78,8796,1313,2531,5359,250,41726,156,34,3095,78,8690
2021-03-04,171,5,42,0,571,78,8838,1294,2539,5391,251,41866,176,42,3100,78,8732
2021-03-05,172,8,36,0,565,78,8874,1278,2544,5429,243,42021,180,36,3108,78,8768
2021-03-06,115,9,38,0,574,78,8912,1195,2554,5441,251,42120,124,38,3117,78,8806
2021-03-07,150,5,33,0,575,76,8945,1216,2560,5451,252,42252,155,33,3122,78,8839
2021-03-08,220,7,42,0,599,77,8987,1327,2569,5478,258,42441,227,42,3129,78,8881
2021-03-09,184,8,35,0,590,78,9022,1328,2573,5516,247,42606,192,35,3137,78,8916
2021-03-10,182,11,43,0,601,78,9065,1301,2580,5544,251,42764,193,43,3148,78,8959
2021-03-11,190,4,42,0,602,78,9107,1291,2590,5571,253,42919,194,42,3152,78,9001
2021-03-12,188,7,31,0,592,78,9138,1296,2603,5605,253,43086,195,31,3159,78,9032
2021-03-13,162,8,34,0,578,78,9172,1260,2609,5614,270,43233,170,34,3167,78,9066
2021-03-14,155,6,41,0,583,78,9213,1286,2617,5619,288,43364,161,41,3173,78,9107
2021-03-15,222,3,45,0,599,78,9258,1406,2625,5659,274,43553,225,45,3176,78,9152
2021-03-16,209,4,45,0,609,78,9303,1410,2637,5696,280,43732,213,45,3180,78,9197
2021-03-17,192,9,38,0,591,78,9341,1397,2650,5728,282,43895,201,38,3189,78,9235
2021-03-18,231,8,54,0,598,77,9395,1438,2660,5759,277,44095,239,54,3197,78,9289
2021-03-19,223,3,48,0,610,77,9443,1449,2669,5803,253,44290,226,48,3200,78,9337
2021-03-20,176,1,38,0,618,78,9481,1405,2679,5812,267,44427,177,38,3201,78,9375
2021-03-21,193,3,52,0,636,78,9533,1453,2684,5815,284,44584,196,52,3204,78,9427
2021-03-22,278,4,40,0,648,78,9573,1588,2693,5859,274,44827,282,40,3208,78,9467
2021-03-23,218,9,42,0,643,78,9615,1554,2702,5900,263,45027,227,42,3217,78,9509
2021-03-24,237,7,37,0,641,78,9653,1561,2708,5937,259,45239,244,37,3224,78,9546
2021-03-25,239,7,58,0,658,78,9712,1556,2720,5972,264,45437,246,58,3231,78,9604
2021-03-26,276,3,60,0,663,77,9772,1578,2730,6005,258,45664,279,60,3234,78,9664
2021-03-27,157,6,40,0,667,78,9812,1504,2735,6020,267,45796,163,40,3240,78,9704
2021-03-28,190,5,34,0,673,78,9847,1524,2742,6028,275,45958,195,34,3245,78,9738
2021-03-29,334,11,48,0,694,78,9895,1712,2752,6066,276,46260,345,48,3256,78,9786
2021-03-30,240,5,51,0,695,78,9946,1688,2765,6105,274,46455,245,51,3261,78,9837
2021-03-31,250,10,60,0,709,78,10006,1648,2777,6144,270,46659,260,60,3271,78,9897
2021-04-01,262,4,46,0,704,78,10052,1663,2788,6176,264,46882,266,46,3275,78,9943
2021-04-02,228,8,67,1,737,78,10121,1595,2797,6218,249,47062,236,68,3283,79,10010
2021-04-03,164,2,46,0,747,78,10167,1498,2810,6242,255,47192,166,46,3285,79,10056
2021-04-04,204,5,54,0,761,78,10222,1512,2814,6255,280,47358,209,54,3290,79,10110
2021-04-05,221,6,53,0,772,78,10275,1582,2822,6264,303,47549,227,53,3296,79,10163
2021-04-06,275,6,55,0,787,78,10330,1689,2835,6304,298,47801,281,55,3302,79,10218
2021-04-07,243,9,62,1,803,78,10393,1683,2847,6342,291,48007,252,63,3311,80,10280
2021-04-08,239,9,48,0,808,78,10441,1647,2862,6397,273,48213,248,48,3320,80,10328
2021-04-09,291,7,55,0,812,78,10496,1668,2876,6429,287,48473,298,55,3327,80,10383
2021-04-10,206,2,51,0,802,78,10548,1578,2888,6447,310,48649,208,51,3329,80,10434
2021-04-11,197,6,58,0,806,78,10606,1591,2903,6455,332,48814,203,58,3335,80,10492
2021-04-12,235,10,48,0,809,78,10655,1664,2919,6496,329,49014,245,48,3345,80,10540
2021-04-13,219,5,44,0,797,78,10699,1610,2932,6539,318,49200,224,44,3350,80,10584
2021-04-14,244,5,54,0,804,77,10753,1582,2947,6584,306,49408,249,54,3355,80,10638
2021-04-15,236,9,64,0,820,77,10817,1561,2965,6618,310,49612,245,64,3364,80,10702
2021-04-16,253,6,52,0,813,77,10870,1597,2977,6673,287,49838,259,52,3370,80,10754
2021-04-17,205,5,54,0,822,77,10924,1517,2990,6690,313,50003,210,54,3375,80,10808
2021-04-18,210,4,54,0,821,77,10978,1546,2998,6697,339,50171,214,54,3379,80,10862
2021-04-19,334,4,64,0,847,78,11042,1743,3013,6738,347,50460,338,64,3383,80,10926
2021-04-20,276,9,52,0,835,77,11094,1750,3024,6788,327,50701,285,52,3392,80,10978
2021-04-21,275,4,51,0,843,77,11145,1751,3037,6826,319,50937,279,51,3396,80,11029
2021-04-22,228,6,45,0,844,77,11190,1749,3050,6876,309,51134,234,45,3402,80,11074
2021-04-23,252,14,64,0,859,77,11254,1721,3068,6927,306,51346,266,64,3416,80,11138
2021-04-24,199,4,51,0,843,76,11305,1602,3077,6940,329,51513,203,51,3420,80,11189
2021-04-25,221,4,43,0,840,77,11348,1629,3087,6958,357,51698,225,43,3424,80,11232
2021-04-26,333,6,60,0,843,77,11408,1802,3097,7015,346,51987,339,60,3430,80,11292
2021-04-27,182,6,52,0,840,77,11460,1711,3108,7039,360,52132,188,52,3436,80,11344
2021-04-28,326,5,48,0,837,77,11509,1834,3124,7083,359,52424,331,48,3441,80,11392
2021-04-29,283,3,66,0,844,77,11575,1868,3136,7128,358,52653,286,66,3444,80,11458
2021-04-30,250,6,51,0,839,77,11626,1847,3152,7179,347,52864,256,51,3450,80,11509
2021-05-01,180,0,38,0,822,77,11664,1723,3164,7197,351,53013,180,38,3450,80,11547
2021-05-02,181,4,67,0,853,78,11731,1673,3187,7213,369,53151,185,67,3454,80,11614
2021-05-03,276,6,52,0,851,78,11783,1777,3200,7263,358,53392,282,52,3460,80,11666
2021-05-04,226,4,51,0,851,77,11834,1720,3215,7317,344,53582,230,51,3464,80,11717
2021-05-05,194,3,43,1,837,78,11879,1597,3233,7337,368,53740,197,44,3467,81,11760
2021-05-06,215,5,45,0,821,78,11924,1618,3247,7380,368,53914,220,45,3472,81,11805
2021-05-07,232,3,46,0,809,78,11970,1628,3260,7435,354,54109,235,46,3475,81,11851
2021-05-08,150,4,38,0,790,77,12008,1508,3276,7450,369,54233,154,38,3479,81,11889
2021-05-09,163,3,36,0,780,77,12044,1480,3289,7464,394,54366,166,36,3482,81,11925
2021-05-10,246,3,36,0,763,78,12080,1574,3303,7511,384,54582,249,36,3485,81,11961
2021-05-11,190,3,41,0,752,78,12121,1514,3311,7575,358,54736,193,41,3488,81,12002
2021-05-12,172,4,37,0,741,78,12159,1438,3323,7626,334,54885,176,37,3492,81,12039
2021-05-13,149,2,27,0,727,78,12186,1325,3328,7642,345,55013,151,27,3494,81,12066
2021-05-14,208,2,32,0,725,78,12218,1392,3344,7691,334,55191,210,32,3496,81,12098
2021-05-15,139,3,33,0,708,78,12251,1276,3355,7706,355,55305,142,33,3499,81,12131
2021-05-16,128,5,25,0,687,78,12276,1249,3362,7716,378,55415,133,25,3504,81,12156
2021-05-17,189,6,37,0,686,78,12313,1337,3375,7766,372,55576,195,37,3510,81,12193
2021-05-18,153,5,33,0,661,78,12346,1290,3388,7822,346,55703,158,33,3515,81,12226
2021-05-19,136,6,23,0,640,77,12369,1198,3395,7871,324,55817,142,23,3521,81,12249
2021-05-20,150,9,23,0,627,77,12392,1158,3409,7913,308,55952,159,23,3530,81,12272
2021-05-21,139,2,23,0,611,77,12415,1117,3413,7967,275,56066,141,23,3532,81,12295
2021-05-22,89,4,26,0,608,77,12441,1006,3422,7982,280,56137,93,26,3536,81,12321
2021-05-23,81,5,21,0,600,76,12462,971,3429,7989,296,56208,86,21,3541,81,12342
2021-05-24,99,2,30,0,600,77,12492,966,3434,7997,313,56275,101,30,3543,81,12372
2021-05-25,120,3,17,0,587,77,12509,993,3444,8039,299,56374,123,17,3546,81,12389
2021-05-26,80,2,13,0,561,77,12522,924,3448,8084,279,56440,82,13,3548,81,12402
2021-05-27,89,4,18,0,547,77,12540,855,3454,8115,277,56510,93,18,3552,81,12420
2021-05-28,89,1,16,0,527,77,12556,816,3465,8160,251,56585,90,16,3553,81,12436
2021-05-29,56,3,10,1,507,76,12567,727,3472,8171,259,56630,59,11,3556,82,12446
2021-05-30,54,5,12,0,493,76,12579,700,3477,8177,277,56679,59,12,3561,82,12458
2021-05-31,84,7,9,0,474,76,12588,730,3486,8214,263,56755,91,9,3568,82,12467
2021-06-01,67,4,7,0,449,76,12595,679,3496,8250,251,56815,71,7,3572,82,12474
2021-06-02,63,5,13,0,427,77,12608,635,3502,8285,246,56868,68,13,3577,82,12487
2021-06-03,55,3,6,0,398,76,12614,597,3509,8308,247,56916,58,6,3580,82,12493
2021-06-04,79,5,5,0,372,76,12619,602,3517,8340,229,56993,84,5,3585,82,12498
2021-06-05,42,5,7,0,357,75,12626,561,3523,8347,231,57031,47,7,3590,82,12505
2021-06-06,43,6,5,0,347,75,12631,554,3527,8352,233,57073,49,5,3596,82,12510
2021-06-07,48,5,5,0,343,74,12636,564,3534,8390,213,57115,53,5,3601,82,12515
2021-06-08,52,1,8,0,325,75,12644,531,3542,8427,189,57160,53,8,3602,82,12523
2021-06-09,39,2,9,0,313,74,12653,476,3544,8457,173,57193,41,9,3604,82,12532
2021-06-10,39,0,4,0,301,73,12657,446,3550,8481,164,57224,39,4,3604,82,12536
2021-06-11,34,0,6,0,285,73,12663,419,3554,8499,161,57250,34,6,3604,82,12542
2021-06-12,22,3,7,0,272,73,12670,370,3555,8500,167,57272,25,7,3607,82,12549
2021-06-13,22,3,2,0,267,73,12672,370,3555,8501,174,57294,25,2,3610,82,12551
2021-06-14,42,6,7,0,268,74,12679,394,3557,8512,179,57330,48,7,3616,82,12558
2021-06-15,24,5,4,0,254,73,12683,351,3559,8531,176,57353,29,4,3621,82,12562
2021-06-16,26,3,6,0,241,73,12689,330,3568,8550,163,57377,29,6,3624,82,12568
2021-06-17,27,2,5,0,230,73,12694,326,3572,8574,149,57401,29,5,3626,82,12573
2021-06-18,29,5,3,0,219,72,12697,320,3574,8586,149,57430,34,3,3631,82,12576
2021-06-19,12,2,5,0,208,71,12702,291,3576,8589,155,57440,14,5,3633,82,12581
2021-06-20,17,5,3,0,198,70,12705,288,3580,8591,156,57459,22,3,3638,82,12584
2021-06-21,15,3,5,0,196,70,12710,289,3581,8615,145,57475,18,5,3641,82,12589
2021-06-22,17,3,4,0,185,68,12714,263,3584,8630,141,57492,20,4,3644,82,12593
2021-06-23,16,5,2,0,173,66,12716,254,3587,8641,141,57512,21,2,3649,82,12595
2021-06-24,10,1,1,0,160,66,12717,233,3588,8661,129,57521,11,1,3650,82,12596
2021-06-25,16,2,3,0,152,64,12720,219,3591,8678,113,57535,18,3,3652,82,12599
2021-06-26,11,3,0,0,148,63,12720,207,3593,8683,113,57548,14,0,3655,82,12599
2021-06-27,8,2,3,0,143,62,12723,208,3596,8683,113,57556,10,3,3657,82,12602
2021-06-28,7,1,2,0,142,62,12725,201,3600,8697,107,57564,8,2,3658,82,12604
2021-06-29,10,2,0,0,131,61,12725,200,3601,8710,98,57575,12,0,3660,82,12604
2021-06-30,4,6,1,0,126,59,12726,186,3603,8719,97,57583,10,1,3666,82,12605
2021-07-01,10,4,0,0,115,55,12726,188,3604,8736,86,57596,14,0,3670,82,12605
2021-07-02,8,2,4,0,112,54,12730,179,3604,8746,77,57604,10,4,3672,82,12609
2021-07-03,4,1,1,0,112,53,12731,173,3605,8747,77,57609,5,1,3673,82,12610
2021-07-04,11,0,1,1,112,52,12733,177,3605,8749,76,57619,11,2,3673,83,12611
2021-07-05,9,2,1,0,111,52,12734,180,3606,8759,71,57628,11,1,3675,83,12612
2021-07-06,4,3,1,0,106,52,12735,171,3610,8772,62,57634,7,1,3678,83,12613
2021-07-07,11,2,0,0,98,52,12735,170,3611,8777,63,57647,13,0,3680,83,12613
2021-07-08,17,1,0,0,90,49,12735,177,3612,8783,59,57664,18,0,3681,83,12613
2021-07-09,13,2,3,0,89,49,12738,179,3614,8784,60,57679,15,3,3683,83,12616
2021-07-10,16,1,2,0,86,47,12740,185,3615,8785,62,57696,17,2,3684,83,12618
2021-07-11,17,3,5,0,87,45,12745,196,3615,8785,63,57713,20,5,3687,83,12623
2021-07-12,22,5,3,0,90,47,12748,211,3615,8792,64,57736,27,3,3692,83,12626
2021-07-13,24,5,5,0,86,45,12753,219,3615,8795,65,57760,29,5,3697,83,12631
2021-07-14,33,7,2,0,83,45,12755,242,3616,8801,63,57798,40,2,3704,83,12633
2021-07-15,42,4,5,0,83,44,12760,263,3616,8808,61,57842,46,5,3708,83,12638
2021-07-16,47,3,9,0,87,48,12769,287,3616,8811,60,57887,50,9,3711,83,12647
2021-07-17,43,0,4,0,88,46,12773,303,3616,8812,62,57925,43,4,3711,83,12651
2021-07-18,59,2,6,0,91,48,12779,344,3620,8813,62,57982,61,6,3713,83,12657
2021-07-19,87,3,23,0,109,54,12802,398,3621,8821,61,58060,90,23,3716,83,12680
2021-07-20,76,2,11,0,112,54,12813,434,3622,8830,57,58129,78,11,3718,83,12691
2021-07-21,74,2,15,0,120,55,12828,444,3624,8836,56,58194,76,15,3720,83,12706
2021-07-22,69,2,11,0,124,56,12839,457,3625,8844,53,58258,71,11,3722,83,12717
2021-07-23,94,3,15,0,132,56,12854,495,3627,8850,58,58345,97,15,3725,83,12732
2021-07-24,69,0,24,0,143,59,12878,504,3630,8854,58,58400,69,24,3725,83,12756
2021-07-25,75,2,16,0,152,62,12894,516,3630,8857,64,58463,77,16,3727,83,12772
2021-07-26,96,2,19,0,162,61,12913,574,3631,8866,65,58546,98,19,3729,83,12791
2021-07-27,81,6,22,1,173,68,12936,593,3632,8875,67,58616,87,23,3735,84,12813
2021-07-28,82,2,24,0,184,69,12960,593,3632,8884,68,58677,84,24,3737,84,12837
2021-07-29,80,2,14,0,188,70,12974,601,3633,8896,72,58746,82,14,3739,84,12851
2021-07-30,81,2,16,0,187,68,12990,605,3634,8903,74,58820,83,16,3741,84,12867
2021-07-31,64,0,17,0,194,69,13007,583,3635,8907,78,58879,64,17,3741,84,12884
2021-08-01,60,2,19,0,204,69,13026,597,3635,8911,82,58925,62,19,3743,84,12903
2021-08-02,76,3,18,0,214,69,13044,622,3636,8925,82,58988,79,18,3746,84,12921
2021-08-03,54,5,13,0,211,71,13057,578,3638,8944,73,59036,59,13,3751,84,12934
2021-08-04,63,3,20,0,218,72,13077,549,3639,8952,79,59090,66,20,3754,84,12954
2021-08-05,64,4,22,0,221,72,13099,534,3640,8958,84,59144,68,22,3758,84,12976
2021-08-06,59,3,13,0,222,72,13112,526,3641,8967,94,59193,62,13,3761,84,12989
2021-08-07,47,2,19,0,222,72,13131,510,3642,8968,107,59230,49,19,3763,84,13008
2021-08-08,48,1,16,0,221,71,13147,498,3645,8972,111,59267,49,16,3764,84,13024
2021-08-09,58,3,13,0,223,73,13160,509,3647,8984,108,59318,61,13,3767,84,13037
2021-08-10,59,2,14,0,225,74,13174,511,3652,9005,98,59368,61,14,3769,84,13051
2021-08-11,58,4,17,0,223,74,13191,493,3655,9018,99,59423,62,17,3773,84,13068
2021-08-12,69,3,10,0,217,74,13201,504,3660,9033,101,59487,72,10,3776,84,13078
2021-08-13,81,1,14,0,210,73,13215,522,3665,9045,98,59558,82,14,3777,84,13092
2021-08-14,50,3,12,0,208,73,13227,514,3666,9050,102,59608,53,12,3780,84,13104
2021-08-15,61,1,12,0,208,72,13239,532,3668,9052,108,59661,62,12,3781,84,13116
2021-08-16,76,4,11,0,209,70,13250,565,3669,9066,104,59735,80,11,3785,84,13127
2021-08-17,57,3,13,0,212,71,13263,550,3670,9085,93,59783,60,13,3788,84,13140
2021-08-18,55,0,19,0,223,73,13282,532,3672,9093,96,59822,55,19,3788,84,13159
2021-08-19,71,3,13,0,222,73,13295,529,3672,9111,91,59888,74,13,3791,84,13172
2021-08-20,48,0,15,0,224,72,13310,518,3676,9125,88,59925,48,15,3791,84,13187
2021-08-21,41,0,13,0,222,72,13323,483,3676,9130,89,59956,41,13,3791,84,13200
2021-08-22,60,1,11,0,226,72,13334,505,3679,9132,92,60011,61,11,3792,84,13211
2021-08-23,61,6,18,0,238,73,13352,537,3684,9142,95,60069,67,18,3798,84,13229
2021-08-24,54,3,13,0,234,73,13365,520,3688,9157,92,60117,57,13,3801,84,13242
2021-08-25,54,2,14,0,232,74,13379,505,3693,9169,92,60165,56,14,3803,84,13256
2021-08-26,63,4,16,0,228,74,13395,503,3695,9187,81,60220,67,16,3807,84,13272
2021-08-27,76,1,13,0,232,72,13408,505,3700,9201,75,60287,77,13,3808,84,13285
2021-08-28,52,0,13,0,233,72,13421,484,3705,9203,82,60329,52,13,3808,84,13298
2021-08-29,40,0,8,0,227,72,13429,493,3706,9205,88,60363,40,8,3808,84,13306
2021-08-30,66,3,11,0,228,73,13440,527,3708,9215,92,60425,69,11,3811,84,13317
2021-08-31,59,0,9,0,220,74,13449,503,3712,9228,92,60476,59,9,3811,84,13326
2021-09-01,66,2,13,0,214,74,13462,495,3717,9238,93,60535,68,13,3813,84,13339
2021-09-02,53,3,18,0,216,72,13480,494,3718,9251,89,60578,56,18,3816,84,13357
2021-09-03,71,3,16,0,221,72,13496,506,3721,9258,90,60639,74,16,3819,84,13373
2021-09-04,55,2,11,0,219,73,13507,486,3724,9263,93,60689,57,11,3821,84,13384
2021-09-05,33,2,13,0,222,72,13520,484,3726,9266,96,60716,35,13,3823,84,13397
2021-09-06,58,3,14,0,229,72,13534,503,3730,9280,90,60772,61,14,3826,84,13411
2021-09-07,56,1,15,0,231,73,13549,512,3732,9293,89,60816,57,15,3827,84,13426
2021-09-08,70,6,12,0,229,74,13561,516,3736,9300,94,60879,76,12,3833,84,13438
2021-09-09,50,2,14,0,225,74,13575,497,3742,9312,94,60920,52,14,3835,84,13452
2021-09-10,43,7,15,0,223,74,13590,490,3747,9330,82,60959,50,15,3842,84,13467
2021-09-11,45,3,6,0,216,73,13596,483,3750,9333,88,61003,48,6,3845,84,13473
2021-09-12,47,1,4,0,207,72,13600,493,3750,9334,91,61043,48,4,3846,84,13477
2021-09-13,55,3,4,0,207,71,13604,513,3752,9349,84,61092,58,4,3849,84,13481
2021-09-14,46,8,15,0,211,71,13619,499,3755,9361,84,61136,54,15,3857,84,13496
2021-09-15,46,3,16,0,211,73,13635,473,3757,9371,79,61171,49,16,3860,84,13512
2021-09-16,43,0,6,0,208,73,13641,465,3760,9383,76,61211,43,6,3860,84,13518
2021-09-17,45,4,8,0,204,70,13649,455,3761,9391,78,61252,49,8,3864,84,13526
2021-09-18,38,3,7,0,200,71,13656,431,3762,9391,83,61289,41,7,3867,84,13533
2021-09-19,29,1,11,0,205,71,13667,425,3763,9394,83,61313,30,11,3868,84,13544
2021-09-20,38,4,7,0,208,72,13674,441,3764,9408,82,61348,42,7,3872,84,13551
2021-09-21,25,3,13,0,207,72,13687,418,3766,9417,90,61365,28,13,3875,84,13564
2021-09-22,29,1,6,0,193,72,13693,395,3769,9422,92,61390,30,6,3876,84,13570
2021-09-23,40,6,11,0,194,73,13704,389,3769,9426,98,61430,46,11,3882,84,13581
2021-09-24,39,4,7,0,189,71,13711,377,3772,9439,97,61467,43,7,3886,84,13588
2021-09-25,34,0,8,0,183,72,13719,355,3773,9443,101,61494,34,8,3886,84,13596
2021-09-26,28,3,6,0,179,73,13725,362,3777,9445,106,61519,31,6,3889,84,13602
2021-09-27,45,2,3,0,171,73,13728,392,3780,9453,108,61561,47,3,3891,84,13605
2021-09-28,41,4,6,0,162,71,13734,390,3783,9459,111,61602,45,6,3895,84,13611
2021-09-29,31,1,7,0,155,70,13741,382,3786,9470,111,61627,32,7,3896,84,13618
2021-09-30,42,3,5,1,147,67,13747,393,3789,9483,106,61668,45,6,3899,85,13623
2021-10-01,48,3,8,0,146,68,13755,403,3791,9494,105,61713,51,8,3902,85,13631
2021-10-02,32,3,8,0,141,66,13763,381,3791,9497,108,61745,35,8,3905,85,13639
2021-10-03,33,0,8,0,143,66,13771,392,3793,9499,111,61772,33,8,3905,85,13647
2021-10-04,63,3,13,0,150,67,13784,435,3799,9512,109,61829,66,13,3908,85,13660
2021-10-05,43,2,6,0,139,65,13790,443,3804,9525,101,61869,45,6,3910,85,13666
2021-10-06,48,5,13,0,141,67,13803,455,3808,9532,101,61913,53,13,3915,85,13679
2021-10-07,38,1,6,0,136,66,13809,447,3811,9544,94,61948,39,6,3916,85,13685
2021-10-08,54,3,11,0,138,66,13820,457,3811,9559,87,61996,57,11,3919,85,13696
2021-10-09,38,4,12,1,145,67,13833,454,3814,9561,89,62031,42,13,3923,86,13708
2021-10-10,43,5,10,0,148,70,13843,474,3815,9561,94,62069,48,10,3928,86,13718
2021-10-11,67,5,12,0,154,71,13855,516,3819,9572,90,62132,72,12,3933,86,13730
2021-10-12,61,6,7,0,150,69,13862,546,3823,9586,79,62194,67,7,3939,86,13737
2021-10-13,61,4,12,0,155,69,13874,566,3826,9593,77,62253,65,12,3943,86,13749
2021-10-14,70,3,10,0,155,68,13884,580,3830,9601,82,62317,73,10,3946,86,13759
2021-10-15,71,5,11,0,149,65,13895,601,3834,9619,71,62387,76,11,3951,86,13770
2021-10-16,53,4,10,0,146,63,13905,597,3836,9621,74,62438,57,10,3955,86,13780
2021-10-17,60,3,17,0,157,64,13923,627,3838,9621,77,62488,63,17,3958,86,13797
2021-10-18,101,3,14,0,166,65,13937,687,3841,9639,70,62586,104,14,3961,86,13811
2021-10-19,92,7,18,0,169,65,13955,710,3845,9646,68,62673,99,18,3968,86,13829
2021-10-20,109,1,20,0,180,64,13975,745,3847,9649,71,62770,110,20,3969,86,13849
2021-10-21,107,2,13,0,184,69,13988,775,3849,9660,64,62869,109,13,3971,86,13862
2021-10-22,89,3,25,0,203,71,14013,790,3852,9673,59,62942,92,25,3974,86,13887
2021-10-23,81,4,7,0,199,71,14020,794,3856,9673,68,63021,85,7,3978,86,13894
2021-10-24,76,5,19,0,204,69,14039,823,3857,9676,72,63087,81,19,3983,86,13913
2021-10-25,119,6,15,0,213,71,14054,904,3860,9685,80,63204,125,15,3989,86,13928
2021-10-26,114,3,22,0,214,72,14076,927,3866,9696,75,63309,117,22,3992,86,13950
2021-10-27,146,5,21,0,223,71,14097,989,3872,9703,79,63448,151,21,3997,86,13971
2021-10-28,136,7,22,0,227,71,14119,1045,3873,9714,80,63578,143,22,4004,86,13993
2021-10-29,162,6,28,0,242,74,14147,1126,3879,9723,87,63732,168,28,4010,86,14021
2021-10-30,139,4,12,0,229,75,14159,1144,3883,9726,94,63866,143,12,4014,86,14033
2021-10-31,131,4,24,0,239,74,14183,1201,3886,9727,99,63990,135,24,4018,86,14057
2021-11-01,206,4,23,0,253,75,14206,1340,3892,9735,104,64187,210,23,4022,86,14080
2021-11-02,173,4,34,0,268,75,14240,1388,3898,9748,103,64345,177,34,4026,86,14114
2021-11-03,151,4,30,0,280,75,14270,1378,3904,9758,107,64480,155,30,4030,86,14144
2021-11-04,177,10,26,0,286,75,14296,1398,3908,9766,110,64646,187,26,4040,86,14170
2021-11-05,207,11,27,0,298,76,14323,1455,3913,9779,112,64846,218,27,4051,86,14197
2021-11-06,134,0,34,0,312,76,14357,1412,3918,9785,115,64959,134,34,4051,86,14231
2021-11-07,167,1,35,0,332,76,14392,1484,3926,9786,123,65102,168,35,4052,86,14266
2021-11-08,245,11,19,0,334,76,14411,1653,3933,9802,125,65337,256,19,4063,86,14285
2021-11-09,177,6,34,0,340,76,14445,1663,3940,9823,121,65500,183,34,4069,86,14319
2021-11-10,210,5,36,0,352,76,14481,1674,3943,9838,124,65692,215,36,4074,86,14355
2021-11-11,232,2,34,1,366,76,14516,1722,3953,9849,128,65904,234,35,4076,87,14389
2021-11-12,231,3,43,0,384,76,14560,1764,3965,9864,127,66116,234,43,4079,87,14432
2021-11-13,197,3,26,0,384,76,14586,1757,3971,9872,131,66298,200,26,4082,87,14458
2021-11-14,220,8,34,0,399,76,14620,1841,3980,9875,145,66498,228,34,4090,87,14492
2021-11-15,300,8,37,0,410,76,14657,2020,3984,9887,155,66779,308,37,4098,87,14529
2021-11-16,269,8,51,0,432,75,14708,2058,3988,9908,159,67019,277,51,4106,87,14580
2021-11-17,247,13,37,0,437,75,14745,2053,3999,9922,166,67253,260,37,4119,87,14617
2021-11-18,254,10,50,0,456,75,14795,2059,4008,9943,160,67485,264,50,4129,87,14667
2021-11-19,331,7,38,1,472,75,14834,2154,4021,9969,155,67793,338,39,4136,88,14705
2021-11-20,233,4,41,0,480,73,14875,2087,4032,9976,163,68005,237,41,4140,88,14746
2021-11-21,270,2,47,0,502,74,14922,2158,4041,9982,182,68240,272,47,4142,88,14793
2021-11-22,356,9,57,2,525,75,14981,2355,4045,10004,189,68561,365,59,4151,90,14850
2021-11-23,290,9,45,0,538,76,15027,2388,4057,10028,184,68820,299,45,4160,90,14895
2021-11-24,300,3,49,0,554,77,15076,2371,4070,10047,182,69077,303,49,4163,90,14944
2021-11-25,325,8,55,0,578,77,15131,2405,4088,10073,196,69368,333,55,4171,90,14999
2021-11-26,355,7,53,0,574,76,15184,2453,4098,10103,191,69684,362,53,4178,90,15052
2021-11-27,222,5,59,0,595,76,15243,2310,4107,10115,207,69869,227,59,4183,90,15111
2021-11-28,252,6,52,0,604,76,15296,2365,4120,10122,224,70089,258,52,4189,90,15163
2021-11-29,369,2,55,0,625,76,15351,2560,4130,10151,221,70428,371,55,4191,90,15218
2021-11-30,315,8,53,0,642,76,15404,2548,4152,10184,228,70711,323,53,4199,90,15271
2021-12-01,346,9,65,1,644,76,15470,2497,4169,10213,228,71003,355,66,4208,91,15336
2021-12-02,291,8,45,0,638,77,15516,2450,4180,10245,227,71253,299,45,4216,91,15381
2021-12-03,297,4,41,0,634,77,15557,2403,4196,10276,231,71522,301,41,4220,91,15422
2021-12-04,234,2,41,0,622,78,15598,2263,4208,10285,247,71725,236,41,4222,91,15463
2021-12-05,219,1,50,0,635,77,15648,2261,4212,10298,264,71914,220,50,4223,91,15513
2021-12-06,340,8,49,0,652,78,15697,2402,4221,10333,261,72217,348,49,4231,91,15562
2021-12-07,312,10,53,0,663,78,15750,2395,4232,10375,258,72500,322,53,4241,91,15615
2021-12-08,320,11,59,0,669,77,15809,2397,4244,10407,258,72781,331,59,4252,91,15674
2021-12-09,273,3,56,0,678,78,15865,2352,4259,10444,253,73016,276,56,4255,91,15730
2021-12-10,315,5,47,0,679,78,15912,2344,4273,10475,251,73306,320,47,4260,91,15777
2021-12-11,208,2,23,0,655,78,15935,2198,4279,10491,264,73492,210,23,4262,91,15800
2021-12-12,192,0,45,1,667,77,15981,2198,4292,10498,288,73652,192,46,4262,92,15845
2021-12-13,263,6,48,0,667,77,16029,2274,4302,10529,295,73874,269,48,4268,92,15893
2021-12-14,232,10,32,0,652,77,16062,2199,4309,10567,285,74085,242,32,4278,92,15925
2021-12-15,232,5,39,0,655,77,16101,2092,4319,10591,290,74282,237,39,4283,92,15964
2021-12-16,205,9,39,0,653,77,16140,2002,4330,10633,275,74460,214,39,4292,92,16003
2021-12-17,208,6,46,0,660,78,16186,1924,4342,10674,265,74633,214,46,4298,92,16049
2021-12-18,131,7,26,0,639,78,16212,1763,4351,10683,285,74754,138,26,4305,92,16075
2021-12-19,162,8,31,0,631,78,16243,1754,4362,10687,306,74893,170,31,4313,92,16106
2021-12-20,219,3,38,0,631,78,16281,1875,4377,10730,292,75091,222,38,4316,92,16144
2021-12-21,192,5,32,0,623,78,16313,1813,4390,10770,279,75260,197,32,4321,92,16176
2021-12-22,173,4,18,0,598,78,16331,1724,4397,10811,275,75417,177,18,4325,92,16194
2021-12-23,138,3,24,0,578,78,16355,1650,4411,10848,263,75538,141,24,4328,92,16218
2021-12-24,170,3,26,0,565,78,16381,1608,4425,10890,250,75685,173,26,4331,92,16244
2021-12-25,116,3,28,0,546,77,16409,1440,4433,10903,258,75782,119,28,4334,92,16272
2021-12-26,112,2,30,0,547,77,16439,1429,4441,10908,271,75880,114,30,4336,92,16302
2021-12-27,215,9,38,0,559,77,16477,1550,4453,10942,265,76072,224,38,4345,92,16340
2021-12-28,184,8,28,0,545,77,16505,1553,4471,10980,245,76248,192,28,4353,92,16368
2021-12-29,147,3,19,0,527,78,16524,1495,4485,11021,230,76379,150,19,4356,92,16387
2021-12-30,149,4,24,0,509,78,16548,1439,4495,11048,222,76513,153,24,4360,92,16411
2021-12-31,136,2,16,0,493,78,16564,1363,4508,11076,215,76633,138,16,4362,92,16427
2022-01-01,107,4,21,0,481,77,16585,1248,4518,11079,225,76732,111,21,4366,92,16448
2022-01-02,104,7,24,0,483,77,16609,1273,4528,11086,229,76825,111,24,4373,92,16472
2022-01-03,170,8,32,0,496,77,16641,1383,4540,11116,228,76976,178,32,4381,92,16504
2022-01-04,155,6,14,1,471,77,16656,1369,4551,11140,219,77128,161,15,4387,93,16518
2022-01-05,137,5,15,0,461,77,16671,1318,4561,11169,216,77250,142,15,4392,93,16533
2022-01-06,123,13,22,0,447,77,16693,1288,4568,11194,217,77369,136,22,4405,93,16555
2022-01-07,176,6,15,0,429,77,16708,1315,4572,11220,216,77535,182,15,4411,93,16570
2022-01-08,93,3,21,0,422,77,16729,1207,4579,11231,227,77613,96,21,4414,93,16591
2022-01-09,123,1,25,0,417,77,16754,1229,4588,11234,236,77719,124,25,4415,93,16616
2022-01-10,160,6,25,0,421,77,16779,1324,4594,11261,232,77858,166,25,4421,93,16641
2022-01-11,122,3,13,0,403,76,16792,1266,4599,11287,229,77962,125,13,4424,93,16654
2022-01-12,107,5,11,0,385,76,16803,1197,4604,11312,223,78065,112,11,4429,93,16665
2022-01-13,102,6,13,0,369,75,16816,1165,4616,11341,213,78156,108,13,4435,93,16678
2022-01-14,140,8,12,0,349,76,16829,1156,4626,11367,207,78291,148,12,4443,93,16690
2022-01-15,100,4,14,0,331,75,16843,1095,4631,11377,213,78381,104,14,4447,93,16704
2022-01-16,101,2,10,0,320,75,16853,1094,4633,11381,214,78472,103,10,4449,93,16714
2022-01-17,151,9,9,0,325,75,16862,1186,4637,11407,204,78618,160,9,4458,93,16723
2022-01-18,125,4,7,0,311,76,16869,1144,4641,11435,192,78737,129,7,4462,93,16730
2022-01-19,168,4,16,0,307,76,16885,1169,4651,11457,184,78892,172,16,4466,93,16746
2022-01-20,170,2,12,0,296,75,16897,1184,4654,11482,173,79055,172,12,4468,93,16758
2022-01-21,169,7,9,0,288,74,16906,1207,4658,11503,165,79211,176,9,4475,93,16767
2022-01-22,124,6,5,0,273,74,16911,1167,4661,11510,172,79327,130,5,4481,93,16772
2022-01-23,144,2,8,1,265,74,16920,1217,4666,11512,179,79463,146,9,4483,94,16780
2022-01-24,196,4,11,1,263,74,16932,1317,4668,11532,175,79649,200,12,4487,95,16791
2022-01-25,163,6,14,0,260,73,16946,1314,4673,11549,172,79798,169,14,4493,95,16805
2022-01-26,192,9,9,0,253,72,16955,1340,4681,11567,171,79982,201,9,4502,95,16814
2022-01-27,199,8,22,0,250,72,16977,1354,4686,11579,172,80174,207,22,4510,95,16836
2022-01-28,200,11,9,0,240,69,16987,1374,4692,11599,173,80369,211,9,4521,95,16845
2022-01-29,165,2,8,0,221,69,16995,1343,4701,11605,174,80525,167,8,4523,95,16853
2022-01-30,173,8,10,0,213,69,17006,1389,4703,11606,180,80691,181,10,4531,95,16863
2022-01-31,252,8,20,0,224,70,17026,1545,4707,11631,174,80935,260,20,4539,95,16883
2022-02-01,238,8,15,0,218,67,17041,1614,4711,11652,162,81165,246,15,4547,95,16898
2022-02-02,240,5,16,0,220,67,17057,1634,4718,11668,155,81389,245,16,4552,95,16914
2022-02-03,206,9,21,1,227,71,17079,1617,4720,11685,150,81585,215,22,4561,96,16935
2022-02-04,256,4,15,0,227,69,17094,1654,4725,11698,155,81817,260,15,4565,96,16950
2022-02-05,134,5,11,0,215,69,17105,1527,4731,11702,163,81947,139,11,4570,96,16961
2022-02-06,192,4,28,0,225,67,17133,1586,4732,11704,173,82120,196,28,4574,96,16989
2022-02-07,241,9,18,0,229,66,17151,1724,4736,11722,173,82343,250,18,4583,96,17007
2022-02-08,216,9,20,0,227,70,17171,1733,4739,11740,176,82547,225,20,4592,96,17027
2022-02-09,216,7,12,0,215,70,17183,1723,4742,11764,166,82756,223,12,4599,96,17039
2022-02-10,239,5,13,0,210,70,17196,1708,4748,11781,168,82983,244,13,4604,96,17052
2022-02-11,243,2,13,1,197,68,17210,1722,4755,11793,176,83210,245,14,4606,97,17065
2022-02-12,161,3,14,0,183,66,17224,1629,4760,11798,175,83365,164,14,4609,97,17079
2022-02-13,154,5,12,0,187,65,17236,1622,4765,11801,176,83507,159,12,4614,97,17091
2022-02-14,258,10,12,0,191,65,17248,1798,4766,11821,170,83752,268,12,4624,97,17103
2022-02-15,245,4,16,0,193,66,17264,1832,4771,11836,172,83972,249,16,4628,97,17119
2022-02-16,216,4,15,0,186,65,17280,1813,4774,11848,173,84177,220,15,4632,97,17134
2022-02-17,214,6,15,0,184,68,17296,1786,4778,11866,167,84382,220,15,4638,97,17149
2022-02-18,231,6,16,0,183,68,17312,1806,4782,11884,158,84598,237,16,4644,97,17165
2022-02-19,146,4,18,0,188,69,17330,1714,4789,11892,166,84728,150,18,4648,97,17183
2022-02-20,163,6,13,0,177,70,17343,1712,4793,11899,168,84880,169,13,4654,97,17196
2022-02-21,227,3,18,0,183,71,17361,1816,4794,11917,161,85086,230,18,4657,97,17214
2022-02-22,196,7,13,0,184,71,17374,1813,4797,11936,156,85270,203,13,4664,97,17227
2022-02-23,201,3,12,0,178,70,17386,1750,4799,11953,151,85454,204,12,4667,97,17239
2022-02-24,180,3,14,1,179,70,17401,1690,4803,11973,144,85615,183,15,4670,98,17253
2022-02-25,197,7,15,0,178,68,17416,1673,4806,11989,138,85799,204,15,4677,98,17268
2022-02-26,131,1,15,0,179,68,17431,1557,4807,11994,141,85916,132,15,4678,98,17283
2022-02-27,122,5,9,1,181,69,17441,1546,4809,11996,149,86029,127,10,4683,99,17292
2022-02-28,234,1,10,0,179,69,17451,1694,4812,12011,147,86242,235,10,4684,99,17302
2022-03-01,230,5,18,0,180,70,17469,1724,4816,12028,142,86453,235,18,4689,99,17320
2022-03-02,249,7,12,0,174,71,17481,1768,4819,12052,130,86684,256,12,4696,99,17332
2022-03-03,204,5,11,0,169,70,17492,1779,4825,12066,127,86881,209,11,4701,99,17343
2022-03-04,221,0,13,0,166,68,17505,1785,4828,12084,121,87083,221,13,4701,99,17356
2022-03-05,152,4,12,0,164,67,17517,1693,4831,12086,125,87229,156,12,4705,99,17368
2022-03-06,205,6,11,0,165,66,17528,1785,4837,12089,123,87426,211,11,4711,99,17379
2022-03-07,282,18,15,0,173,66,17543,1988,4841,12103,119,87707,300,15,4729,99,17394
2022-03-08,258,7,18,0,178,65,17561,2039,4844,12119,115,87950,265,18,4736,99,17412
2022-03-09,248,6,16,0,179,63,17577,2031,4849,12132,119,88185,254,16,4742,99,17428
2022-03-10,303,8,13,0,169,62,17590,2082,4854,12145,116,88483,311,13,4750,99,17441
2022-03-11,266,12,21,0,176,61,17611,2102,4862,12161,109,88743,278,21,4762,99,17462
2022-03-12,219,2,10,0,169,60,17621,2010,4866,12170,117,88947,221,10,4764,99,17472
2022-03-13,244,5,10,0,157,58,17631,2119,4871,12175,120,89188,249,10,4769,99,17482
2022-03-14,320,6,24,0,169,60,17655,2300,4878,12190,111,89486,326,24,4775,99,17506
2022-03-15,320,3,24,0,176,64,17679,2317,4881,12202,117,89786,323,24,4778,99,17530
2022-03-16,292,9,15,0,168,59,17694,2358,4888,12214,121,90065,301,15,4787,99,17545
2022-03-17,311,9,18,0,165,56,17712,2337,4895,12223,126,90358,320,18,4796,99,17563
2022-03-18,256,3,18,0,160,56,17730,2280,4897,12233,129,90595,259,18,4799,99,17581
2022-03-19,207,6,13,0,155,57,17743,2137,4904,12238,134,90797,213,13,4805,99,17594
2022-03-20,200,3,16,0,154,61,17759,2178,4910,12241,137,90987,203,16,4808,99,17610
2022-03-21,336,6,24,0,166,64,17783,2400,4916,12256,136,91297,342,24,4814,99,17634
2022-03-22,303,12,20,0,166,66,17803,2374,4922,12276,128,91585,315,20,4826,99,17654
2022-03-23,282,7,21,0,169,69,17824,2335,4929,12293,130,91850,289,21,4833,99,17675
2022-03-24,260,3,21,1,166,68,17846,2273,4932,12307,135,92086,263,22,4836,100,17696
2022-03-25,260,6,11,0,155,64,17857,2269,4937,12326,133,92331,266,11,4842,100,17707
2022-03-26,160,1,15,0,147,64,17872,2087,4942,12332,135,92474,161,15,4843,100,17722
2022-03-27,152,3,13,0,147,61,17885,2093,4943,12336,142,92614,155,13,4846,100,17735
2022-03-28,275,7,16,0,152,62,17901,2281,4947,12356,143,92875,282,16,4853,100,17751
2022-03-29,232,3,19,0,146,61,17920,2239,4951,12375,134,93079,235,19,4856,100,17770
2022-03-30,224,10,13,0,146,61,17933,2202,4955,12388,136,93293,234,13,4866,100,17783
2022-03-31,173,5,15,0,143,61,17948,2069,4960,12400,140,93450,178,15,4871,100,17798
2022-04-01,196,6,12,0,136,60,17960,2006,4962,12423,133,93637,202,12,4877,100,17810
2022-04-02,100,3,5,0,123,55,17965,1848,4967,12432,132,93730,103,5,4880,100,17815
2022-04-03,133,2,7,0,115,55,17972,1849,4969,12434,138,93857,135,7,4882,100,17822
2022-04-04,196,3,8,0,112,52,17980,1976,4970,12450,130,94038,199,8,4885,100,17830
2022-04-05,194,2,13,1,114,54,17994,1915,4976,12462,126,94212,196,14,4887,101,17843
2022-04-06,166,5,14,0,115,53,18008,1831,4981,12480,114,94370,171,14,4892,101,17857
2022-04-07,166,5,16,0,121,54,18024,1780,4987,12491,113,94527,171,16,4897,101,17873
2022-04-08,160,4,7,0,113,55,18031,1729,4993,12504,116,94676,164,7,4901,101,17880
2022-04-09,85,1,8,0,99,50,18039,1582,4994,12510,119,94753,86,8,4902,101,17888
2022-04-10,103,2,8,0,98,48,18047,1584,4997,12513,119,94850,105,8,4904,101,17896
2022-04-11,131,6,8,0,101,47,18055,1630,5001,12529,109,94972,137,8,4910,101,17904
2022-04-12,133,4,16,0,107,51,18071,1551,5004,12540,103,95093,137,16,4914,101,17920
2022-04-13,127,4,10,0,109,53,18081,1479,5006,12548,101,95213,131,10,4918,101,17930
2022-04-14,104,8,11,0,110,53,18092,1442,5007,12558,98,95305,112,11,4926,101,17941
2022-04-15,105,4,7,0,108,51,18099,1347,5011,12571,97,95400,109,7,4930,101,17948
2022-04-16,71,2,3,0,93,48,18102,1247,5013,12573,100,95467,73,3,4932,101,17951
2022-04-17,81,3,8,0,94,52,18110,1228,5016,12576,98,95543,84,8,4935,101,17959
2022-04-18,75,3,6,0,96,54,18116,1246,5019,12579,100,95607,78,6,4938,101,17965
2022-04-19,105,3,13,0,101,53,18129,1289,5023,12588,97,95699,108,13,4941,101,17978
2022-04-20,99,2,4,0,94,52,18133,1249,5025,12595,102,95789,101,4,4943,101,17982
2022-04-21,97,2,9,0,88,49,18142,1189,5026,12604,102,95874,99,9,4945,101,17991
2022-04-22,74,5,6,0,84,49,18148,1137,5028,12609,101,95942,79,6,4950,101,17997
2022-04-23,69,2,4,0,81,47,18152,1054,5031,12613,101,96008,71,4,4952,101,18001
2022-04-24,66,2,7,0,80,46,18159,1067,5035,12614,101,96068,68,7,4954,101,18008
2022-04-25,90,1,5,1,81,45,18165,1111,5036,12621,101,96152,91,6,4955,102,18013
2022-04-26,68,6,3,0,75,45,18168,1076,5038,12632,98,96218,74,3,4961,102,18016
2022-04-27,43,3,9,0,74,48,18177,984,5038,12637,99,96256,46,9,4964,102,18025
2022-04-28,70,3,3,0,71,46,18181,997,5040,12647,94,96321,73,3,4967,102,18028
2022-04-29,47,2,1,0,65,45,18182,947,5042,12654,91,96365,49,1,4969,102,18029
2022-04-30,42,3,6,0,66,42,18188,859,5044,12658,91,96406,45,6,4972,102,18035
2022-05-01,56,2,6,0,66,42,18194,870,5045,12658,93,96458,58,6,4974,102,18041
2022-05-02,62,2,3,0,66,41,18197,913,5047,12666,90,96518,64,3,4976,102,18044
2022-05-03,54,5,3,0,63,39,18200,895,5050,12675,91,96571,59,3,4981,102,18047
2022-05-04,65,2,8,0,55,39,18208,855,5052,12679,91,96633,67,8,4983,102,18055
2022-05-05,44,2,1,0,50,36,18209,803,5055,12681,92,96675,46,1,4985,102,18056
2022-05-06,40,0,3,0,47,36,18212,798,5056,12689,85,96711,40,3,4985,102,18059
2022-05-07,42,0,3,0,48,36,18215,744,5057,12690,86,96751,42,3,4985,102,18062
2022-05-08,42,3,3,0,49,34,18218,758,5058,12690,90,96785,45,3,4988,102,18065
2022-05-09,53,1,3,0,48,34,18221,782,5059,12701,86,96833,54,3,4989,102,18068
2022-05-10,48,4,6,0,47,32,18227,779,5060,12706,83,96881,52,6,4993,102,18074
2022-05-11,42,3,3,0,46,31,18230,735,5060,12715,75,96918,45,3,4996,102,18077
2022-05-12,43,3,1,0,46,31,18231,720,5064,12722,71,96958,46,1,4999,102,18078
2022-05-13,41,4,2,0,41,28,18233,690,5066,12731,66,97000,45,2,5003,102,18080
2022-05-14,17,2,2,0,36,26,18235,646,5067,12733,67,97017,19,2,5005,102,18082
2022-05-15,33,2,2,0,34,23,18237,653,5068,12733,67,97051,35,2,5007,102,18084
2022-05-16,59,6,6,0,40,28,18243,703,5068,12741,65,97104,65,6,5013,102,18090
2022-05-17,48,2,2,0,36,26,18245,694,5069,12747,61,97146,50,2,5015,102,18092
2022-05-18,42,3,4,0,36,27,18249,681,5074,12753,56,97183,45,4,5018,102,18096
2022-05-19,45,1,2,0,32,26,18251,663,5076,12756,56,97226,46,2,5019,102,18098
2022-05-20,33,3,1,0,29,23,18252,633,5077,12760,53,97256,36,1,5022,102,18099
2022-05-21,27,2,1,0,28,23,18253,595,5077,12760,55,97281,29,1,5024,102,18100
2022-05-22,21,2,2,1,30,24,18256,594,5078,12760,55,97304,23,3,5026,103,18102
2022-05-23,51,2,4,0,33,25,18260,632,5079,12764,54,97350,53,4,5028,103,18106
2022-05-24,44,2,3,0,32,25,18263,618,5081,12767,54,97386,46,3,5030,103,18109
2022-05-25,29,4,1,0,28,24,18264,593,5081,12771,53,97414,33,1,5034,103,18110
2022-05-26,20,1,2,0,27,23,18266,569,5082,12773,52,97433,21,2,5035,103,18112
2022-05-27,38,0,3,0,28,22,18269,583,5082,12779,48,97467,38,3,5035,103,18115
2022-05-28,19,1,0,0,27,21,18269,547,5082,12782,46,97486,20,0,5036,103,18115
2022-05-29,23,0,1,0,27,20,18270,547,5082,12782,46,97507,23,1,5036,103,18116
2022-05-30,46,5,0,1,28,20,18271,587,5082,12784,46,97553,51,1,5041,104,18116
2022-05-31,43,3,3,0,29,20,18274,586,5083,12787,44,97590,46,3,5044,104,18119
2022-06-01,35,3,5,0,32,24,18279,578,5085,12791,43,97622,38,5,5047,104,18124
2022-06-02,46,1,1,0,28,24,18280,588,5085,12795,42,97663,47,1,5048,104,18125
2022-06-03,48,4,1,0,26,21,18281,602,5088,12797,40,97708,52,1,5052,104,18126
2022-06-04,29,0,4,0,26,20,18285,584,5089,12798,40,97729,29,4,5052,104,18130
2022-06-05,35,0,3,0,26,19,18288,594,5090,12798,41,97760,35,3,5052,104,18133
2022-06-06,46,1,3,0,26,21,18291,620,5090,12798,43,97804,47,3,5053,104,18136
2022-06-07,50,6,1,0,26,21,18292,662,5090,12802,42,97856,56,1,5059,104,18137
2022-06-08,49,4,3,0,25,21,18295,656,5090,12805,40,97908,53,3,5063,104,18140
2022-06-09,63,1,7,0,31,25,18302,667,5090,12808,40,97966,64,7,5064,104,18147
2022-06-10,70,4,7,0,36,27,18309,699,5091,12810,41,98030,74,7,5068,104,18154
2022-06-11,49,2,2,0,34,25,18311,689,5092,12811,42,98076,51,2,5070,104,18156
2022-06-12,41,1,0,0,31,23,18311,701,5092,12811,43,98116,42,0,5071,104,18156
2022-06-13,62,4,5,0,35,26,18316,752,5092,12815,40,98176,66,5,5075,104,18161
2022-06-14,62,5,5,0,40,29,18321,762,5093,12817,42,98237,67,5,5080,104,18166
2022-06-15,73,5,4,0,39,28,18325,777,5095,12819,44,98310,78,4,5085,104,18170
2022-06-16,59,1,6,0,39,27,18331,783,5100,12819,49,98365,60,6,5086,104,18176
2022-06-17,83,5,4,0,33,23,18335,811,5101,12820,50,98450,88,4,5091,104,18180
2022-06-18,58,2,3,0,32,25,18338,788,5102,12821,51,98505,60,3,5093,104,18183
2022-06-19,81,3,2,0,31,24,18340,841,5104,12822,51,98585,84,2,5096,104,18185
2022-06-20,87,1,4,0,32,24,18344,900,5106,12825,51,98667,88,4,5097,104,18189
2022-06-21,77,3,8,0,35,27,18352,911,5106,12829,50,98743,80,8,5100,104,18197
2022-06-22,74,3,5,0,37,27,18357,914,5108,12835,46,98814,77,5,5103,104,18202
2022-06-23,102,0,7,0,40,29,18364,928,5108,12836,49,98910,102,7,5103,104,18209
2022-06-24,126,6,4,0,39,28,18368,971,5111,12839,48,99034,132,4,5109,104,18213
2022-06-25,86,0,6,0,41,28,18374,965,5112,12839,48,99114,86,6,5109,104,18219
2022-06-26,88,1,4,0,44,31,18378,1009,5112,12839,50,99196,89,4,5110,104,18223
2022-06-27,130,5,5,0,47,31,18383,1116,5112,12841,52,99327,135,5,5115,104,18228
2022-06-28,86,3,3,0,46,31,18386,1114,5113,12845,50,99411,89,3,5118,104,18231
2022-06-29,104,3,5,0,48,28,18391,1105,5115,12850,51,99509,107,5,5121,104,18236
2022-06-30,133,2,9,0,49,28,18400,1133,5115,12854,53,99633,135,9,5123,104,18245
2022-07-01,97,3,3,0,46,26,18403,1151,5116,12862,49,99729,100,3,5126,104,18248
2022-07-02,85,1,5,0,43,26,18408,1117,5117,12864,52,99813,86,5,5127,104,18253
2022-07-03,120,2,2,0,38,22,18410,1177,5118,12865,55,99931,122,2,5129,104,18255
2022-07-04,126,6,10,0,44,27,18420,1262,5120,12870,54,100050,132,10,5135,104,18265
2022-07-05,119,3,6,0,44,28,18426,1280,5121,12874,53,100160,122,6,5138,104,18271
2022-07-06,114,5,8,0,47,31,18434,1264,5122,12880,55,100267,119,8,5143,104,18279
2022-07-07,119,5,5,0,44,28,18439,1272,5126,12883,57,100383,124,5,5148,104,18284
2022-07-08,111,4,8,0,42,28,18447,1267,5127,12886,61,100487,115,8,5152,104,18292
2022-07-09,118,0,8,0,44,28,18455,1232,5129,12889,57,100596,118,8,5152,104,18300
2022-07-10,116,2,7,0,49,30,18462,1294,5129,12890,59,100708,118,7,5154,104,18307
2022-07-11,158,3,8,0,55,35,18470,1417,5129,12898,54,100857,161,8,5157,104,18315
2022-07-12,152,2,12,0,62,35,18482,1429,5132,12906,53,101003,154,12,5159,104,18327
2022-07-13,148,1,5,0,58,33,18487,1410,5134,12908,56,101145,149,5,5160,104,18332
2022-07-14,151,2,5,0,57,30,18492,1432,5135,12914,55,101286,153,5,5162,104,18337
2022-07-15,126,3,2,0,53,30,18494,1403,5137,12926,47,101411,129,2,5165,104,18339
2022-07-16,99,3,5,0,52,32,18499,1347,5137,12928,45,101507,102,5,5168,104,18344
2022-07-17,96,2,8,1,60,37,18508,1369,5138,12929,47,101600,98,9,5170,105,18352
2022-07-18,151,4,5,0,61,39,18513,1472,5143,12936,49,101743,155,5,5174,105,18357
2022-07-19,150,7,5,0,52,35,18518,1476,5144,12941,54,101890,157,5,5181,105,18362
2022-07-20,163,3,7,0,48,36,18525,1493,5145,12945,58,102042,166,7,5184,105,18369
2022-07-21,141,3,6,0,45,33,18531,1488,5145,12946,62,102176,144,6,5187,105,18375
2022-07-22,136,3,9,0,49,33,18540,1465,5146,12950,62,102305,139,9,5190,105,18384
2022-07-23,94,0,2,0,46,32,18542,1379,5148,12950,64,102383,94,2,5190,105,18386
2022-07-24,100,0,12,0,53,38,18554,1378,5149,12952,66,102475,100,12,5190,105,18398
2022-07-25,180,3,4,0,53,38,18558,1514,5149,12959,61,102645,183,4,5193,105,18402
2022-07-26,108,4,3,0,54,38,18561,1461,5151,12962,63,102752,112,3,5197,105,18405
2022-07-27,109,1,8,0,55,40,18569,1411,5153,12966,67,102852,110,8,5198,105,18413
2022-07-28,80,5,3,0,48,35,18572,1346,5154,12970,70,102928,85,3,5203,105,18416
2022-07-29,107,4,8,0,50,36,18580,1310,5154,12975,71,103024,111,8,5207,105,18424
2022-07-30,68,1,7,0,51,34,18587,1229,5156,12978,72,103092,69,7,5208,105,18431
2022-07-31,72,3,6,0,52,35,18593,1237,5156,12982,72,103160,75,6,5211,105,18437
2022-08-01,120,3,6,1,54,34,18600,1303,5157,12986,73,103268,123,7,5214,106,18443
2022-08-02,91,2,3,0,52,35,18603,1262,5157,12990,78,103350,93,3,5216,106,18446
2022-08-03,99,5,5,0,48,34,18608,1231,5160,13000,72,103444,104,5,5221,106,18451
2022-08-04,97,2,6,0,46,33,18614,1204,5162,13014,59,103533,99,6,5223,106,18457
2022-08-05,77,3,5,0,48,33,18619,1135,5163,13018,56,103606,80,5,5226,106,18462
2022-08-06,68,1,5,0,50,32,18624,1073,5167,13021,54,103669,69,5,5227,106,18467
2022-08-07,56,1,4,0,49,32,18628,1072,5168,13021,53,103721,57,4,5228,106,18471
2022-08-08,79,4,2,0,50,34,18630,1119,5169,13025,56,103799,83,2,5232,106,18473
2022-08-09,67,1,6,0,48,32,18636,1068,5170,13028,58,103853,68,6,5233,106,18479
2022-08-10,81,1,4,1,46,29,18641,1031,5172,13034,54,103927,82,5,5234,107,18483
2022-08-11,75,2,4,0,46,32,18645,1004,5174,13038,54,103995,77,4,5236,107,18487
2022-08-12,73,0,8,0,45,31,18653,990,5174,13044,58,104062,73,8,5236,107,18495
2022-08-13,53,1,6,0,42,30,18659,939,5175,13045,59,104110,54,6,5237,107,18501
2022-08-14,49,4,2,0,41,31,18661,951,5177,13047,58,104160,53,2,5241,107,18503
2022-08-15,84,1,8,0,46,36,18669,1011,5178,13053,54,104237,85,8,5242,107,18511
2022-08-16,71,2,2,0,44,35,18671,982,5178,13057,53,104302,73,2,5244,107,18513
2022-08-17,75,3,4,0,44,33,18676,973,5179,13058,54,104376,78,4,5247,107,18517
2022-08-18,64,2,5,0,45,33,18681,958,5181,13060,55,104437,66,5,5249,107,18522
2022-08-19,49,3,4,0,44,35,18685,908,5182,13067,54,104483,52,4,5252,107,18526
2022-08-20,45,2,3,0,40,32,18688,858,5183,13067,59,104527,47,3,5254,107,18529
2022-08-21,42,3,5,0,39,31,18693,873,5184,13068,59,104568,45,5,5257,107,18534
2022-08-22,66,0,4,1,42,31,18698,903,5186,13074,60,104626,66,5,5257,108,18538
2022-08-23,55,2,3,0,37,30,18701,885,5187,13081,57,104681,57,3,5259,108,18541
2022-08-24,53,2,2,0,34,28,18703,857,5188,13084,53,104730,55,2,5261,108,18543
2022-08-25,54,2,4,0,38,30,18707,834,5190,13088,53,104783,56,4,5263,108,18547
2022-08-26,53,2,0,1,33,27,18708,830,5191,13091,52,104830,55,1,5265,109,18547
2022-08-27,39,0,5,0,34,27,18713,776,5192,13092,53,104864,39,5,5265,109,18552
2022-08-28,37,1,3,0,34,27,18716,779,5192,13094,55,104899,38,3,5266,109,18555
2022-08-29,47,4,6,0,37,29,18722,809,5192,13101,53,104944,51,6,5270,109,18561
2022-08-30,45,2,3,0,34,27,18725,800,5194,13103,54,104988,47,3,5272,109,18564
2022-08-31,44,0,3,0,32,25,18728,779,5194,13106,55,105027,44,3,5272,109,18567
2022-09-01,51,1,3,0,31,25,18731,774,5194,13111,51,105075,52,3,5273,109,18570
2022-09-02,55,5,1,0,30,24,18732,769,5195,13112,53,105131,60,1,5278,109,18571
2022-09-03,34,1,5,0,31,25,18737,746,5195,13114,53,105160,35,5,5279,109,18576
2022-09-04,46,4,2,0,31,25,18739,772,5196,13116,55,105207,50,2,5283,109,18578
2022-09-05,62,3,3,0,29,23,18742,810,5197,13119,56,105265,65,3,5286,109,18581
2022-09-06,42,1,3,0,26,20,18745,786,5197,13124,54,105305,43,3,5287,109,18584
2022-09-07,57,3,4,0,28,21,18749,791,5198,13130,50,105361,60,4,5290,109,18588
2022-09-08,49,3,3,0,27,23,18752,775,5199,13132,48,105410,52,3,5293,109,18591
2022-09-09,67,1,1,0,27,23,18753,784,5199,13135,50,105475,68,1,5294,109,18592
2022-09-10,48,0,4,0,26,22,18757,784,5199,13136,50,105518,48,4,5294,109,18596
2022-09-11,44,1,5,0,31,24,18762,798,5199,13138,50,105559,45,5,5295,109,18601
2022-09-12,70,5,2,0,30,23,18764,848,5199,13142,48,105626,75,2,5300,109,18603
2022-09-13,68,0,3,0,32,25,18767,852,5199,13147,46,105691,68,3,5300,109,18606
2022-09-14,46,0,6,0,35,27,18773,821,5199,13150,48,105731,46,6,5300,109,18612
2022-09-15,55,3,1,0,31,24,18774,810,5199,13155,46,105784,58,1,5303,109,18613
2022-09-16,49,5,3,0,31,26,18777,794,5201,13158,46,105832,54,3,5308,109,18616
2022-09-17,55,3,4,0,29,26,18781,802,5202,13159,46,105887,58,4,5311,109,18620
2022-09-18,38,0,5,0,32,26,18786,803,5202,13161,46,105924,38,5,5311,109,18625
2022-09-19,68,1,6,0,37,29,18792,851,5204,13165,45,105990,69,6,5312,109,18631
2022-09-20,81,2,1,0,34,29,18793,876,5205,13167,48,106066,83,1,5314,109,18632
2022-09-21,72,1,5,1,32,27,18799,878,5206,13171,45,106134,73,6,5315,110,18637
2022-09-22,74,2,4,0,34,27,18803,902,5207,13173,45,106208,76,4,5317,110,18641
2022-09-23,93,4,3,0,34,26,18806,947,5208,13176,43,106300,97,3,5321,110,18644
2022-09-24,64,0,2,0,33,25,18808,926,5208,13177,43,106362,64,2,5321,110,18646
2022-09-25,87,0,11,0,41,28,18819,988,5208,13178,46,106442,87,11,5321,110,18657
2022-09-26,122,3,8,0,45,32,18827,1079,5208,13181,46,106559,125,8,5324,110,18665
2022-09-27,122,1,6,1,49,34,18834,1125,5209,13186,48,106676,123,7,5325,111,18671
2022-09-28,119,5,3,0,44,32,18838,1166,5210,13191,48,106792,124,3,5330,111,18674
2022-09-29,123,3,8,1,45,33,18847,1195,5211,13194,48,106909,126,9,5333,112,18682
2022-09-30,142,3,2,0,43,31,18849,1230,5213,13199,47,107048,145,2,5336,112,18684
2022-10-01,91,0,6,0,43,31,18855,1227,5214,13201,47,107132,91,6,5336,112,18690
2022-10-02,102,2,12,0,52,32,18867,1269,5215,13203,50,107230,104,12,5338,112,18702
2022-10-03,155,2,5,0,53,33,18872,1381,5216,13207,54,107377,157,5,5340,112,18707
2022-10-04,145,1,5,0,49,35,18877,1404,5216,13212,57,107517,146,5,5341,112,18712
2022-10-05,141,0,11,0,52,36,18888,1414,5218,13217,56,107649,141,11,5341,112,18723
2022-10-06,135,4,7,0,53,37,18895,1418,5221,13221,54,107780,139,7,5345,112,18730
2022-10-07,167,2,11,0,59,43,18906,1457,5222,13227,58,107939,169,11,5347,112,18741
2022-10-08,117,0,4,0,52,38,18910,1437,5222,13229,59,108052,117,4,5347,112,18745
2022-10-09,101,2,4,0,53,39,18914,1477,5224,13231,61,108151,103,4,5349,112,18749
2022-10-10,164,5,9,0,56,37,18923,1586,5225,13235,65,108307,169,9,5354,112,18758
2022-10-11,139,2,9,1,57,35,18933,1585,5227,13241,67,108439,141,10,5356,113,18767
2022-10-12,134,1,7,0,54,37,18940,1569,5232,13248,63,108567,135,7,5357,113,18774
2022-10-13,149,3,4,0,48,34,18944,1563,5235,13256,61,108712,152,4,5360,113,18778
2022-10-14,127,4,9,0,47,36,18953,1533,5238,13265,55,108839,131,9,5364,113,18787
2022-10-15,106,1,7,1,50,36,18961,1477,5238,13268,55,108939,107,8,5365,114,18794
2022-10-16,106,0,9,0,56,37,18970,1503,5242,13268,56,109037,106,9,5365,114,18803
2022-10-17,165,4,11,1,63,39,18982,1624,5243,13274,59,109198,169,12,5369,115,18814
2022-10-18,142,1,11,0,63,40,18993,1611,5245,13280,62,109327,143,11,5370,115,18825
2022-10-19,130,0,8,0,62,42,19001,1568,5248,13283,63,109450,130,8,5370,115,18833
2022-10-20,138,1,7,0,62,44,19008,1546,5248,13288,70,109574,139,7,5371,115,18840
2022-10-21,139,1,6,0,55,40,19014,1513,5254,13298,62,109706,140,6,5372,115,18846
2022-10-22,90,1,4,0,51,38,19018,1444,5258,13299,61,109788,91,4,5373,115,18850
2022-10-23,102,2,9,0,55,39,19027,1465,5260,13300,61,109884,104,9,5375,115,18859
2022-10-24,138,2,10,0,62,39,19037,1543,5263,13306,63,110010,140,10,5377,115,18869
2022-10-25,123,2,9,0,59,40,19047,1483,5267,13312,63,110126,125,9,5379,115,18878
2022-10-26,105,0,9,0,59,40,19056,1415,5270,13318,62,110220,105,9,5379,115,18887
2022-10-27,93,4,5,0,55,36,19061,1382,5274,13325,60,110312,97,5,5383,115,18892
2022-10-28,99,2,6,0,49,32,19067,1337,5275,13328,67,110400,101,6,5385,115,18898
2022-10-29,71,0,6,0,46,29,19073,1257,5276,13328,72,110462,71,6,5385,115,18904
2022-10-30,85,4,11,0,51,33,19084,1278,5278,13332,71,110541,89,11,5389,115,18915
2022-10-31,106,1,9,0,58,39,19093,1347,5279,13338,73,110633,107,9,5390,115,18924
2022-11-01,71,6,3,0,52,35,19096,1312,5280,13342,72,110699,77,3,5396,115,18927
2022-11-02,94,1,4,0,48,33,19100,1289,5282,13348,73,110786,95,4,5397,115,18931
2022-11-03,80,2,6,0,45,32,19106,1251,5282,13357,68,110860,82,6,5399,115,18937
2022-11-04,80,5,4,0,45,32,19110,1202,5283,13363,70,110936,85,4,5404,115,18941
2022-11-05,41,2,6,0,43,32,19117,1117,5286,13365,72,110973,43,6,5406,115,18947
2022-11-06,77,0,4,0,41,30,19121,1135,5290,13366,72,111042,77,4,5406,115,18951
2022-11-07,76,1,1,1,38,29,19123,1173,5290,13369,70,111109,77,2,5407,116,18952
2022-11-08,63,4,7,0,45,33,19130,1134,5293,13375,66,111161,67,7,5411,116,18959
2022-11-09,67,2,2,0,41,32,19132,1088,5294,13376,64,111224,69,2,5413,116,18961
2022-11-10,79,0,5,0,45,31,19137,1063,5294,13382,61,111291,79,5,5413,116,18966
2022-11-11,71,1,3,0,45,31,19140,1029,5295,13389,58,111357,72,3,5414,116,18969
2022-11-12,50,1,3,0,42,32,19143,977,5296,13389,62,111402,51,3,5415,116,18972
2022-11-13,42,1,3,0,40,33,19146,977,5297,13390,61,111443,43,3,5416,116,18975
2022-11-14,68,2,1,0,42,34,19147,1014,5299,13395,59,111510,70,1,5418,116,18976
2022-11-15,53,4,3,0,39,30,19150,1003,5299,13398,62,111561,57,3,5422,116,18979
2022-11-16,69,2,3,0,36,30,19153,1009,5300,13399,66,111624,71,3,5424,116,18982
2022-11-17,68,2,3,0,32,28,19156,1011,5300,13405,60,111682,70,3,5426,116,18985
2022-11-18,58,2,2,0,33,27,19158,996,5300,13405,62,111734,60,2,5428,116,18987
2022-11-19,44,0,3,0,33,28,19161,949,5300,13406,63,111775,44,3,5428,116,18990
2022-11-20,29,1,4,0,37,29,19165,940,5300,13410,60,111800,30,4,5429,116,18994
2022-11-21,69,4,6,0,43,31,19171,991,5301,13415,60,111869,73,6,5433,116,19000
2022-11-22,73,4,5,0,42,29,19176,988,5304,13419,59,111940,77,5,5437,116,19005
2022-11-23,76,2,4,0,39,30,19180,979,5305,13420,63,112012,78,4,5439,116,19009
2022-11-24,59,1,5,1,39,30,19186,964,5306,13425,62,112064,60,6,5440,117,19014
2022-11-25,67,1,10,0,43,33,19196,958,5309,13432,58,112127,68,10,5441,117,19024
2022-11-26,47,0,4,0,40,28,19200,919,5312,13432,61,112169,47,4,5441,117,19028
2022-11-27,54,1,0,0,34,27,19200,941,5313,13433,64,112222,55,0,5442,117,19028
2022-11-28,74,3,3,0,34,26,19203,994,5313,13438,63,112288,77,3,5445,117,19031
2022-11-29,79,3,5,1,37,27,19209,1008,5313,13443,62,112362,82,6,5448,118,19036
2022-11-30,78,1,5,0,38,31,19214,1015,5314,13446,60,112436,79,5,5449,118,19041
2022-12-01,73,2,4,0,39,30,19218,1019,5316,13450,60,112505,75,4,5451,118,19045
2022-12-02,70,1,4,0,37,28,19222,1011,5316,13454,58,112568,71,4,5452,118,19049
2022-12-03,53,1,2,0,37,28,19224,976,5317,13456,61,112618,54,2,5453,118,19051
2022-12-04,55,4,5,0,37,30,19229,995,5317,13457,61,112671,59,5,5457,118,19056
2022-12-05,87,4,8,0,44,32,19237,1052,5318,13464,56,112755,91,8,5461,118,19064
2022-12-06,101,0,6,0,48,35,19243,1074,5318,13466,63,112850,101,6,5461,118,19070
2022-12-07,77,4,4,0,42,33,19247,1065,5319,13468,66,112927,81,4,5465,118,19074
2022-12-08,99,4,4,0,40,31,19251,1096,5320,13470,69,113019,103,4,5469,118,19078
2022-12-09,104,2,6,0,41,35,19257,1119,5323,13476,64,113119,106,6,5471,118,19084
2022-12-10,66,0,2,0,39,34,19259,1095,5325,13477,63,113179,66,2,5471,118,19086
2022-12-11,66,2,2,0,39,32,19261,1118,5326,13477,66,113241,68,2,5473,118,19088
2022-12-12,93,2,8,0,44,35,19269,1174,5328,13481,69,113328,95,8,5475,118,19096
2022-12-13,87,1,7,0,41,36,19276,1183,5329,13483,74,113406,88,7,5476,118,19103
2022-12-14,119,0,8,0,42,36,19284,1193,5335,13487,70,113514,119,8,5476,118,19111
2022-12-15,113,4,3,0,37,33,19287,1214,5336,13490,73,113616,117,3,5480,118,19114
2022-12-16,97,5,8,0,38,31,19295,1230,5337,13497,67,113708,102,8,5485,118,19122
2022-12-17,66,3,2,0,37,29,19297,1193,5338,13498,67,113770,69,2,5488,118,19124
2022-12-18,75,2,10,0,45,34,19307,1223,5338,13499,67,113835,77,10,5490,118,19134
2022-12-19,113,5,5,0,49,34,19312,1308,5340,13501,76,113944,118,5,5495,118,19139
2022-12-20,127,2,8,0,46,28,19320,1325,5341,13505,75,114063,129,8,5497,118,19147
2022-12-21,126,3,16,0,55,36,19336,1340,5342,13513,71,114171,129,16,5500,118,19163
2022-12-22,114,2,7,0,57,35,19343,1340,5343,13515,73,114274,116,7,5502,118,19170
2022-12-23,120,0,6,0,57,35,19349,1373,5346,13526,70,114382,120,6,5502,118,19176
2022-12-24,89,2,8,0,53,34,19357,1312,5347,13527,74,114465,91,8,5504,118,19184
2022-12-25,90,1,7,0,54,38,19364,1311,5348,13528,77,114548,91,7,5505,118,19191
2022-12-26,112,3,10,0,59,39,19374,1377,5351,13529,79,114658,115,10,5508,118,19201
2022-12-27,137,7,10,0,63,38,19384,1475,5351,13532,85,114790,144,10,5515,118,19211
2022-12-28,126,2,15,0,70,41,19399,1490,5351,13538,87,114908,128,15,5517,118,19226
2022-12-29,134,3,5,0,68,41,19404,1472,5353,13544,91,115038,137,5,5520,118,19231
2022-12-30,125,3,10,0,65,41,19414,1454,5353,13552,92,115160,128,10,5523,118,19241
2022-12-31,84,1,6,0,62,39,19420,1382,5356,13556,92,115231,85,6,5524,118,19247
2023-01-01,103,3,8,0,63,40,19428,1396,5357,13559,93,115331,106,8,5527,118,19255
2023-01-02,132,1,8,0,66,43,19436,1473,5358,13564,92,115446,133,8,5528,118,19263
2023-01-03,112,0,6,0,67,43,19442,1473,5361,13568,95,115545,112,6,5528,118,19269
2023-01-04,96,1,9,0,66,42,19451,1426,5365,13573,95,115636,97,9,5529,118,19278
2023-01-05,97,2,13,0,70,42,19464,1399,5369,13578,92,115724,99,13,5531,118,19291
2023-01-06,91,2,12,1,76,45,19477,1345,5373,13585,96,115808,93,13,5533,119,19303
2023-01-07,73,1,2,0,63,43,19479,1271,5376,13587,95,115875,74,2,5534,119,19305
2023-01-08,84,3,8,0,67,44,19487,1306,5379,13590,97,115956,87,8,5537,119,19313
2023-01-09,111,0,4,0,64,43,19491,1368,5382,13598,96,116051,111,4,5537,119,19317
2023-01-10,80,1,5,0,58,41,19496,1335,5385,13606,88,116119,81,5,5538,119,19322
2023-01-11,75,1,4,0,58,40,19500,1272,5386,13610,92,116184,76,4,5539,119,19326
2023-01-12,78,2,6,0,55,39,19506,1248,5387,13611,94,116252,80,6,5541,119,19332
2023-01-13,60,0,7,0,58,39,19513,1193,5387,13616,94,116306,60,7,5541,119,19339
2023-01-14,50,0,4,0,57,40,19517,1134,5389,13617,98,116345,50,4,5541,119,19343
2023-01-15,51,2,1,0,51,37,19518,1132,5389,13617,101,116394,53,1,5543,119,19344
2023-01-16,78,2,5,0,53,37,19523,1171,5390,13622,100,116460,80,5,5545,119,19349
2023-01-17,61,2,6,1,55,36,19530,1137,5393,13629,98,116517,63,7,5547,120,19355
2023-01-18,59,2,3,0,50,35,19533,1111,5394,13634,97,116572,61,3,5549,120,19358
2023-01-19,56,4,2,0,47,32,19535,1085,5395,13644,93,116626,60,2,5553,120,19360
2023-01-20,50,0,3,0,43,30,19538,1047,5396,13649,91,116671,50,3,5553,120,19363
2023-01-21,38,0,0,0,39,29,19538,989,5398,13649,94,116708,38,0,5553,120,19363
2023-01-22,37,1,1,0,35,28,19539,998,5399,13649,94,116741,38,1,5554,120,19364
2023-01-23,63,0,7,0,41,34,19546,1036,5400,13654,92,116794,63,7,5554,120,19371
2023-01-24,38,1,3,0,40,33,19549,989,5401,13657,93,116825,39,3,5555,120,19374
2023-01-25,41,0,2,1,36,29,19552,949,5402,13663,94,116861,41,3,5555,121,19376
2023-01-26,44,2,2,0,30,25,19554,952,5402,13666,96,116904,46,2,5557,121,19378
2023-01-27,56,2,3,0,29,23,19557,944,5402,13668,95,116953,58,3,5559,121,19381
2023-01-28,28,1,2,0,30,25,19559,898,5403,13669,96,116981,29,2,5560,121,19383
2023-01-29,41,0,3,1,31,27,19563,911,5403,13669,97,117019,41,4,5560,122,19386
2023-01-30,75,2,3,0,33,27,19566,969,5404,13672,99,117086,77,3,5562,122,19389
2023-01-31,47,2,4,1,32,25,19571,957,5404,13674,99,117131,49,5,5564,123,19393
2023-02-01,55,7,1,0,31,25,19572,958,5406,13676,101,117189,62,1,5571,123,19394
2023-02-02,47,1,3,0,28,24,19575,945,5406,13678,102,117233,48,3,5572,123,19397
2023-02-03,53,0,4,0,29,24,19579,940,5406,13681,101,117279,53,4,5572,123,19401
2023-02-04,40,1,2,0,29,25,19581,921,5407,13681,103,117318,41,2,5573,123,19403
2023-02-05,43,0,2,0,28,24,19583,940,5409,13682,103,117357,43,2,5573,123,19405
2023-02-06,62,3,6,0,31,26,19589,990,5411,13685,102,117416,65,6,5576,123,19411
2023-02-07,53,0,4,0,31,24,19593,981,5411,13688,100,117465,53,4,5576,123,19415
2023-02-08,55,1,6,0,36,26,19599,970,5412,13694,95,117520,56,6,5577,123,19421
2023-02-09,61,2,4,0,38,28,19603,983,5412,13699,97,117580,63,4,5579,123,19425
2023-02-10,64,2,2,0,33,25,19605,993,5412,13705,94,117638,66,2,5581,123,19427
2023-02-11,57,1,1,0,30,21,19606,976,5413,13706,94,117694,58,1,5582,123,19428
2023-02-12,51,0,0,0,28,21,19606,993,5415,13707,94,117738,51,0,5582,123,19428
2023-02-13,84,2,2,0,27,22,19608,1052,5415,13709,92,117813,86,2,5584,123,19430
2023-02-14,57,1,2,0,29,24,19610,1030,5416,13712,90,117863,58,2,5585,123,19432
2023-02-15,63,1,9,0,35,28,19619,1022,5417,13713,90,117916,64,9,5586,123,19441
2023-02-16,69,1,4,0,37,29,19623,1028,5419,13717,86,117979,70,4,5587,123,19445
2023-02-17,72,3,1,0,35,27,19624,1029,5419,13720,86,118046,75,1,5590,123,19446
2023-02-18,57,2,2,0,34,26,19626,1007,5421,13720,89,118103,59,2,5592,123,19448
2023-02-19,63,2,6,1,36,26,19633,1034,5421,13720,90,118161,65,7,5594,124,19454
2023-02-20,85,4,8,0,44,28,19641,1096,5423,13721,93,118243,89,8,5598,124,19462
2023-02-21,58,3,8,0,46,29,19649,1069,5426,13725,96,118295,61,8,5601,124,19470
2023-02-22,57,1,8,1,45,33,19658,1054,5427,13732,92,118345,58,9,5602,125,19478
2023-02-23,39,2,1,0,42,32,19659,1042,5429,13733,97,118381,41,1,5604,125,19479
2023-02-24,3,0,1,0,34,27,19660,1005,5429,13733,97,118384,3,1,5604,125,19480
