{
  "title": {
    "NL": "De situatie in Nederland",
    "EN": "The situation in the Netherlands"
  },
  "version": "20220928_1137",
  "dynamicDescription": [
    {
      "index": 1,
      "content": {
        "NL": "Deze pagina is een samenvatting van 19 t/m 25 september. De meest actuele cijfers vindt u op **[landelijk](https://coronadashboard.rijksoverheid.nl/landelijk/vaccinaties)**.",
        "EN": "This page shows a summary of 19 till 25 September. For the most up-to-date figures, go to **[national](https://coronadashboard.government.nl/landelijk/vaccinaties)**."
      }
    },   
{
      "index": 2,
      "content": {
        "NL": "Het RIVM geeft aan dat de huidige stand van de coronathermometer 1. Laag is. Dit betekent dat de impact op de samenleving en de zorg door de ziektelast van het virus laag is. Lees meer over de **[coronathermometer](https://coronadashboard.rijksoverheid.nl/artikelen/coronathermometer)**.",
        "EN": "RIVM indicates that the current status of the coronavirus thermometer is 1. Low. This means that the impact on society and the healthcare sector caused by the disease burden of the virus is low. Please visit the page about the **[coronavirus thermometer](https://coronadashboard.government.nl/artikelen/coronavirus-thermometer)** for more information."
      }},
    {
      "index": 3,
      "content": {
        "NL": "Deze pagina is in ontwikkeling, tips en opmerkingen zijn **[welkom](mailto:dienstpostbuscoronadashboard@minvws.nl \"verstuur een email naar het Corona Dashboard\")**.",
        "EN": "This page is under construction. We welcome your **[suggestions](mailto:dienstpostbuscoronadashboard@minvws.nl \"send email to Corona Dashboard\")**."
      }
    
    }
  ],
  "themes": [
    {
      "index": 1,
      "title": {
        "NL": "Ontwikkeling van het virus",
        "EN": "Development of the virus"
      },
      "icon": "Eye",
      "dynamicSubtitle": { 
        "NL": "Ook deze week (38, 19–25 september) is de verspreiding van het virus verder gestegen ten opzichte van de vorige week (37, 12–18 september).",
        "EN": "The spread of the virus increased last week (38, 19–25 September) compared to the week before (37, 12-18 September)."
      },
      "themeTiles": [
        {
          "index": 1,
          "title": {
            "NL": "Positieve testen",
            "EN": "Positive tests"
          },
          "trendIcon": {
            "direction": "UP",
            "color": "RED"
          },
          "tileIcon": "GgdTesten",
          "dynamicDescription": {
            "NL": "Het aantal aan de GGD gemelde personen met een positieve coronatestuitslag steeg sterk **(+39%)**. Het aantal bij de GGD geteste personen steeg ook sterk **(+27%)**.",
            "EN": "The number of people with a positive corona test result reported to the GGD increased firmly **(+39%)**. The number of people tested at the GGD increased firmly as well **(+27%)**."
          },
          "cta": {
            "label": {
              "NL": "Lees meer",
              "EN": "Read more"
            },
            "href": {
              "NL": "https://coronadashboard.rijksoverheid.nl/landelijk/positief-geteste-mensen",
              "EN": "https://coronadashboard.government.nl/landelijk/positief-geteste-mensen"
            }
          }
        },
        {
          "index": 2,
          "title": {
            "NL": "Rioolwater",
            "EN": "Wastewater analysis"
          },
          "trendIcon": {
            "direction": "UP",
            "color": "RED"
          },
          "tileIcon": "Rioolvirus",
          "dynamicDescription": {
            "NL": "Het landelijke gemiddelde aantal virusdeeltjes steeg licht met **6,3%**.",
            "EN": "The national average of virus particles increased lightly with **6.3%**."
          },
          "cta": {
            "label": {
              "NL": "Lees meer",
              "EN": "Read more"
            },
            "href": {
              "NL": "https://coronadashboard.rijksoverheid.nl/landelijk/rioolwater",
              "EN": "https://coronadashboard.government.nl/landelijk/rioolwater"
            }
          }
        },
        {
          "index": 3,
          "title": {
            "NL": "Virusvarianten",
            "EN": "Virus variants"
          },
          "trendIcon": null,
          "tileIcon": "Varianten",
          "dynamicDescription": {
            "NL": "Er is een toename van de BA.4.6 en  BA2.75 omikronvariant. Een van deze varianten wordt mogelijk later dit jaar dominant. BA2.75 lijkt niet meer ziekmakend dan de overige omikronvarianten. Het zou ook kunnen dat meerdere varianten, inclusief BA.2.75 en BA.4.6 naast elkaar blijven rondgaan.",
            "EN": "There is an increase in the BA4.6 and BA2.75 omicron variant. One of this variants may become dominant later this year. BA2.75 does not appear to be any more sickening than the other omicron varieties. It is also possible that multiple variants, including BA.2.75 and BA.4.6, continue to circulate side by side."
          },
          "cta": {
            "label": {
              "NL": "Lees meer",
              "EN": "Read more"
            },
            "href": {
              "NL": "https://coronadashboard.rijksoverheid.nl/landelijk/varianten",
              "EN": "https://coronadashboard.government.nl/landelijk/varianten"
            }
          }
        }
      ],
      "moreLinks": {
        "label": {
          "MOBILE": {
            "NL": "Meer over 'Ontwikkeling van het virus'",
            "EN": "More on 'Development of the virus'"
          },
          "DESKTOP": {
            "NL": "Meer onderwerpen:",
            "EN": "More topics:"
          }
        },
        "links": [
          {
            "index": 1,
            "label": {
              "NL": "Reproductiegetal",
              "EN": "Reproduction number"
            },
            "href": {
              "NL": "https://coronadashboard.rijksoverheid.nl/landelijk/reproductiegetal",
              "EN": "https://coronadashboard.government.nl/landelijk/reproductiegetal"
            }
          },
          {
            "index": 2,
            "label": {
              "NL": "Sterfte",
              "EN": "Deaths"
            },
            "href": {
              "NL": "https://coronadashboard.rijksoverheid.nl/landelijk/sterfte",
              "EN": "https://coronadashboard.government.nl/landelijk/sterfte"
            }
          }
        ]
      }
    },
    {
      "index": 2,
      "title": {
        "NL": "Gevolgen voor de zorg",
        "EN": "Impact on healthcare sector"
      },
      "icon": "MedischeScreening",
      "dynamicSubtitle": {
        "NL": "**Voorbij het omslagpunt** - Begin september stopte de daling van het aantal nieuw opgenomen COVID-patiënten. Sinds dat omslagpunt stijgen de instroom-cijfers. Daardoor kan het de komende tijd drukker worden in de ziekenhuizen en in de rest van de zorgketen.",
        "EN": "**Beyond the tipping point** - In early September, the decline in the number of newly admitted COVID patients stopped. Since that turning point, the intake figures have been rising. As a result, it may become busier in the hospitals and in the rest of the healthcare chain in the near future."
      },
      "themeTiles": [
        {
          "index": 1,
          "title": {
            "NL": "Ziekenhuisopnames",
            "EN": "Hospital admissions"
          },
          "trendIcon": {
            "direction": "UP",
            "color": "RED"
          },
          "tileIcon": "Ziekenhuis",
          "dynamicDescription": {
            "NL": "Het aantal nieuwe ziekenhuisopnames van patiënten met COVID is sterk gestegen **(+34%)**",
            "EN": "The number of new hospitalizations of patients with Covid rose firmly **(+34%)**."
          },
          "cta": {
            "label": {
              "NL": "Lees meer",
              "EN": "Read more"
            },
            "href": {
              "NL": "https://coronadashboard.rijksoverheid.nl/landelijk/ziekenhuis-opnames",
              "EN": "https://coronadashboard.government.nl/landelijk/ziekenhuis-opnames"
            }
          }
        },
        {
          "index": 2,
          "title": {
            "NL": "Bezetting IC",
            "EN": "Occupation intensive care"
          },
          "trendIcon": null,
          "tileIcon": "IntensiveCareOpnames",
          "dynamicDescription": {
            "NL": "De COVID-bezetting op de IC is relatief stabiel. De instroom is gelijk gebleven. Het weekgemiddelde is 27 COVID-patiënten. Dit is **4,5%** van de totale IC-bezetting. Dat is even veel als vorige week.",
            "EN": "The occupation in the ICU is relatively steady. The influx of patients remained the same. There is an average of 27 COVID patients per week in the ICU. That is **4.5%** of all ICU patients. That’s the same as last week."
          },
          "cta": {
            "label": {
              "NL": "Lees meer",
              "EN": "Read more"
            },
            "href": {
              "NL": "https://coronadashboard.rijksoverheid.nl/landelijk/intensive-care-opnames",
              "EN": "https://coronadashboard.government.nl/landelijk/intensive-care-opnames"
            }
          }
        },
        {
          "index": 3,
          "title": {
            "NL": "Druk op de zorg",
            "EN": "Pressure on healthcare sector"
          },
          "trendIcon": null,
          "tileIcon": "Arts",
          "dynamicDescription": {
            "NL": "Het verzuim onder het ziekenhuispersoneel is stabiel **(7,3%)**. Het verzuimpercentage zit echter nog steeds op een hoger niveau dan dezelfde periode vorig jaar.",
            "EN": "Absenteeism among hospital staff remains stable **(7.3%)**. This is however still higher compared to the same period last year."
          },
          "cta": null
        }
      ],
      "moreLinks": {
        "label": {
          "MOBILE": {
            "NL": "Meer over 'Gevolgen voor de zorg':",
            "EN": "More on 'Impact on the healthcare sector':"
          },
          "DESKTOP": {
            "NL": "Meer onderwerpen:",
            "EN": "More topics:"
          }
        },
        "links": [
          {
            "index": 1,
            "label": {
              "NL": "Verpleeghuiszorg",
              "EN": "Nursing homes"
            },
            "href": {
              "NL": "https://coronadashboard.rijksoverheid.nl/landelijk/verpleeghuiszorg",
              "EN": "https://coronadashboard.government.nl/landelijk/verpleeghuiszorg"
            }
          },
          {
            "index": 2,
            "label": {
              "NL": "Gehandicaptenzorg",
              "EN": "Disability care"
            },
            "href": {
              "NL": "https://coronadashboard.rijksoverheid.nl/landelijk/gehandicaptenzorg",
              "EN": "https://coronadashboard.government.nl/landelijk/gehandicaptenzorg"
            }
          }
        ]
      }
    }
  ],
  "measures": {
    "icon": "Maatregelen",
    "title": {
      "NL": "Wat kunt u zelf doen om besmettingen te voorkomen?",
      "EN": "What can I do to prevent COVID from spreading?"
    },
    "dynamicSubtitle": {
      "NL": "Overzicht van adviezen om jezelf en anderen te beschermen.",
      "EN": "Advice to protect yourself and others."
    },
    "measureTiles": [
      {
        "index": 1,
        "icon": "BasisregelsHandenwassen",
        "title": {
          "NL": "Was uw handen vaak. Schud geen handen.",
          "EN": "Wash your hands often. Don't shake hands."
        }
      },
      {
        "index": 2,
        "icon": "BasisregelsTesten",
        "title": {
          "NL": "Klachten? Blijf thuis en doe een (zelf)test.",
          "EN": "If you have COVID-19 symptoms, stay at home and do a test."
        }
      },
      {
        "index": 3,
        "icon": "FrisseLucht",
        "title": {
          "NL": "Zorg voor voldoende frisse lucht.",
          "EN": "Ensure a good flow of fresh air indoors."
        }
      },
      {
        "index": 4,
        "icon": "Vaccinaties",
        "title": {
          "NL": "Haal een vaccin, boosterprik of herhaalprik.",
          "EN": "Stay up to date with your COVID-19 vaccinations."
        }
      },
      {
        "index": 5,
        "icon": "BasisregelsElleboog",
        "title": {
          "NL": "Hoest en nies in uw elleboog.",
          "EN": "Cough and sneeze into your elbow."
        }
      }
    ]
  }
}