{
  "title": {
    "NL": "De situatie in Nederland",
    "EN": "The situation in the Netherlands"
  },
  "version": "20221018_1745",
  "dynamicDescription": [
    {
      "index": 1,
      "content": {
        "NL": "Deze pagina is een samenvatting van 10 oktober t/m 16 oktober. De meest actuele cijfers vindt u op **[landelijk](/landelijk/vaccinaties)**.",
        "EN": "This page shows a summary of 10 October till 16 October. For the most up-to-date figures, go to **[national](/landelijk/vaccinaties)**."
      }
    },
       {
      "index": 2,
      "content": {
        "NL": "Deze pagina is in ontwikkeling, tips en opmerkingen zijn **[welkom](mailto:dienstpostbuscoronadashboard@minvws.nl \"verstuur een email naar het Corona Dashboard\")**.",
        "EN": "This page is under construction. We welcome your **[suggestions](mailto:dienstpostbuscoronadashboard@minvws.nl \"send email to Corona Dashboard\")**."
      }
    }
  ],
  "themes": [
    {
      "index": 1,	
      "title": {
        "NL": "Ontwikkeling van het virus",
        "EN": "Development of the virus"
      },
      "icon": "Eye",
      "dynamicSubtitle": {
        "NL": "De verspreiding van het virus stijgt minder snel.",
        "EN": "The spread of the virus is increasing less quickly."
      },
      "themeTiles": [
        {
          "index": 1,		
          "title": {
            "NL": "Positieve testen",
            "EN": "Positive tests"
          },
          "trendIcon": null,
	"kpiValue": "-4%",
          "tileIcon": "GgdTesten",
          "dynamicDescription": {
            "NL": "Het aantal aan de GGD gemelde personen met een positieve coronatestuitslag daalde licht **(-4%)**. Het aantal bij de GGD geteste personen daalde ook licht **(-5%)**.",
            "EN": "The number of people with a positive corona test result reported to the GGD decreased slightly **(-4%)**. The number of people tested at the GGD also decreased slightly **(-5%)**."
          },
          "cta": {
            "label": {
              "NL": "Lees meer",
              "EN": "Read more"
            },
            "href": {
              "NL": "/landelijk/positief-geteste-mensen",
              "EN": "/landelijk/positief-geteste-mensen"
            }
          }
        },
        {
          "index": 2,
          "title": {
            "NL": "Rioolwater",
            "EN": "Wastewater analysis"
          },
          "trendIcon": {
            "direction": "UP",
            "color": "RED"
          },
	"kpiValue": "+20%",
          "tileIcon": "Rioolvirus",
          "dynamicDescription": {
            "NL": "Het landelijk gemiddeld aantal virusdeeltjes steeg in week 40 (3-9 oktober) **20%** vergeleken met de week ervoor. In de eerste helft van week 41 (10–12 oktober) daalde het landelijk gemiddelde aantal virusdeeltjes voor nu met 15%.",
            "EN": "The national average number of virus particles rose **20%** in week 40 (October 3-9) compared to the week before. In the first days of week 41 (10–12 October), the national average number of virus particles dropped by 15% for now."
          },
          "cta": {
            "label": {
              "NL": "Lees meer",
              "EN": "Read more"
            },
            "href": {
              "NL": "/landelijk/rioolwater",
              "EN": "/landelijk/rioolwater"
            }
          }
        },
        {
          "index": 3,
          "title": {
            "NL": "Virusvarianten",
            "EN": "Virus variants"
          },
          "trendIcon": null,
	"kpiValue": null,
          "tileIcon": "Varianten",
          "dynamicDescription": {
            "NL": "BA.5 is sinds juni de dominante variant in Nederland. Inmiddels zijn van zowel BA.2, BA.4 als BA.5 verschillende subvarianten bekend, bijvoorbeeld BA.2.75, BA4.6, en BQ1.1. Deze subvarianten lijken door kleine specifieke veranderingen in het spike eiwit de opgebouwde afweer tegen COVID (door vaccinatie of een infectie) makkelijker te kunnen omzeilen.",
            "EN": "BA.5 has been the dominant variant in the Netherlands since June. Various sub-variants of BA.2, BA.4 and BA.5 are now known, for example BA.2.75, BA4.6, and BQ1.1. Due to small specific changes in the spike protein, these subvariants seem to be able to circumvent the built up defense against COVID (by vaccination or an infection) more easily."
          },
          "cta": {
            "label": {
              "NL": "Lees meer",
              "EN": "Read more"
            },
            "href": {
              "NL": "/landelijk/varianten",
              "EN": "/landelijk/varianten"
            }
          }
        }
      ],
      "moreLinks": {
        "label": {
          "MOBILE": {
            "NL": "Meer over 'Ontwikkeling van het virus'",
            "EN": "More on 'Development of the virus'"
          },
          "DESKTOP": {
            "NL": "Meer onderwerpen:",
            "EN": "More topics:"
          }
        },
        "links": [
          {
            "index": 1,
            "label": {
              "NL": "Reproductiegetal",
              "EN": "Reproduction number"
            },
            "href": {
              "NL": "/landelijk/reproductiegetal",
              "EN": "/landelijk/reproductiegetal"
            }
          },
          {
            "index": 2,
            "label": {
              "NL": "Sterfte",
              "EN": "Deaths"
            },
            "href": {
              "NL": "/landelijk/sterfte",
              "EN": "/landelijk/sterfte"
            }
          }
        ]
      }
    },
    {
      "index": 2,
      "title": {
        "NL": "Gevolgen voor de zorg",
        "EN": "Impact on healthcare sector"
      },
      "icon": "MedischeScreening",
      "dynamicSubtitle": {
        "NL": "Het aantal COVID-patiënten dat in het ziekenhuis wordt opgenomen neemt niet toe.",
        "EN": "The number of COVID patients admitted to hospital is not increasing."
      },
      "themeTiles": [
        {
          "index": 1,
          "title": {
            "NL": "Ziekenhuisopnames",
            "EN": "Hospital admissions"
          },
          "trendIcon": null,
	"kpiValue": "-2%",
          "tileIcon": "Ziekenhuis",
          "dynamicDescription": {
            "NL": "Het aantal nieuwe ziekenhuisopnames van patiënten met COVID bleef stabiel **(-2%)** vergeleken met de week ervoor. ",
            "EN": "The number of new hospital admissions of patients with COVID remained stable **(-2%)** compared to the previous week."
          },
          "cta": {
            "label": {
              "NL": "Lees meer",
              "EN": "Read more"
            },
            "href": {
              "NL": "/landelijk/ziekenhuis-opnames",
              "EN": "/landelijk/ziekenhuis-opnames"
            }
          }
        },
        {
          "index": 2,
          "title": {
            "NL": "Bezetting IC",
            "EN": "Occupation intensive care"
          },
          "trendIcon": null,
	"kpiValue": "4,5%",
          "tileIcon": "IntensiveCareOpnames",
          "dynamicDescription": {
            "NL": "Het percentage IC-bedden met COVID-patiënten bedraagt 4,5% van de totale IC-capaciteit. Het percentage IC-bedden met COVID-patiënten is 6,8% van het totaal aantal bezette IC-bedden.",
            "EN": "The percentage of ICU beds with COVID patients is 4.5% of the total ICU capacity. The percentage of ICU beds with COVID patients is 6.8% of the total number of occupied ICU beds."
          },
          "cta": {
            "label": {
              "NL": "Lees meer",
              "EN": "Read more"
            },
            "href": {
              "NL": "/landelijk/intensive-care-opnames",
              "EN": "/landelijk/intensive-care-opnames"
            }
          }
        },
        {
          "index": 3,
          "title": {
            "NL": "Druk op de zorg",
            "EN": "Pressure on healthcare sector"
          },
          "trendIcon": null,
	"kpiValue": "7,8%",
          "tileIcon": "Arts",
          "dynamicDescription": {
            "NL": "Het verzuimpercentage van personeel op de IC en in ziekenhuizen is afgelopen week stabiel gebleven rond **7,8%**.",
            "EN": "The absenteeism rate of ICU and hospital staff remained stable at around **7.8%** last week."
          },
          "cta": null
        }
      ],
      "moreLinks": {
        "label": {
          "MOBILE": {
            "NL": "Meer over 'Gevolgen voor de zorg':",
            "EN": "More on 'Impact on the healthcare sector':"
          },
          "DESKTOP": {
            "NL": "Meer onderwerpen:",
            "EN": "More topics:"
          }
        },
        "links": [
          {
            "index": 1,
            "label": {
              "NL": "Verpleeghuiszorg",
              "EN": "Nursing homes"
            },
            "href": {
              "NL": "/landelijk/verpleeghuiszorg",
              "EN": "/landelijk/verpleeghuiszorg"
            }
          },
          {
            "index": 2,
            "label": {
              "NL": "Gehandicaptenzorg",
              "EN": "Disability care"
            },
            "href": {
              "NL": "/landelijk/gehandicaptenzorg",
              "EN": "/landelijk/gehandicaptenzorg"
            }
          }
        ]
      }
    }
  ],
  "measures": {
    "icon": "Maatregelen",
    "title": {
      "NL": "Wat kunt u zelf doen om besmettingen te voorkomen?",
      "EN": "What can I do to prevent COVID from spreading?"
    },
    "dynamicSubtitle": {
      "NL": "Overzicht van adviezen om jezelf en anderen te beschermen.",
      "EN": "Advice to protect yourself and others."
    },
    "measureTiles": [
      {
        "index": 1,
        "icon": "BasisregelsHandenwassen",
        "title": {
          "NL": "Was uw handen vaak. Schud geen handen.",
          "EN": "Wash your hands often. Don't shake hands."
        }
      },
      {
        "index": 2,
        "icon": "BasisregelsTesten",
        "title": {
          "NL": "Klachten? Blijf thuis en doe een (zelf)test.",
          "EN": "If you have COVID-19 symptoms, stay at home and do a test."
        }
      },
      {
        "index": 3,
        "icon": "FrisseLucht",
        "title": {
          "NL": "Zorg voor voldoende frisse lucht.",
          "EN": "Ensure a good flow of fresh air indoors."
        }
      },
      {
        "index": 4,
        "icon": "Vaccinaties",
        "title": {
          "NL": "Haal een vaccin, boosterprik of herhaalprik.",
          "EN": "Stay up to date with your COVID-19 vaccinations."
        }
      },
      {
        "index": 5,
        "icon": "BasisregelsElleboog",
        "title": {
          "NL": "Hoest en nies in uw elleboog.",
          "EN": "Cough and sneeze into your elbow."
        }
      }
    ]
  }
}