{
  "title": {
    "NL": "De situatie in Nederland",
    "EN": "The situation in the Netherlands"
  },
  "version": "20221013_1400",
  "dynamicDescription": [
    {
      "index": 1,
      "content": {
        "NL": "Deze pagina is een samenvatting van 3 oktober t/m 9 oktober. De meest actuele cijfers vindt u op **[landelijk](/landelijk/vaccinaties)**.",
        "EN": "This page shows a summary of 3 October till 9 October. For the most up-to-date figures, go to **[national](/landelijk/vaccinaties)**."
      }
    },
       {
      "index": 2,
      "content": {
        "NL": "Deze pagina is in ontwikkeling, tips en opmerkingen zijn **[welkom](mailto:dienstpostbuscoronadashboard@minvws.nl \"verstuur een email naar het Corona Dashboard\")**.",
        "EN": "This page is under construction. We welcome your **[suggestions](mailto:dienstpostbuscoronadashboard@minvws.nl \"send email to Corona Dashboard\")**."
      }
    }
  ],
  "themes": [
    {
      "index": 1,	
      "title": {
        "NL": "Ontwikkeling van het virus",
        "EN": "Development of the virus"
      },
      "icon": "Eye",
      "dynamicSubtitle": {
        "NL": "De verspreiding van het virus zet zich verder door. We zitten in de najaarsgolf.",
        "EN": "The spread of the virus continues. The fall wave has begun."
      },
      "themeTiles": [
        {
          "index": 1,		
          "title": {
            "NL": "Positieve testen",
            "EN": "Positive tests"
          },
          "trendIcon": {
            "direction": "UP",
            "color": "RED"
          },
	"kpiValue": "+24%",
          "tileIcon": "GgdTesten",
          "dynamicDescription": {
            "NL": "Het aantal aan de GGD gemelde personen met een positieve coronatestuitslag steeg **(+24%)**. Het aantal bij de GGD geteste personen steeg ook **(+31%)**.",
            "EN": "The number of people with a positive corona test result reported to the GGD increased **(+24%)**. The number of people tested at the GGD increased as well **(+31%)**."
          },
          "cta": {
            "label": {
              "NL": "Lees meer",
              "EN": "Read more"
            },
            "href": {
              "NL": "/landelijk/positief-geteste-mensen",
              "EN": "/landelijk/positief-geteste-mensen"
            }
          }
        },
        {
          "index": 2,
          "title": {
            "NL": "Rioolwater",
            "EN": "Wastewater analysis"
          },
          "trendIcon": {
            "direction": "UP",
            "color": "RED"
          },
	"kpiValue": "+75%",
          "tileIcon": "Rioolvirus",
          "dynamicDescription": {
            "NL": "Het landelijk gemiddelde aantal virusdeeltjes steeg in week 39 (26 september - 2 oktober) flink met **75%** vergeleken met de week ervoor.",
            "EN": "The national average of virus particles increased firmly in week 39 (26 September - 2 October) **75%** compared to the week before."
          },
          "cta": {
            "label": {
              "NL": "Lees meer",
              "EN": "Read more"
            },
            "href": {
              "NL": "/landelijk/rioolwater",
              "EN": "/landelijk/rioolwater"
            }
          }
        },
        {
          "index": 3,
          "title": {
            "NL": "Virusvarianten",
            "EN": "Virus variants"
          },
          "trendIcon": null,
	"kpiValue": null,
          "tileIcon": "Varianten",
          "dynamicDescription": {
            "NL": "BA.5 is sinds juni de dominante variant in Nederland. Er is een toename van de BA.4.6 en BA2.75 omikronvariant. Het is nog te vroeg om te kunnen inschatten of de nieuwe subvarianten zullen leiden tot een verdere toename in het aantal corona-infecties. Dit staat los van de verwachte toename door het seizoenseffect.",
            "EN": "BA.5 has been the dominant variant in the Netherlands since June. There is an increase in the BA.4.6 and BA2.75 omicron variant. It is still too early to estimate whether the new sub-variants will lead to a further increase in the number of corona infections, regardless of the expected increase due to the seasonal effect."
          },
          "cta": {
            "label": {
              "NL": "Lees meer",
              "EN": "Read more"
            },
            "href": {
              "NL": "/landelijk/varianten",
              "EN": "/landelijk/varianten"
            }
          }
        }
      ],
      "moreLinks": {
        "label": {
          "MOBILE": {
            "NL": "Meer over 'Ontwikkeling van het virus'",
            "EN": "More on 'Development of the virus'"
          },
          "DESKTOP": {
            "NL": "Meer onderwerpen:",
            "EN": "More topics:"
          }
        },
        "links": [
          {
            "index": 1,
            "label": {
              "NL": "Reproductiegetal",
              "EN": "Reproduction number"
            },
            "href": {
              "NL": "/landelijk/reproductiegetal",
              "EN": "/landelijk/reproductiegetal"
            }
          },
          {
            "index": 2,
            "label": {
              "NL": "Sterfte",
              "EN": "Deaths"
            },
            "href": {
              "NL": "/landelijk/sterfte",
              "EN": "/landelijk/sterfte"
            }
          }
        ]
      }
    },
    {
      "index": 2,
      "title": {
        "NL": "Gevolgen voor de zorg",
        "EN": "Impact on healthcare sector"
      },
      "icon": "MedischeScreening",
      "dynamicSubtitle": {
        "NL": "Het aantal COVID-patiënten dat in het ziekenhuis wordt opgenomen blijft stijgen. Het aantal bezette bedden op de verpleegafdeling is op dit moment zo goed als gelijk aan het niveau van de piek van de zomergolf.",
        "EN": "The number of COVID patients admitted to hospital is still increasing. The number of occupied beds in the nursing ward is currently almost equal to the peak level of the summer wave."
      },
      "themeTiles": [
        {
          "index": 1,
          "title": {
            "NL": "Ziekenhuisopnames",
            "EN": "Hospital admissions"
          },
          "trendIcon": {
            "direction": "UP",
            "color": "RED"
          },
	"kpiValue": "+24%",
          "tileIcon": "Ziekenhuis",
          "dynamicDescription": {
            "NL": "Het aantal nieuwe ziekenhuisopnames van patiënten met COVID is weer gestegen **(+24%)** vergeleken met de week ervoor.",
            "EN": "The number of COVID patients admitted to hospital increased compared to the week before **(+24%)**."
          },
          "cta": {
            "label": {
              "NL": "Lees meer",
              "EN": "Read more"
            },
            "href": {
              "NL": "/landelijk/ziekenhuis-opnames",
              "EN": "/landelijk/ziekenhuis-opnames"
            }
          }
        },
        {
          "index": 2,
          "title": {
            "NL": "Bezetting IC",
            "EN": "Occupation intensive care"
          },
          "trendIcon": null,
	"kpiValue": "4,7%",
          "tileIcon": "IntensiveCareOpnames",
          "dynamicDescription": {
            "NL": "Het percentage IC-bedden met COVID-patiënten bedraagt 4,7% van de totale IC-capaciteit. Het aantal COVID-patiënten op de IC was de afgelopen weken relatief stabiel. Sinds deze week zien we het aantal nieuwe opnames licht stijgen (+8%).",
            "EN": "The percentage of ICU beds with COVID patients is 4.7% of the total ICU capacity. The number of COVID patients in the ICU has been relatively stable in recent weeks. Since this week, we have seen a slight increase in the number of new admissions (+8%)."
          },
          "cta": {
            "label": {
              "NL": "Lees meer",
              "EN": "Read more"
            },
            "href": {
              "NL": "/landelijk/intensive-care-opnames",
              "EN": "/landelijk/intensive-care-opnames"
            }
          }
        },
        {
          "index": 3,
          "title": {
            "NL": "Druk op de zorg",
            "EN": "Pressure on healthcare sector"
          },
          "trendIcon": {
            "direction": "UP",
            "color": "RED"
          },
	"kpiValue": "8,1%",
          "tileIcon": "Arts",
          "dynamicDescription": {
            "NL": "Het verzuimpercentage van ziekenhuispersoneel op de IC en kliniek is afgelopen week gestegen van 7,5% naar **8,1%**.",
            "EN": "The absenteeism rate of hospital staff in the ICU and hospital rose from 7.5% to **8.1%** last week."
          },
          "cta": null
        }
      ],
      "moreLinks": {
        "label": {
          "MOBILE": {
            "NL": "Meer over 'Gevolgen voor de zorg':",
            "EN": "More on 'Impact on the healthcare sector':"
          },
          "DESKTOP": {
            "NL": "Meer onderwerpen:",
            "EN": "More topics:"
          }
        },
        "links": [
          {
            "index": 1,
            "label": {
              "NL": "Verpleeghuiszorg",
              "EN": "Nursing homes"
            },
            "href": {
              "NL": "/landelijk/verpleeghuiszorg",
              "EN": "/landelijk/verpleeghuiszorg"
            }
          },
          {
            "index": 2,
            "label": {
              "NL": "Gehandicaptenzorg",
              "EN": "Disability care"
            },
            "href": {
              "NL": "/landelijk/gehandicaptenzorg",
              "EN": "/landelijk/gehandicaptenzorg"
            }
          }
        ]
      }
    }
  ],
  "measures": {
    "icon": "Maatregelen",
    "title": {
      "NL": "Wat kunt u zelf doen om besmettingen te voorkomen?",
      "EN": "What can I do to prevent COVID from spreading?"
    },
    "dynamicSubtitle": {
      "NL": "Overzicht van adviezen om jezelf en anderen te beschermen.",
      "EN": "Advice to protect yourself and others."
    },
    "measureTiles": [
      {
        "index": 1,
        "icon": "BasisregelsHandenwassen",
        "title": {
          "NL": "Was uw handen vaak. Schud geen handen.",
          "EN": "Wash your hands often. Don't shake hands."
        }
      },
      {
        "index": 2,
        "icon": "BasisregelsTesten",
        "title": {
          "NL": "Klachten? Blijf thuis en doe een (zelf)test.",
          "EN": "If you have COVID-19 symptoms, stay at home and do a test."
        }
      },
      {
        "index": 3,
        "icon": "FrisseLucht",
        "title": {
          "NL": "Zorg voor voldoende frisse lucht.",
          "EN": "Ensure a good flow of fresh air indoors."
        }
      },
      {
        "index": 4,
        "icon": "Vaccinaties",
        "title": {
          "NL": "Haal een vaccin, boosterprik of herhaalprik.",
          "EN": "Stay up to date with your COVID-19 vaccinations."
        }
      },
      {
        "index": 5,
        "icon": "BasisregelsElleboog",
        "title": {
          "NL": "Hoest en nies in uw elleboog.",
          "EN": "Cough and sneeze into your elbow."
        }
      }
    ]
  }
}