{
  "title": {
    "NL": "De situatie in Nederland",
    "EN": "The situation in the Netherlands"
  },
  "version": "20221025_1700",
  "dynamicDescription": [
    {
      "index": 1,
      "content": {
        "NL": "Deze pagina is een samenvatting van 17 oktober t/m 23 oktober. De meest actuele cijfers vindt u op **[landelijk](/landelijk/vaccinaties)**.",
        "EN": "This page shows a summary of 17 October till 23 October. For the most up-to-date figures, go to **[national](/landelijk/vaccinaties)**."
      }
    },
       {
      "index": 2,
      "content": {
        "NL": "Deze pagina is in ontwikkeling, tips en opmerkingen zijn **[welkom](mailto:dienstpostbuscoronadashboard@minvws.nl \"verstuur een email naar het Corona Dashboard\")**.",
        "EN": "This page is under construction. We welcome your **[suggestions](mailto:dienstpostbuscoronadashboard@minvws.nl \"send email to Corona Dashboard\")**."
      }
    }
  ],
  "themes": [
    {
      "index": 1,	
      "title": {
        "NL": "Ontwikkeling van het virus",
        "EN": "Development of the virus"
      },
      "icon": "Eye",
      "dynamicSubtitle": {
        "NL": "De verspreiding van het virus lijkt onveranderd.",
        "EN": "The spread of the virus seems unchanged."
      },
      "themeTiles": [
        {
          "index": 1,		
          "title": {
            "NL": "Positieve testen",
            "EN": "Positive tests"
          },
	"trendIcon": {
            "direction": "DOWN",
            "color": "GREEN"
          },
	"kpiValue": "-22%",
          "tileIcon": "GgdTesten",
          "dynamicDescription": {
            "NL": "Het aantal aan de GGD gemelde personen met een positieve coronatestuitslag daalde **(-22%)**. Het aantal bij de GGD geteste personen daalde ook **(-19%)**.",
            "EN": "The number of people with a positive corona test result reported to the GGD decreased **(-22%)**. The number of people tested at the GGD decreased as well **(-19%)**."
          },
          "cta": {
            "label": {
              "NL": "Lees meer",
              "EN": "Read more"
            },
            "href": {
              "NL": "/landelijk/positief-geteste-mensen",
              "EN": "/landelijk/positief-geteste-mensen"
            }
          }
        },
        {
          "index": 2,
          "title": {
            "NL": "Rioolwater",
            "EN": "Wastewater analysis"
          },
          "trendIcon": null,
	"kpiValue": "-8%",
          "tileIcon": "Rioolvirus",
          "dynamicDescription": {
            "NL": "Het landelijk gemiddelde aantal virusdeeltjes daalde in week 41 (10 - 16 oktober) met **8%**, maar in de eerste helft van week 42 (17-19 oktober) steeg het met 7%.",
            "EN": "The national average number of virus particles fell in week 41 (10-16 October) with **8%**, but in the first part of week 42 (17-19 October) it rose with 7%."},
          "cta": {
            "label": {
              "NL": "Lees meer",
              "EN": "Read more"
            },
            "href": {
              "NL": "/landelijk/rioolwater",
              "EN": "/landelijk/rioolwater"
            }
          }
        },
        {
          "index": 3,
          "title": {
            "NL": "Virusvarianten",
            "EN": "Virus variants"
          },
          "trendIcon": null,
	"kpiValue": null,
          "tileIcon": "Varianten",
          "dynamicDescription": {
            "NL": "BA.5 is nog steeds de dominante variant in Nederland. Van omikronvariant BA.2, BA.4 en BA.5 zijn inmiddels verschillende subvarianten bekend. Op korte termijn lijken de subvarianten BQ.1 en BQ.1.1 het sterkst toe te nemen.",
            "EN": "BA.5 is still the dominant variant in the Netherlands. Various subvariants of omikron variant BA.2, BA.4 and BA.5 are now known. On short notice the sub-variants BQ.1 and BQ.1.1 appear to increase the most."
          },
          "cta": {
            "label": {
              "NL": "Lees meer",
              "EN": "Read more"
            },
            "href": {
              "NL": "/landelijk/varianten",
              "EN": "/landelijk/varianten"
            }
          }
        }
      ],
      "moreLinks": {
        "label": {
          "MOBILE": {
            "NL": "Meer over 'Ontwikkeling van het virus'",
            "EN": "More on 'Development of the virus'"
          },
          "DESKTOP": {
            "NL": "Meer onderwerpen:",
            "EN": "More topics:"
          }
        },
        "links": [
          {
            "index": 1,
            "label": {
              "NL": "Reproductiegetal",
              "EN": "Reproduction number"
            },
            "href": {
              "NL": "/landelijk/reproductiegetal",
              "EN": "/landelijk/reproductiegetal"
            }
          },
          {
            "index": 2,
            "label": {
              "NL": "Sterfte",
              "EN": "Deaths"
            },
            "href": {
              "NL": "/landelijk/sterfte",
              "EN": "/landelijk/sterfte"
            }
          }
        ]
      }
    },
    {
      "index": 2,
      "title": {
        "NL": "Gevolgen voor de zorg",
        "EN": "Impact on healthcare sector"
      },
      "icon": "MedischeScreening",
      "dynamicSubtitle": {
        "NL": "Het aantal COVID-patiënten in de ziekenhuizen neemt bijna niet meer toe, en blijft op het niveau van de zomerpiek. In sommige regio’s is de druk op de ziekenhuiszorg erg hoog. Dit komt ook door het hoge ziekteverzuim onder zorgpersoneel.",
        "EN": "The number of COVID patients admitted to hospital is almost stable. The number of occupied beds in the nursing ward is currently almost equal to the peak level of the summer wave. In some regions, the pressure on hospital care is very high. This is also due to the high absenteeism among healthcare staff."
      },
      "themeTiles": [
        {
          "index": 1,
          "title": {
            "NL": "Ziekenhuisopnames",
            "EN": "Hospital admissions"
          },
          "trendIcon": null,
	"kpiValue": "+6%",
          "tileIcon": "Ziekenhuis",
          "dynamicDescription": {
            "NL": "Het aantal nieuwe ziekenhuisopnames van patiënten met COVID is licht gestegen **(+6%)** vergeleken met de week ervoor.",
            "EN": "The number of COVID patients admitted to hospital increased compared to the week before **(+6%)**."
          },
          "cta": {
            "label": {
              "NL": "Lees meer",
              "EN": "Read more"
            },
            "href": {
              "NL": "/landelijk/ziekenhuis-opnames",
              "EN": "/landelijk/ziekenhuis-opnames"
            }
          }
        },
        {
          "index": 2,
          "title": {
            "NL": "Bezetting IC",
            "EN": "Occupation intensive care"
          },
          "trendIcon": null,
	"kpiValue": "5,6%",
          "tileIcon": "IntensiveCareOpnames",
          "dynamicDescription": {
           "NL": "Het percentage IC-bedden met COVID-patiënten bedraagt 5,6% van de totale IC-capaciteit. Het percentage IC-bedden met COVID-patiënten is 7,9% van het totaal aantal bezette IC-bedden. Het aantal IC-patiënten blijft laag en is al een halfjaar stabiel.",
            "EN": "The percentage of ICU beds with COVID patients is 5.6% of the total ICU capacity. The percentage of ICU beds with COVID patients is 7.9% of the total number of occupied ICU beds. The number of ICU patients remains low and has been stable for six months."
          },
          "cta": {
            "label": {
              "NL": "Lees meer",
              "EN": "Read more"
            },
            "href": {
              "NL": "/landelijk/intensive-care-opnames",
              "EN": "/landelijk/intensive-care-opnames"
            }
          }
        },
        {
          "index": 3,
          "title": {
            "NL": "Druk op de zorg",
            "EN": "Pressure on healthcare sector"
          },
          "trendIcon": null,
	"kpiValue": "8,1%",
          "tileIcon": "Arts",
          "dynamicDescription": {
            "NL": "Bij de verpleegafdelingen van de ziekenhuizen en bij de huisartsenposten staat de continuïteit van zorg onder druk. Dit komt onder meer door het uitvallen van personeel. Het ziekteverzuim onder het zorgpersoneel op de verpleegafdelingen en IC’s blijft stijgen en is in week 42 toegenomen van 7,8% naar **8,1%**.",
            "EN": "Continuity of care is under pressure in the nursing wards of hospitals and GP posts. This is partly due to the loss of staff. Absenteeism among healthcare staff in the nursing wards and ICUs continues to rise and increased in week 42 from 7.8% to **8.1%.**"
          },
          "cta": null
        }
      ],
      "moreLinks": {
        "label": {
          "MOBILE": {
            "NL": "Meer over 'Gevolgen voor de zorg':",
            "EN": "More on 'Impact on the healthcare sector':"
          },
          "DESKTOP": {
            "NL": "Meer onderwerpen:",
            "EN": "More topics:"
          }
        },
        "links": [
          {
            "index": 1,
            "label": {
              "NL": "Verpleeghuiszorg",
              "EN": "Nursing homes"
            },
            "href": {
              "NL": "/landelijk/verpleeghuiszorg",
              "EN": "/landelijk/verpleeghuiszorg"
            }
          },
          {
            "index": 2,
            "label": {
              "NL": "Gehandicaptenzorg",
              "EN": "Disability care"
            },
            "href": {
              "NL": "/landelijk/gehandicaptenzorg",
              "EN": "/landelijk/gehandicaptenzorg"
            }
          }
        ]
      }
    }
  ],
  "measures": {
    "icon": "BasisregelsTesten",
    "title": {
      "NL": "Wat kunt u zelf doen om besmettingen te voorkomen?",
      "EN": "What can I do to prevent COVID from spreading?"
    },
    "dynamicSubtitle": {
      "NL": "Overzicht van adviezen om jezelf en anderen te beschermen.",
      "EN": "Advice to protect yourself and others."
    },
    "measureTiles": [
      {
        "index": 1,
        "icon": "BasisregelsTesten",
        "title": {
          "NL": "Heb je klachten? Blijf thuis en doe een zelftest.",
          "EN": "If you have symptoms, stay at home and do a self-test."
        }
      },
      {
        "index": 2,
        "icon": "Elderly",
        "title": {
          "NL": "Heb je corona? Ga in isolatie.",
          "EN": "If you have Corona, self-isolate at home."
        }
      },
      {
        "index": 3,
        "icon": "Vaccinaties",
        "title": {
          "NL": "Haal een (herhaal)prik tegen corona.",
          "EN": "Keep your coronavirus vaccinations up to date."
        }
      }
      
    ]
  }
}