"date","values.tested_total","values.infected","values.infected_percentage","tests.7d.avg","tests.7d_lagged_7","pos.rate.3d.avg","pos.rate.7d.avg","values.infected_7d.avg","values.infected_7d_lagged","growth_infected","growth_tests"
2020-06-01,1551,73,4.70664087685364,NA,NA,NA,NA,NA,NA,NA,NA
2020-06-02,6821,203,2.97610321067292,NA,NA,NA,NA,NA,NA,NA,NA
2020-06-03,8880,165,1.85810810810811,NA,NA,2.6,NA,NA,NA,NA,NA
2020-06-04,9352,173,1.84987168520103,NA,NA,2.2,NA,NA,NA,NA,NA
2020-06-05,9478,135,1.42435112893015,NA,NA,1.7,NA,NA,NA,NA,NA
2020-06-06,7852,125,1.59195109526235,NA,NA,1.6,NA,NA,NA,NA,NA
2020-06-07,4930,114,2.31237322515213,6980.57142857143,NA,1.7,2,2.38848561859719,NA,NA,NA
2020-06-08,9127,112,1.22712830064643,8062.85714285714,NA,1.6,1.8,1.89141239342473,NA,NA,NA
2020-06-09,10184,121,1.18813825608798,8543.28571428571,NA,1.4,1.6,1.63598882848403,NA,NA,NA
2020-06-10,9759,144,1.47556102059637,8668.85714285714,NA,1.3,1.5,1.58133924455378,NA,NA,NA
2020-06-11,9402,139,1.47840884918103,8676,NA,1.4,1.5,1.52827312512235,NA,NA,NA
2020-06-12,8680,131,1.50921658986175,8562,NA,1.5,1.5,1.54039676239829,NA,NA,NA
2020-06-13,6056,113,1.86591809775429,8305.42857142857,NA,1.6,1.5,1.57953490561143,NA,NA,NA
2020-06-14,3933,86,2.18662598525299,8163,6980.57142857143,1.8,1.5,1.56157101419726,2.38848561859719,65.4,116.9
2020-06-15,10243,135,1.31797325002441,8322.42857142857,8062.85714285714,1.7,1.5,1.5745488641084,1.89141239342473,83.2,103.2
2020-06-16,10925,92,0.842105263157895,8428.28571428571,8543.28571428571,1.2,1.4,1.5251155794041,1.63598882848403,93.2,98.7
2020-06-17,10417,76,0.729576653547087,8522.28571428571,8668.85714285714,1,1.3,1.41854638411135,1.58133924455378,89.7,98.3
2020-06-18,10192,76,0.745682888540031,8635.14285714286,8676,0.8,1.2,1.31387124687692,1.52827312512235,86,99.5
2020-06-19,9528,78,0.818639798488665,8756.28571428571,8562,0.8,1.1,1.21521741953791,1.54039676239829,78.9,102.3
2020-06-20,6076,66,1.0862409479921,8759.14285714286,8305.42857142857,0.9,1,1.10383496957188,1.57953490561143,69.9,105.5
2020-06-21,4285,46,1.07351225204201,8809.42857142857,8163,1,0.9,0.944818721970313,1.56157101419726,60.5,107.9
2020-06-22,11283,63,0.558362137729327,8958,8322.42857142857,0.8,0.8,0.836302848785302,1.5745488641084,53.1,107.6
2020-06-23,11031,88,0.797751790408848,8973.14285714286,8428.28571428571,0.7,0.8,0.829966638392581,1.5251155794041,54.4,106.5
2020-06-24,9571,64,0.668686657611535,8852.28571428571,8522.28571428571,0.7,0.8,0.821268067544645,1.41854638411135,57.9,103.9
2020-06-25,10392,60,0.577367205542725,8880.85714285714,8635.14285714286,0.7,0.7,0.797222969973601,1.31387124687692,60.7,102.8
2020-06-26,8954,59,0.658923386196113,8798.85714285714,8756.28571428571,0.6,0.7,0.774406339646094,1.21521741953791,63.7,100.5
2020-06-27,5882,57,0.969058143488609,8771.14285714286,8759.14285714286,0.7,0.7,0.757665939002738,1.10383496957188,68.6,100.1
2020-06-28,4218,38,0.900900900900901,8761.57142857143,8809.42857142857,0.8,0.7,0.733007174554008,0.944818721970313,77.6,99.5
2020-06-29,11724,64,0.545888775162061,8824.57142857143,8958,0.7,0.7,0.731225265615827,0.836302848785302,87.4,98.5
2020-06-30,12089,51,0.421871122508065,8975.71428571429,8973.14285714286,0.5,0.6,0.677528027344287,0.829966638392581,81.6,100
2020-07-01,11790,73,0.619168787107718,9292.71428571429,8852.28571428571,0.5,0.6,0.670454045843742,0.821268067544645,81.6,105
2020-07-02,11089,61,0.550094688429976,9392.28571428571,8880.85714285714,0.5,0.6,0.666557971970492,0.797222969973601,83.6,105.8
2020-07-03,10115,73,0.721700444883836,9558.14285714286,8798.85714285714,0.6,0.6,0.675526123211595,0.774406339646094,87.2,108.6
2020-07-04,6328,39,0.616308470290771,9621.85714285714,8771.14285714286,0.6,0.6,0.625133312754761,0.757665939002738,82.5,109.7
2020-07-05,4372,21,0.480329368709973,9643.85714285714,8761.57142857143,0.6,0.6,0.565051665298914,0.733007174554008,77.1,110.1
2020-07-06,12047,49,0.406740267286461,9690,8824.57142857143,0.5,0.5,0.545173307030971,0.731225265615827,74.6,109.8
2020-07-07,12214,50,0.409366300966104,9707.85714285714,8975.71428571429,0.4,0.5,0.543386903953548,0.677528027344287,80.2,108.2
2020-07-08,13017,52,0.399477606207267,9883.14285714286,9292.71428571429,0.4,0.5,0.512002449539198,0.670454045843742,76.4,106.4
2020-07-09,13086,92,0.703041418309644,10168.4285714286,9392.28571428571,0.5,0.5,0.533851982379151,0.666557971970492,80.1,108.3
2020-07-10,12057,76,0.630339222028697,10445.8571428571,9558.14285714286,0.6,0.5,0.520800379114131,0.675526123211595,77.1,109.3
2020-07-11,7733,97,1.25436441225915,10646.5714285714,9621.85714285714,0.8,0.6,0.611951227966756,0.625133312754761,97.9,110.6
2020-07-12,5012,47,0.937749401436552,10738,9643.85714285714,0.9,0.6,0.677296946927696,0.565051665298914,119.9,111.3
2020-07-13,12823,93,0.725259299695859,10848.8571428571,9690,0.9,0.7,0.722799665843325,0.545173307030971,132.6,112
2020-07-14,13235,111,0.838685304117869,10994.7142857143,9707.85714285714,0.8,0.7,0.784130952007863,0.543386903953548,144.3,113.3
2020-07-15,13131,154,1.17279719747163,11011,9883.14285714286,0.9,0.9,0.894605179331343,0.512002449539198,174.7,111.4
2020-07-16,14301,143,0.999930074819943,11184.5714285714,10168.4285714286,1,0.9,0.9370178445471,0.533851982379151,175.5,110
2020-07-17,15090,151,1.00066269052353,11617.8571428571,10445.8571428571,1.1,1,0.989921197189219,0.520800379114131,190.1,111.2
2020-07-18,11224,149,1.32751247327156,12116.5714285714,10646.5714285714,1.1,1,1.00037092019099,0.611951227966756,163.5,113.8
2020-07-19,8667,123,1.41917618553133,12638.7142857143,10738,1.2,1,1.06914617506167,0.677296946927696,157.9,117.7
2020-07-20,15135,177,1.16947472745292,12969,10848.8571428571,1.3,1.1,1.13260552188411,0.722799665843325,156.7,119.5
2020-07-21,16133,151,0.935969751441145,13383,10994.7142857143,1.1,1.1,1.14650330007315,0.784130952007863,146.2,121.7
2020-07-22,17374,153,0.880626223091976,13989.1428571429,11011,1,1.1,1.10476458944749,0.894605179331343,123.5,127
2020-07-23,17853,159,0.890606620736011,14496.5714285714,11184.5714285714,0.9,1,1.08914695314978,0.9370178445471,116.2,129.6
2020-07-24,18465,198,1.07229894394801,14978.7142857143,11617.8571428571,0.9,1.1,1.09938070363899,0.989921197189219,111.1,128.9
2020-07-25,14427,181,1.25459208428641,15436.2857142857,12116.5714285714,1.1,1.1,1.08896350521254,1.00037092019099,108.9,127.4
2020-07-26,12002,175,1.45809031828029,15912.7142857143,12638.7142857143,1.2,1.1,1.09452266703382,1.06914617506167,102.4,125.9
2020-07-27,18597,259,1.39269774694843,16407.2857142857,12969,1.4,1.1,1.1264116698189,1.13260552188411,99.5,126.5
2020-07-28,18370,303,1.64942841589548,16726.8571428571,13383,1.5,1.2,1.22833433616951,1.14650330007315,107.1,125
2020-07-29,17865,316,1.76882171844388,16797,13989.1428571429,1.6,1.4,1.35521940693407,1.10476458944749,122.7,120.1
2020-07-30,16780,428,2.55065554231228,16643.7142857143,14496.5714285714,2,1.6,1.59236925287354,1.08914695314978,146.2,114.8
2020-07-31,14215,438,3.08125219838199,16036.5714285714,14978.7142857143,2.4,1.9,1.87936257493554,1.09938070363899,170.9,107.1
2020-08-01,8442,323,3.82610755745084,15181.5714285714,15436.2857142857,3,2.1,2.24672192824474,1.08896350521254,206.3,98.3
2020-08-02,7124,346,4.85682201010668,14484.7142857143,15912.7142857143,3.7,2.4,2.73225502707708,1.09452266703382,249.6,91
2020-08-03,15693,537,3.42190785700631,14069.8571428571,16407.2857142857,3.9,2.7,3.02214218565678,1.1264116698189,268.3,85.8
2020-08-04,16330,566,3.46601347213717,13778.4285714286,16726.8571428571,3.7,3.1,3.28165433654845,1.22833433616951,267.2,82.4
2020-08-05,15976,556,3.48022033049574,13508.5714285714,16797,3.5,3.4,3.52613985255586,1.35521940693407,260.2,80.4
2020-08-06,15120,563,3.72354497354497,13271.4285714286,16643.7142857143,3.6,3.6,3.6936954855891,1.59236925287354,232,79.7
2020-08-07,15584,608,3.90143737166324,13467,16036.5714285714,3.7,3.7,3.81086479605785,1.87936257493554,202.8,84
2020-08-08,10739,428,3.9854735077754,13795.1428571429,15181.5714285714,3.9,3.7,3.83363136038993,2.24672192824474,170.6,90.9
2020-08-09,9066,419,4.62166335759982,14072.5714285714,14484.7142857143,4.1,3.7,3.80003726717467,2.73225502707708,139.1,97.2
2020-08-10,15572,626,4.02003596198305,14055.2857142857,14069.8571428571,4.2,3.8,3.8854841393142,3.02214218565678,128.6,99.9
2020-08-11,14909,608,4.07807364679053,13852.2857142857,13778.4285714286,4.2,3.9,3.97292130712182,3.28165433654845,121.1,100.5
2020-08-12,15035,596,3.96408380445627,13717.8571428571,13508.5714285714,4,4,4.04204466054475,3.52613985255586,114.6,101.5
2020-08-13,16061,547,3.40576551895897,13852.2857142857,13271.4285714286,3.8,4,3.9966475956039,3.6936954855891,108.2,104.4
2020-08-14,16337,551,3.3727122482708,13959.8571428571,13467,3.6,3.9,3.92111543511926,3.81086479605785,102.9,103.7
2020-08-15,12696,392,3.08758664146188,14239.4285714286,13795.1428571429,3.3,3.8,3.79284588278876,3.83363136038993,98.9,103.2
2020-08-16,11421,399,3.49356448647229,14575.8571428571,14072.5714285714,3.3,3.6,3.63168890119911,3.80003726717467,95.6,103.6
2020-08-17,18703,537,2.8711971341496,15023.1428571429,14055.2857142857,3.1,3.5,3.46756906865148,3.8854841393142,89.2,106.9
2020-08-18,19901,532,2.67323250087935,15736.2857142857,13852.2857142857,2.9,3.2,3.26687747637845,3.97292130712182,82.2,113.6
2020-08-19,22163,499,2.25150024816135,16754.5714285714,13717.8571428571,2.6,2.9,3.02222268262203,4.04204466054475,74.8,122.1
2020-08-20,22465,492,2.19007344758513,17669.4285714286,13852.2857142857,2.4,2.8,2.84855238671149,3.9966475956039,71.3,127.6
2020-08-21,22833,513,2.24674812770989,18597.4285714286,13959.8571428571,2.2,2.6,2.6877003694885,3.92111543511926,68.5,133.2
2020-08-22,18138,487,2.68497077957878,19374.8571428571,14239.4285714286,2.4,2.6,2.63018381779091,3.79284588278876,69.3,136.1
2020-08-23,15551,395,2.54002958009131,19964.8571428571,14575.8571428571,2.5,2.5,2.49396454545078,3.63168890119911,68.7,137
2020-08-24,23862,501,2.09957254211717,20701.8571428571,15023.1428571429,2.4,2.4,2.38373246087471,3.46756906865148,68.7,137.8
2020-08-25,25097,494,1.96836275252022,21444.1428571429,15736.2857142857,2.2,2.3,2.2830367825377,3.26687747637845,69.9,136.3
2020-08-26,24403,486,1.99155841494898,21764.1428571429,16754.5714285714,2,2.2,2.24590223493593,3.02222268262203,74.3,129.9
2020-08-27,24858,508,2.04360769168879,22106,17669.4285714286,2,2.2,2.22497855552217,2.84855238671149,78.1,125.1
2020-08-28,25030,583,2.32920495405513,22419.8571428571,18597.4285714286,2.1,2.2,2.23675810214291,2.6877003694885,83.2,120.6
2020-08-29,20108,457,2.27272727272727,22701.2857142857,19374.8571428571,2.2,2.2,2.1778661725927,2.63018381779091,82.8,117.2
2020-08-30,18599,501,2.69369320931233,23136.7142857143,19964.8571428571,2.4,2.2,2.19981811962427,2.49396454545078,88.2,115.9
2020-08-31,24162,559,2.31355020279778,23179.5714285714,20701.8571428571,2.4,2.2,2.23038635686436,2.38373246087471,93.6,112
2020-09-01,27015,587,2.17286692578197,23453.5714285714,21444.1428571429,2.4,2.2,2.25960123875889,2.2830367825377,99,109.4
2020-09-02,27150,686,2.52670349907919,23846,21764.1428571429,2.3,2.3,2.33605053649178,2.24590223493593,104,109.6
2020-09-03,27096,731,2.69781517567169,24165.7142857143,22106,2.5,2.4,2.42950874848934,2.22497855552217,109.2,109.3
2020-09-04,28179,894,3.17257532204833,24615.5714285714,22419.8571428571,2.8,2.6,2.54999022963122,2.23675810214291,114,109.8
2020-09-05,24039,835,3.47352219310287,25177.1428571429,22701.2857142857,3.1,2.7,2.72153236111345,2.1778661725927,125,110.9
2020-09-06,22812,916,4.0154304751885,25779,23136.7142857143,3.5,2.9,2.91035197052433,2.19981811962427,132.3,111.4
2020-09-07,27775,1047,3.76957695769577,26295.1428571429,23179.5714285714,3.7,3.1,3.11835579265262,2.23038635686436,139.8,113.4
2020-09-08,28889,921,3.18806466128976,26562.8571428571,23453.5714285714,3.6,3.2,3.2633840405823,2.25960123875889,144.4,113.3
2020-09-09,29349,958,3.26416572966711,26877,23846,3.4,3.3,3.36873578780915,2.33605053649178,144.2,112.7
2020-09-10,29556,1141,3.86046826363513,27228.4285714286,24165.7142857143,3.4,3.5,3.53482908608964,2.42950874848934,145.5,112.7
2020-09-11,29368,1282,4.36529555979297,27398.2857142857,24615.5714285714,3.8,3.7,3.70521769148173,2.54999022963122,145.3,111.3
2020-09-12,24896,1126,4.52281491002571,27520.7142857143,25177.1428571429,4.2,3.8,3.85511665104214,2.72153236111345,141.7,109.3
2020-09-13,23979,1206,5.02940072563493,27687.4285714286,25779,4.6,4,3.99996954396306,2.91035197052433,137.4,107.4
2020-09-14,27718,1673,6.03578901796666,27679.2857142857,26295.1428571429,5.2,4.3,4.32371412400175,3.11835579265262,138.7,105.3
2020-09-15,27774,1587,5.71397710088572,27520,26562.8571428571,5.6,4.7,4.68455875822975,3.2633840405823,143.5,103.6
2020-09-16,29371,1589,5.41009839637738,27523.1428571429,26877,5.7,5,4.99112056775979,3.36873578780915,148.2,102.4
2020-09-17,29432,1839,6.24830116879587,27505.4285714286,27228.4285714286,5.8,5.4,5.33223955421132,3.53482908608964,150.8,101
2020-09-18,28982,2016,6.95604168104341,27450.2857142857,27398.2857142857,6.2,5.7,5.70234614296138,3.70521769148173,153.9,100.2
2020-09-19,24949,1754,7.03034189747084,27457.8571428571,27520.7142857143,6.7,6.1,6.06056428402497,3.85511665104214,157.2,99.8
2020-09-20,24146,1735,7.18545514785058,27481.7142857143,27687.4285714286,7.1,6.3,6.36857205862721,3.99996954396306,159.2,99.3
2020-09-21,28399,2158,7.59885911475756,27579,27679.2857142857,7.3,6.6,6.59186778674019,4.32371412400175,152.5,99.6
2020-09-22,29571,2260,7.64262283994454,27835.7142857143,27520,7.5,6.9,6.86738860660574,4.68455875822975,146.6,101.1
2020-09-23,30698,2163,7.04606163267965,28025.2857142857,27523.1428571429,7.4,7.1,7.10109764036321,4.99112056775979,142.3,101.8
2020-09-24,31752,2502,7.87981859410431,28356.7142857143,27505.4285714286,7.5,7.3,7.33417155826441,5.33223955421132,137.5,103.1
2020-09-25,31544,2699,8.55630230788739,28722.7142857143,27450.2857142857,7.8,7.6,7.56278021924212,5.70234614296138,132.6,104.6
2020-09-26,27572,2240,8.12418395473669,29097.4285714286,27457.8571428571,8.2,7.7,7.7190433702801,6.06056428402497,127.4,106
2020-09-27,26511,2520,9.5054882878805,29435.2857142857,27481.7142857143,8.7,8,8.05047667599866,6.36857205862721,126.4,107.1
2020-09-28,30998,2951,9.51996903026002,29806.5714285714,27579,9.1,8.3,8.32492094964187,6.59186778674019,126.3,108.1
2020-09-29,32266,3043,9.43097997892519,30191.5714285714,27835.7142857143,9.5,8.6,8.58040054092482,6.86738860660574,124.9,108.5
2020-09-30,33780,3115,9.22143280047365,30631.8571428571,28025.2857142857,9.4,8.9,8.89116785060968,7.10109764036321,125.2,109.3
2020-10-01,33957,3370,9.92431604676503,30946.8571428571,28356.7142857143,9.5,9.2,9.1832389152755,7.33417155826441,125.2,109.1
2020-10-02,33751,3633,10.7641255073924,31262.1428571429,28722.7142857143,10,9.5,9.49864222949049,7.56278021924212,125.6,108.8
2020-10-03,30047,3487,11.6051519286451,31615.7142857143,29097.4285714286,10.7,10,9.99592336862027,7.7190433702801,129.5,108.7
2020-10-04,28236,3649,12.923218586202,31862.1428571429,29435.2857142857,11.7,10.4,10.4841705540948,8.05047667599866,130.2,108.2
2020-10-05,37706,5140,13.6317827401475,32820.4285714286,29806.5714285714,12.8,11.1,11.0715725126501,8.32492094964187,133,110.1
2020-10-06,40831,5764,14.1167250373491,34044,30191.5714285714,13.6,11.8,11.7409646638535,8.58040054092482,136.8,112.8
2020-10-07,41848,5453,13.0304913018543,35196.5714285714,30631.8571428571,13.6,12.4,12.2851158783365,8.89116785060968,138.2,114.9
2020-10-08,42845,5999,14.0016337962423,36466.2857142857,30946.8571428571,13.7,13,12.8675898425475,9.1832389152755,140.1,117.8
2020-10-09,42971,6020,14.0094482325289,37783.4285714286,31262.1428571429,13.7,13.4,13.3312073747099,9.49864222949049,140.3,120.9
2020-10-10,38675,5788,14.9657401422107,39016,31615.7142857143,14.3,13.8,13.8112914052193,9.99592336862027,138.2,123.4
2020-10-11,35576,5503,15.468293231392,40064.5714285714,31862.1428571429,14.8,14.1,14.1748734973892,10.4841705540948,135.2,125.7
2020-10-12,42346,6928,16.3604590752373,40727.4285714286,32820.4285714286,15.6,14.5,14.5646844024021,11.0715725126501,131.6,124.1
2020-10-13,44659,6882,15.4101077050539,41274.2857142857,34044,15.8,14.7,14.7494533549313,11.7409646638535,125.6,121.2
2020-10-14,46114,6906,14.9759292188923,41883.7142857143,35196.5714285714,15.6,15,15.0273730573653,12.2851158783365,122.3,119
2020-10-15,46854,6655,14.2036965894054,42456.4285714286,36466.2857142857,14.9,15,15.0562391706744,12.8675898425475,117,116.4
2020-10-16,46888,6528,13.9225388159017,43016,37783.4285714286,14.4,15,15.0438235397276,13.3312073747099,112.8,113.8
2020-10-17,43221,6453,14.9302422433539,43665.4285714286,39016,14.3,15,15.0387524113195,13.8112914052193,108.9,111.9
2020-10-18,40149,6651,16.5657924232235,44318.7142857143,40064.5714285714,15.1,15.2,15.1955380101526,14.1748734973892,107.2,110.6
2020-10-19,48058,8568,17.8284572807857,45134.7142857143,40727.4285714286,16.5,15.4,15.4052520395166,14.5646844024021,105.8,110.8
2020-10-20,49725,8377,16.8466566113625,45858.4285714286,41274.2857142857,17.1,15.6,15.6104733118464,14.7494533549313,105.8,111.1
2020-10-21,48706,8229,16.8952490452922,46228.7142857143,41883.7142857143,17.2,15.9,15.884661858475,15.0273730573653,105.7,110.4
2020-10-22,48709,8905,18.2820423330391,46493.7142857143,42456.4285714286,17.3,16.5,16.4672826789941,15.0562391706744,109.4,109.5
2020-10-23,47328,8810,18.6147734956051,46556.5714285714,43016,17.9,17.2,17.1376019189517,15.0438235397276,113.9,108.2
2020-10-24,40923,8598,21.0101898687779,46228.2857142857,43665.4285714286,19.2,18,18.0061658654409,15.0387524113195,119.7,105.9
2020-10-25,37199,7488,20.1295733756284,45806.8571428571,44318.7142857143,19.8,18.4,18.5152774300701,15.1955380101526,121.8,103.4
2020-10-26,46100,8434,18.295010845987,45527.1428571429,45134.7142857143,19.7,18.5,18.5819279393846,15.4052520395166,120.6,100.9
2020-10-27,46631,8032,17.2245930818554,45085.1428571429,45858.4285714286,18.4,18.5,18.6359188637407,15.6104733118464,119.4,98.3
2020-10-28,46727,7264,15.5456160249963,44802.4285714286,46228.7142857143,17,18.3,18.4431141465556,15.884661858475,116.1,96.9
2020-10-29,46481,7098,15.2707557926895,44484.1428571429,46493.7142857143,16,17.9,18.0129303550771,16.4672826789941,109.4,95.7
2020-10-30,43616,6819,15.6341709464417,43953.8571428571,46556.5714285714,15.5,17.5,17.5871299909109,17.1376019189517,102.6,94.4
2020-10-31,34788,5786,16.6321720133379,43077.4285714286,46228.2857142857,15.8,16.9,16.9616988687052,18.0061658654409,94.2,93.2
2020-11-01,28769,5195,18.0576314783274,41873.1428571429,45806.8571428571,16.6,16.6,16.6657071690907,18.5152774300701,90,91.4
2020-11-02,44461,7083,15.9308157711253,41639,45527.1428571429,16.7,16.2,16.3279650155391,18.5819279393846,87.9,91.5
2020-11-03,39944,5846,14.6354896855598,40683.7142857143,45085.1428571429,16,15.8,15.9580931017825,18.6359188637407,85.6,90.2
2020-11-04,39249,5604,14.2780707788733,39615.4285714286,44802.4285714286,15,15.7,15.7770152094793,18.4431141465556,85.5,88.4
2020-11-05,37853,5085,13.4335455578158,38382.8571428571,44484.1428571429,14.1,15.4,15.5145566044973,18.0129303550771,86.1,86.3
2020-11-06,33983,4628,13.6185739928788,37006.7142857143,43953.8571428571,13.8,15.1,15.2266141825597,17.5871299909109,86.6,84.2
2020-11-07,25794,3838,14.8794293246491,35721.8571428571,43077.4285714286,13.9,14.9,14.9762223698899,16.9616988687052,88.3,82.9
2020-11-08,21969,3322,15.1213072966453,34750.4285714286,41873.1428571429,14.4,14.6,14.5567474867925,16.6657071690907,87.3,83
2020-11-09,40436,5099,12.610050450094,34175.4285714286,41639,13.9,14,14.0823524409309,16.3279650155391,86.2,82.1
2020-11-10,38300,4965,12.9634464751958,33940.5714285714,40683.7142857143,13.3,13.7,13.8434891251646,15.9580931017825,86.7,83.4
2020-11-11,36275,5013,13.8194348725017,33515.7142857143,39615.4285714286,13.1,13.6,13.7779697099686,15.7770152094793,87.3,84.6
2020-11-12,35079,4673,13.321360358049,33119.4285714286,38382.8571428571,13.4,13.6,13.7619432528591,15.5145566044973,88.7,86.3
2020-11-13,31624,4502,14.2360232734632,32782.4285714286,37006.7142857143,13.8,13.7,13.8501502929426,15.2266141825597,91,88.6
2020-11-14,23264,3564,15.3198074277854,32421,35721.8571428571,14.2,13.7,13.9130614505335,14.9762223698899,92.9,90.8
2020-11-15,20355,3345,16.4333087693441,32190.4285714286,34750.4285714286,15.2,13.8,14.1004902323476,14.5567474867925,96.9,92.6
2020-11-16,39750,5033,12.6616352201258,32092.4285714286,34175.4285714286,14.3,13.8,14.1078594852093,14.0823524409309,100.2,93.9
2020-11-17,39131,4832,12.3482660806011,32211.1428571429,33940.5714285714,13.3,13.7,14.0199765716958,13.8434891251646,101.3,94.9
2020-11-18,42423,4866,11.4701930556538,33089.4285714286,33515.7142857143,12.1,13.3,13.6843705978603,13.7779697099686,99.3,98.7
2020-11-19,41208,4730,11.4783537177247,33965,33119.4285714286,11.8,13,13.4210839349569,13.7619432528591,97.5,102.6
2020-11-20,37057,4476,12.078689586313,34741.1428571429,32782.4285714286,11.7,12.7,13.1128934082211,13.8501502929426,94.7,106
2020-11-21,28312,3478,12.2845436564001,35462.2857142857,32421,11.9,12.4,12.6792842980232,13.9130614505335,91.1,109.4
2020-11-22,25053,3051,12.1781822536223,36133.4285714286,32190.4285714286,12.2,12,12.0714090814915,14.1004902323476,85.6,112.2
2020-11-23,44651,4810,10.7724351078363,36833.5714285714,32092.4285714286,11.6,11.7,11.8015233511645,14.1078594852093,83.7,114.8
2020-11-24,43514,4521,10.3897596175943,37459.7142857143,32211.1428571429,10.9,11.4,11.5217367135921,14.0199765716958,82.2,116.3
2020-11-25,41449,4458,10.7553861371806,37320.5714285714,33089.4285714286,10.6,11.3,11.4196214395245,13.6843705978603,83.5,112.8
2020-11-26,40745,4429,10.8700454043441,37254.4285714286,33965,10.7,11.2,11.3327202518987,13.4210839349569,84.4,109.7
2020-11-27,36808,4077,11.0763964355575,37218.8571428571,34741.1428571429,10.9,11.1,11.1895355160765,13.1128934082211,85.3,107.1
2020-11-28,26969,3303,12.2473951574029,37027,35462.2857142857,11.3,11.1,11.1842285876483,12.6792842980232,88.2,104.4
2020-11-29,23735,3071,12.9386981251317,36838.7142857143,36133.4285714286,11.9,11.1,11.2928737121496,12.0714090814915,93.6,102
2020-11-30,47356,4999,10.5562125179492,37225.1428571429,36833.5714285714,11.6,11.1,11.2619847707372,11.8015233511645,95.4,101.1
2020-12-01,51466,5171,10.0474099405433,38361.1428571429,37459.7142857143,10.8,11,11.2130776740156,11.5217367135921,97.3,102.4
2020-12-02,52574,5597,10.6459466656522,39950.4285714286,37320.5714285714,10.4,11,11.1974434637973,11.4196214395245,98.1,107
2020-12-03,52077,5950,11.4253893273422,41569.2857142857,37254.4285714286,10.7,11.1,11.2767783099398,11.3327202518987,99.5,111.6
2020-12-04,47380,5935,12.526382439848,43079.5714285714,37218.8571428571,11.5,11.3,11.4839191676956,11.1895355160765,102.6,115.7
2020-12-05,32143,4474,13.91904924867,43818.7142857143,37027,12.4,11.5,11.7227268950195,11.1842285876483,104.8,118.3
2020-12-06,36964,5212,14.100205605454,45708.5714285714,36838.7142857143,13.4,11.7,11.8886565350656,11.2928737121496,105.3,124.1
2020-12-07,61099,7063,11.5599273310529,47671.8571428571,37225.1428571429,12.9,11.8,12.0320443655089,11.2619847707372,106.8,128.1
2020-12-08,61443,7223,11.7556108913953,49097.1428571429,38361.1428571429,12.2,12.1,12.2760730727735,11.2130776740156,109.5,128
2020-12-09,70754,7920,11.1937134296294,51694.2857142857,39950.4285714286,11.5,12.1,12.3543254676274,11.1974434637973,110.3,129.4
2020-12-10,70041,8157,11.6460358932625,54260.5714285714,41569.2857142857,11.5,12.1,12.385846405616,11.2767783099398,109.8,130.5
2020-12-11,68815,8485,12.3301605754559,57322.7142857143,43079.5714285714,11.7,12.1,12.3578147107029,11.4839191676956,107.6,133.1
2020-12-12,57706,7470,12.9449277371504,60974.5714285714,43818.7142857143,12.3,12.1,12.2186544947715,11.7227268950195,104.2,139.2
2020-12-13,51236,7010,13.6817862440472,63013.4285714286,45708.5714285714,12.9,12.1,12.1588803002848,11.8886565350656,102.3,137.9
2020-12-14,73496,9784,13.3122891041689,64784.4285714286,47671.8571428571,13.3,12.4,12.4092176964442,12.0320443655089,103.1,135.9
2020-12-15,72807,9420,12.9383163706786,66407.8571428571,49097.1428571429,13.3,12.5,12.5781756220561,12.2760730727735,102.5,135.3
2020-12-16,75212,10232,13.6042120938148,67044.7142857143,51694.2857142857,13.3,12.9,12.9225325740826,12.3543254676274,104.6,129.7
2020-12-17,71361,9842,13.7918470873446,67233.2857142857,54260.5714285714,13.4,13.2,13.2290770303801,12.385846405616,106.8,123.9
2020-12-18,67441,9593,14.2242849305319,67037,57322.7142857143,13.9,13.5,13.4996662239623,12.3578147107029,109.2,116.9
2020-12-19,60815,8577,14.1034284304859,67481.1428571429,60974.5714285714,14,13.6,13.6651663230103,12.2186544947715,111.8,110.7
2020-12-20,56369,7830,13.8906136351541,68214.4285714286,63013.4285714286,14.1,13.7,13.6949988074541,12.1588803002848,112.6,108.3
2020-12-21,76674,9767,12.738346766831,68668.4285714286,64784.4285714286,13.5,13.6,13.6130070449773,12.4092176964442,109.7,106
2020-12-22,80581,9341,11.5920626450404,69779,66407.8571428571,12.6,13.3,13.4206850841718,12.5781756220561,106.7,105.1
2020-12-23,80375,9324,11.6006220839813,70516.5714285714,67044.7142857143,12,13,13.1344579399099,12.9225325740826,101.6,105.2
2020-12-24,56986,7415,13.0119678517531,68463,67233.2857142857,12,12.9,13.0230466205397,13.2290770303801,98.4,101.8
2020-12-25,34743,5638,16.2277293267709,63791.8571428571,67037,13,13,13.3092529628595,13.4996662239623,98.6,95.2
2020-12-26,36270,5704,15.7264957264957,60285.4285714286,67481.1428571429,14.7,13,13.5411197194324,13.6651663230103,99.1,89.3
2020-12-27,43053,6021,13.9850881471674,58383.1428571429,68214.4285714286,15.2,13,13.5546160782914,13.6949988074541,99,85.6
2020-12-28,60933,8477,13.9120017067927,56134.4285714286,68668.4285714286,14.4,13.2,13.7222810697145,13.6130070449773,100.8,81.7
2020-12-29,65103,8305,12.7567086002181,53923.2857142857,69779,13.5,13.5,13.8886590633113,13.4206850841718,103.5,77.3
2020-12-30,62566,8434,13.4801649458172,51379.1428571429,70516.5714285714,13.4,13.9,14.1571651864307,13.1344579399099,107.8,72.9
2020-12-31,40011,5852,14.6259778560896,48954.1428571429,68463,13.5,14.1,14.3877380441931,13.0230466205397,110.5,71.5
2021-01-01,33272,4904,14.7391199807646,48744,63791.8571428571,14.1,14,14.1750795661922,13.3092529628595,106.5,76.4
2021-01-02,47138,6160,13.0680130680131,50296.5714285714,60285.4285714286,14,13.7,13.7952963292661,13.5411197194324,101.9,83.4
2021-01-03,38835,5436,13.9976825028969,49694,58383.1428571429,13.8,13.7,13.7970955229417,13.5546160782914,101.8,85.1
2021-01-04,54547,7822,14.3399270354007,48781.7142857143,56134.4285714286,13.8,13.7,13.8582277127429,13.7222810697145,101,86.9
2021-01-05,55368,7126,12.8702499638781,47391,53923.2857142857,13.7,13.8,13.8744479075514,13.8886590633113,99.9,87.9
2021-01-06,54479,6891,12.6489105894014,46235.7142857143,51379.1428571429,13.3,13.7,13.7556972852063,14.1571651864307,97.2,90
2021-01-07,49692,6002,12.0784029622474,47618.7142857143,48954.1428571429,12.5,13.3,13.3917580146574,14.3877380441931,93.1,97.3
2021-01-08,45156,5557,12.3062273009124,49316.4285714286,48744,12.4,13,13.0442019175357,14.1750795661922,92,101.2
2021-01-09,35185,4374,12.4314338496518,47608.8571428571,50296.5714285714,12.3,13,12.9532620291984,13.7952963292661,93.9,94.7
2021-01-10,28676,3821,13.324731482773,46157.5714285714,49694,12.6,12.9,12.8571261691807,13.7970955229417,93.2,92.9
2021-01-11,43629,5363,12.2922826560315,44597.8571428571,48781.7142857143,12.6,12.5,12.5646055435565,13.8582277127429,90.7,91.4
2021-01-12,40524,4912,12.1212121212121,42477.2857142857,47391,12.5,12.4,12.4576001374614,13.8744479075514,89.8,89.6
2021-01-13,47204,5078,10.7575629183967,41438,46235.7142857143,11.7,12.1,12.1874076130322,13.7556972852063,88.6,89.6
2021-01-14,47967,5053,10.5343256822399,41191.5714285714,47618.7142857143,11.1,11.8,11.9668251444597,13.3917580146574,89.4,86.5
2021-01-15,45639,4708,10.3157387322246,41260.5714285714,49316.4285714286,10.5,11.5,11.6824696346471,13.0442019175357,89.6,83.7
2021-01-16,37058,3735,10.0787954018026,41528.1428571429,47608.8571428571,10.3,11.2,11.3463784278115,12.9532620291984,87.6,87.2
2021-01-17,31049,3346,10.7765145415311,41867.1428571429,46157.5714285714,10.4,11,10.9823474362055,12.8571261691807,85.4,90.7
2021-01-18,47697,4987,10.4555842086504,42448.2857142857,44597.8571428571,10.4,10.7,10.7199619437225,12.5646055435565,85.3,95.2
2021-01-19,43539,4549,10.4481039987138,42879,42477.2857142857,10.5,10.5,10.4809464976513,12.4576001374614,84.1,100.9
2021-01-20,44929,4736,10.5410759197845,42554,41438,10.5,10.4,10.4500197835639,12.1874076130322,85.7,102.7
2021-01-21,40948,4422,10.7990622252613,41551.2857142857,41191.5714285714,10.6,10.5,10.4878392897098,11.9668251444597,87.6,100.9
2021-01-22,36696,4193,11.4263134946588,40273.7142857143,41260.5714285714,10.9,10.6,10.6464928272004,11.6824696346471,91.1,97.6
2021-01-23,28984,3451,11.9065691415954,39120.2857142857,41528.1428571429,11.3,10.8,10.9076033614565,11.3463784278115,96.1,94.2
2021-01-24,24748,3018,12.1949248424115,38220.1428571429,41867.1428571429,11.8,11,11.1102334044394,10.9823474362055,101.2,91.3
2021-01-25,36733,4202,11.4393052568535,36653.8571428571,42448.2857142857,11.8,11.1,11.2507649827541,10.7199619437225,105,86.3
2021-01-26,33373,3795,11.3714679531358,35201.5714285714,42879,11.6,11.3,11.3826741191001,10.4809464976513,108.6,82.1
2021-01-27,34777,3720,10.6967248468816,33751.2857142857,42554,11.2,11.3,11.404909680114,10.4500197835639,109.1,79.3
2021-01-28,31545,3348,10.6134094151213,32408,41551.2857142857,10.9,11.3,11.378387850094,10.4878392897098,108.5,78
2021-01-29,29178,3517,12.0536020289259,31334,40273.7142857143,11.1,11.4,11.4680004978464,10.6464928272004,107.7,77.8
2021-01-30,23254,2756,11.8517244345059,30515.4285714286,39120.2857142857,11.5,11.4,11.4601655396908,10.9076033614565,105.1,78
2021-01-31,19268,2456,12.7465227319909,29732.5714285714,38220.1428571429,12.2,11.4,11.5389652382021,11.1102334044394,103.9,77.8
2021-02-01,33456,3759,11.2356527977044,29264.4285714286,36653.8571428571,11.8,11.4,11.5098720297522,11.2507649827541,102.3,79.8
2021-02-02,31797,3405,10.7085574110765,29039.2857142857,35201.5714285714,11.4,11.3,11.4151705237438,11.3826741191001,100.3,82.5
2021-02-03,34535,3580,10.3662950629796,29004.7142857143,33751.2857142857,10.8,11.2,11.3679662689006,11.404909680114,99.7,85.9
2021-02-04,34103,3526,10.3392663402047,29370.1428571429,32408,10.5,11.2,11.328802972484,11.378387850094,99.6,90.6
2021-02-05,32393,3564,11.0023770567715,29829.4285714286,31334,10.6,11,11.1786279764619,11.4680004978464,97.5,95.2
2021-02-06,28676,3019,10.5279676384433,30604,30515.4285714286,10.6,10.9,10.9895198627387,11.4601655396908,95.9,100.3
2021-02-07,94,6,6.38297872340426,27864.8571428571,29732.5714285714,10.8,10.7,10.0804421472263,11.5389652382021,87.4,93.7
2021-02-08,24468,3008,12.2936079777669,26580.8571428571,29264.4285714286,11.3,10.8,10.231578601521,11.5098720297522,88.9,90.8
2021-02-09,30885,3583,11.6011008580217,26450.5714285714,29039.2857142857,11.9,11,10.3590848082274,11.4151705237438,90.7,91.1
2021-02-10,32397,3633,11.2140012964163,26145.1428571429,29004.7142857143,11.7,11.1,10.4801856987184,11.3679662689006,92.2,90.1
2021-02-11,31098,3272,10.5215769502862,25715.8571428571,29370.1428571429,11.1,11.2,10.5062300715872,11.328802972484,92.7,87.6
2021-02-12,27710,2942,10.6171057380007,25046.8571428571,29829.4285714286,10.8,11.1,10.4511913117628,11.1786279764619,93.5,84
2021-02-13,22246,2549,11.4582396835386,24128.2857142857,30604,10.8,11.2,10.584087318205,10.9895198627387,96.3,78.8
2021-02-14,21377,2379,11.1287832717407,27168.7142857143,27864.8571428571,11,11.2,11.2620593965387,10.0804421472263,111.7,97.5
2021-02-15,22705,2077,9.14776480951332,26916.8571428571,26580.8571428571,10.6,10.8,10.8126532296454,10.231578601521,105.7,101.3
2021-02-16,45619,4348,9.53111642078958,29021.7142857143,26450.5714285714,9.8,10.4,10.5169411671836,10.3590848082274,101.5,109.7
2021-02-17,45990,4215,9.16503587736464,30963.5714285714,26145.1428571429,9.3,10,10.2242318216048,10.4801856987184,97.6,118.4
2021-02-18,41955,4124,9.82957931116673,32514.5714285714,25715.8571428571,9.5,9.9,10.1253750160163,10.5062300715872,96.4,126.4
2021-02-19,39797,4071,10.2294142774581,34241.2857142857,25046.8571428571,9.7,9.9,10.0699905216531,10.4511913117628,96.4,136.7
2021-02-20,35568,3451,9.70254161043635,36144.4285714286,24128.2857142857,9.9,9.7,9.81917651120991,10.584087318205,92.8,149.8
2021-02-21,31898,3300,10.3454762054047,37647.4285714286,27168.7142857143,10.1,9.7,9.70727550173335,11.2620593965387,86.2,138.6
2021-02-22,48296,4571,9.46455192976644,41303.2857142857,26916.8571428571,9.8,9.7,9.75253080462665,10.8126532296454,90.2,153.4
2021-02-23,46866,4100,8.74834634916571,41481.4285714286,29021.7142857143,9.4,9.6,9.64070650868038,10.5169411671836,91.7,142.9
2021-02-24,52855,4406,8.33601362217387,42462.1428571429,30963.5714285714,8.8,9.4,9.52227475793885,10.2242318216048,93.1,137.1
2021-02-25,47790,4067,8.51014856664574,43295.7142857143,32514.5714285714,8.5,9.2,9.33378465157871,10.1253750160163,92.2,133.2
2021-02-26,45114,3946,8.74673050494303,44055.2857142857,34241.2857142857,8.5,9,9.12197268407655,10.0699905216531,90.6,128.7
2021-02-27,38888,3536,9.09277926352602,44529.5714285714,36144.4285714286,8.8,9,9.03486377737508,9.81917651120991,92,123.2
2021-02-28,37414,3347,8.94584914737799,45317.5714285714,37647.4285714286,8.9,8.8,8.83491705479983,9.70727550173335,91,120.4
2021-03-01,56424,4465,7.91329930526017,46478.7142857143,41303.2857142857,8.5,8.6,8.61330953701322,9.75253080462665,88.3,112.5
2021-03-02,54335,4374,8.05005981411613,47545.7142857143,41481.4285714286,8.2,8.5,8.51355431772042,9.64070650868038,88.3,114.6
2021-03-03,54911,4358,7.93647902970261,47839.4285714286,42462.1428571429,8,8.4,8.45647794736739,9.52227475793885,88.8,112.7
2021-03-04,52934,3950,7.46212264329165,48574.2857142857,43295.7142857143,7.8,8.2,8.3067599583168,9.33378465157871,89,112.2
2021-03-05,49325,4116,8.34465281297516,49175.8571428571,44055.2857142857,7.9,8.2,8.24932028803568,9.12197268407655,90.4,111.6
2021-03-06,46444,3762,8.10007751270347,50255.2857142857,44529.5714285714,8,8.1,8.10750575220388,9.03486377737508,89.7,112.9
2021-03-07,47106,3822,8.11361609985989,51639.8571428571,45317.5714285714,8.2,8,7.98861531684416,8.83491705479983,90.4,114
2021-03-08,65012,4440,6.82950839844952,52866.7142857143,46478.7142857143,7.6,7.8,7.83378804444263,8.61330953701322,90.9,113.7
2021-03-09,69396,4883,7.03642861260015,55018.2857142857,47545.7142857143,7.2,7.6,7.68898358708321,8.51355431772042,90.3,115.7
2021-03-10,75411,5707,7.56786145257323,57946.8571428571,47839.4285714286,7.2,7.6,7.63632393320758,8.45647794736739,90.3,121.1
2021-03-11,67236,5221,7.76518531738949,59990,48574.2857142857,7.5,7.6,7.67961860093585,8.3067599583168,92.5,123.5
2021-03-12,64672,5570,8.61269173676398,62182.4285714286,49175.8571428571,8,7.7,7.71790987576282,8.24932028803568,93.6,126.4
2021-03-13,59881,4833,8.07100749820477,64102,50255.2857142857,8.1,7.7,7.71375701654872,8.10750575220388,95.1,127.6
2021-03-14,59503,4619,7.76263381678235,65873,51639.8571428571,8.2,7.6,7.66361669039478,7.98861531684416,95.9,127.6
2021-03-15,80682,5552,6.88133660543864,68111.5714285714,52866.7142857143,7.5,7.6,7.67102071996466,7.83378804444263,97.9,128.8
2021-03-16,79999,5911,7.38884236052951,69626.2857142857,55018.2857142857,7.3,7.7,7.72136554109742,7.68898358708321,100.4,126.6
2021-03-17,82891,6633,8.00207501417524,70694.8571428571,57946.8571428571,7.4,7.7,7.78339604989771,7.63632393320758,101.9,122
2021-03-18,75275,6104,8.10893390900033,71843.2857142857,59990,7.8,7.8,7.8325029915564,7.67961860093585,102,119.8
2021-03-19,71555,6176,8.63112291244497,72826.5714285714,62182.4285714286,8.2,7.8,7.83513601665369,7.71790987576282,101.5,117.1
2021-03-20,63718,5545,8.70240748297184,73374.7142857143,64102,8.5,7.9,7.92533601447755,7.71375701654872,102.7,114.5
2021-03-21,63495,5572,8.77549413339633,73945,65873,8.7,8,8.07003034542241,7.66361669039478,105.3,112.3
2021-03-22,86238,6644,7.70426030288272,74738.7142857143,68111.5714285714,8.3,8.1,8.18759087362871,7.67102071996466,106.7,109.7
2021-03-23,88142,7043,7.99051530484899,75902,69626.2857142857,8.1,8.2,8.27354415138863,7.72136554109742,107.2,109
2021-03-24,89153,7401,8.3014592890873,76796.5714285714,70694.8571428571,8,8.3,8.31631333351893,7.78339604989771,106.8,108.6
2021-03-25,83496,7506,8.98965219890773,77971,71843.2857142857,8.4,8.4,8.44213023207713,7.8325029915564,107.8,108.5
2021-03-26,74973,6905,9.20998226028037,78459.2857142857,72826.5714285714,8.8,8.5,8.52482442462504,7.83513601665369,108.8,107.7
2021-03-27,66014,5913,8.95719089890023,78787.2857142857,73374.7142857143,9.1,8.5,8.56122205547195,7.92533601447755,108,107.4
2021-03-28,62315,5162,8.28371981063949,78618.7142857143,73945,8.8,8.5,8.4909685807924,8.07003034542241,105.2,106.3
2021-03-29,87148,7248,8.31688621655115,78748.7142857143,74738.7142857143,8.5,8.6,8.57848656845933,8.18759087362871,104.8,105.4
2021-03-30,82189,7045,8.57170667607587,77898.2857142857,75902,8.4,8.7,8.66151390720602,8.27354415138863,104.7,102.6
2021-03-31,78540,6845,8.7153043035396,76382.1428571429,76796.5714285714,8.5,8.7,8.72063462355635,8.31631333351893,104.9,99.5
2021-04-01,72399,6732,9.29847097335598,74796.8571428571,77971,8.8,8.8,8.76475159133467,8.44213023207713,103.8,95.9
2021-04-02,66191,6035,9.11755374597755,73542.2857142857,78459.2857142857,9,8.7,8.75154751786284,8.52482442462504,102.7,93.7
2021-04-03,58184,5224,8.97841330950089,72423.7142857143,78787.2857142857,9.1,8.7,8.75457929080579,8.56122205547195,102.3,91.9
2021-04-04,52207,4940,9.46233263738579,70979.7142857143,78618.7142857143,9.2,8.9,8.92295255176955,8.4909685807924,105.1,90.3
2021-04-05,66000,5973,9.05,67958.5714285714,78748.7142857143,9.1,9,9.02768309226224,8.57848656845933,105.2,86.3
2021-04-06,84763,7123,8.40343074218704,68326.2857142857,77898.2857142857,8.9,9,9.00364367313527,8.66151390720602,103.9,87.7
2021-04-07,81399,7373,9.05785083354832,68734.7142857143,76382.1428571429,8.8,9,9.05257889170794,8.72063462355635,103.8,90
2021-04-08,74135,7111,9.5919606123963,68982.7142857143,74796.8571428571,9,9.1,9.09450598299942,8.76475159133467,103.8,92.2
2021-04-09,65898,6913,10.4904549455219,68940.8571428571,73542.2857142857,9.7,9.3,9.29063472579146,8.75154751786284,106.2,93.7
2021-04-10,57951,6882,11.8755500336491,68907.5714285714,72423.7142857143,10.6,9.6,9.70451140066978,8.75457929080579,110.9,95.1
2021-04-11,58781,5808,9.88074377775131,69846.7142857143,70979.7142857143,10.7,9.7,9.76428442072199,8.92295255176955,109.4,98.4
2021-04-12,77926,7499,9.6232322973077,71550.4285714286,67958.5714285714,10.4,9.7,9.84617474890881,9.02768309226224,109.1,105.3
2021-04-13,77386,7365,9.51722533791642,70496.5714285714,68326.2857142857,9.7,9.9,10.0052882625844,9.00364367313527,111.1,103.2
2021-04-14,82135,7459,9.08139039386376,70601.7142857143,68734.7142857143,9.4,9.9,10.0086510569152,9.05257889170794,110.6,102.7
2021-04-15,73245,7742,10.5700047784832,70474.5714285714,68982.7142857143,9.7,10.1,10.1483716520705,9.09450598299942,111.6,102.2
2021-04-16,65708,7547,11.485663846107,70447.4285714286,68940.8571428571,10.3,10.2,10.2905443521541,9.29063472579146,110.8,102.2
2021-04-17,58205,6371,10.9457950347908,70483.7142857143,68907.5714285714,11,10.1,10.15772220946,9.70451140066978,104.7,102.3
2021-04-18,59067,6071,10.278158701136,70524.5714285714,69846.7142857143,10.9,10.1,10.2144957699436,9.76428442072199,104.6,101
2021-04-19,82605,8299,10.0466073482235,71193,71550.4285714286,10.4,10.2,10.2749779200744,9.84617474890881,104.4,99.5
2021-04-20,79724,8374,10.5037378957403,71527,70496.5714285714,10.3,10.4,10.4159082854778,10.0052882625844,104.1,101.5
2021-04-21,82199,8346,10.1534081923138,71536.1428571429,70601.7142857143,10.2,10.5,10.5690536852564,10.0086510569152,105.6,101.3
2021-04-22,71587,7775,10.8609105005099,71299.2857142857,70474.5714285714,10.5,10.6,10.6106116455459,10.1483716520705,104.6,101.2
2021-04-23,60124,6861,11.4114164060941,70501.5714285714,70447.4285714286,10.7,10.6,10.6000048684012,10.2905443521541,103,100.1
2021-04-24,55881,6077,10.8748948658757,70169.5714285714,70483.7142857143,11,10.5,10.5898762728419,10.15772220946,104.3,99.6
2021-04-25,55272,5702,10.316254161239,69627.4285714286,70524.5714285714,10.9,10.6,10.595318481428,10.2144957699436,103.7,98.7
2021-04-26,68444,7454,10.8906551341242,67604.4285714286,71193,10.7,10.7,10.7158967365567,10.2749779200744,104.3,95
2021-04-27,54941,6690,12.1766986403597,64064,71527,11.1,10.9,10.9548911286452,10.4159082854778,105.2,89.6
2021-04-28,68216,7308,10.7130292013604,62066.4285714286,71536.1428571429,11.2,11,11.0348369870804,10.5690536852564,104.4,86.8
2021-04-29,64868,7199,11.0979219337732,61106.5714285714,71299.2857142857,11.3,11.1,11.0686957632609,10.6106116455459,104.3,85.7
2021-04-30,58892,7516,12.7623446308497,60930.5714285714,70501.5714285714,11.5,11.2,11.2616855096545,10.6000048684012,106.2,86.4
2021-05-01,47899,6111,12.7580951585628,59790.2857142857,70169.5714285714,12.1,11.5,11.5307141228956,10.5898762728419,108.9,85.2
2021-05-02,46545,5856,12.5813728649694,58543.5714285714,69627.4285714286,12.7,11.7,11.8543025091428,10.595318481428,111.9,84.1
2021-05-03,60931,7194,11.8067978533095,57470.2857142857,67604.4285714286,12.3,11.9,11.9851800404549,10.7158967365567,111.8,85
2021-05-04,55727,6565,11.7806449297468,57582.5714285714,64064,12,11.8,11.9286009389388,10.9548911286452,108.9,89.9
2021-05-05,57829,7040,12.1738228224593,56098.7142857143,62066.4285714286,11.9,12.1,12.137285741953,11.0348369870804,110,90.4
2021-05-06,52460,6456,12.306519252764,54326.1428571429,61106.5714285714,12.1,12.3,12.3099425018088,11.0686957632609,111.2,88.9
2021-05-07,48948,6094,12.4499468824058,52905.5714285714,60930.5714285714,12.3,12.2,12.2653142520311,11.2616855096545,108.9,86.8
2021-05-08,41608,5253,12.6249759661604,52006.8571428571,59790.2857142857,12.4,12.2,12.246297224545,11.5307141228956,106.2,87
2021-05-09,35550,4764,13.4008438818565,50436.1428571429,58543.5714285714,12.8,12.3,12.3633645126718,11.8543025091428,104.3,86.2
2021-05-10,49495,6428,12.9871704212547,48802.4285714286,57470.2857142857,13,12.5,12.5319891652354,11.9851800404549,104.6,84.9
2021-05-11,45168,5561,12.3118136733971,47294,57582.5714285714,12.9,12.6,12.6078704143283,11.9286009389388,105.7,82.1
2021-05-12,42243,5443,12.884975025448,45067.4285714286,56098.7142857143,12.7,12.7,12.7094635861838,12.137285741953,104.7,80.3
2021-05-13,34785,4495,12.922236596234,42542.4285714286,54326.1428571429,12.7,12.8,12.7974232066795,12.3099425018088,104,78.3
2021-05-14,36616,4197,11.4622023159275,40780.7142857143,52905.5714285714,12.4,12.7,12.6563168400397,12.2653142520311,103.2,77.1
2021-05-15,32031,3723,11.6231151072399,39412.5714285714,52006.8571428571,12,12.5,12.5131938601939,12.246297224545,102.2,75.8
2021-05-16,32553,3441,10.5704543360059,38984.4285714286,50436.1428571429,11.2,12.2,12.108852496501,12.3633645126718,97.9,77.3
2021-05-17,45126,4886,10.8274608872934,38360.2857142857,48802.4285714286,11,11.8,11.800322563078,12.5319891652354,94.2,78.6
2021-05-18,37635,4371,11.6141889198884,37284.1428571429,47294,11,11.7,11.7006618840053,12.6078704143283,92.8,78.8
2021-05-19,36006,4110,11.4147642059657,36393.1428571429,45067.4285714286,11.3,11.5,11.4906317669364,12.7094635861838,90.4,80.8
2021-05-20,34115,3437,10.0747471786604,36297.4285714286,42542.4285714286,11.1,11.1,11.0838475644259,12.7974232066795,86.6,85.3
2021-05-21,32214,3138,9.74110635127584,35668.5714285714,40780.7142857143,10.4,10.9,10.8379767123328,12.6563168400397,85.6,87.5
2021-05-22,28336,2673,9.4332298136646,35140.7142857143,39412.5714285714,9.8,10.6,10.5251359561077,12.5131938601939,84.1,89.2
2021-05-23,25868,2342,9.05365702798825,34185.7142857143,38984.4285714286,9.4,10.4,10.3084506263909,12.108852496501,85.1,87.7
2021-05-24,27910,2431,8.71013973486206,31726.2857142857,38360.2857142857,9.1,10.1,10.0059761760436,11.800322563078,84.8,82.7
2021-05-25,36327,3133,8.62443912241583,31539.4285714286,37284.1428571429,8.8,9.6,9.57886906211895,11.7006618840053,81.9,84.6
2021-05-26,39549,3428,8.66772864042074,32045.5714285714,36393.1428571429,8.7,9.2,9.18643540989825,11.4906317669364,79.9,88.1
2021-05-27,33583,3015,8.97775660304321,31969.5714285714,36297.4285714286,8.7,9,9.02972247052436,11.0838475644259,81.5,88.1
2021-05-28,28838,2786,9.66086413759623,31487.2857142857,35668.5714285714,9.1,9,9.01825929714156,10.8379767123328,83.2,88.3
2021-05-29,22356,2245,10.0420468777957,30633,35140.7142857143,9.5,9,9.105233163446,10.5251359561077,86.5,87.2
2021-05-30,23744,2055,8.65481805929919,30329.5714285714,34185.7142857143,9.5,9,9.04825616791899,10.3084506263909,87.8,88.7
2021-05-31,36786,2609,7.09237209808079,31597.5714285714,31726.2857142857,8.3,8.7,8.81714650552167,10.0059761760436,88.1,99.6
2021-06-01,32380,2478,7.65287214329833,31033.7142857143,31539.4285714286,7.7,8.6,8.67835122279059,9.57886906211895,90.6,98.4
2021-06-02,31628,2369,7.49019855823953,29902.1428571429,32045.5714285714,7.4,8.4,8.51013263962185,9.18643540989825,92.6,93.3
2021-06-03,27994,2039,7.28370365078231,29103.7142857143,31969.5714285714,7.5,8.1,8.26812507501315,9.02972247052436,91.6,91
2021-06-04,23828,1754,7.36108779587041,28388,31487.2857142857,7.4,7.8,7.93958559762375,9.01825929714156,88,90.2
2021-06-05,21167,1417,6.69438276562574,28218.1428571429,30633,7.1,7.5,7.46134786731376,9.105233163446,81.9,92.1
2021-06-06,21621,1327,6.13755145460432,27914.8571428571,30329.5714285714,6.8,7.2,7.10173835235735,9.04825616791899,78.5,92
2021-06-07,31996,1644,5.13814226778347,27230.5714285714,31597.5714285714,5.9,6.8,6.82256266231487,8.81714650552167,77.4,86.2
2021-06-08,28819,1441,5.00017349665151,26721.8571428571,31033.7142857143,5.4,6.4,6.4436057127939,8.67835122279059,74.2,86.1
2021-06-09,28251,1497,5.29892747159393,26239.4285714286,29902.1428571429,5.1,6.1,6.13056698613024,8.51013263962185,72,87.8
2021-06-10,22932,1219,5.31571603000174,25516.2857142857,29103.7142857143,5.2,5.8,5.8494258974473,8.26812507501315,70.7,87.7
2021-06-11,20047,1138,5.67665984935402,24976.1428571429,28388,5.4,5.5,5.60879333365925,7.93958559762375,70.6,88
2021-06-12,16621,861,5.18019373082245,24326.7142857143,28218.1428571429,5.4,5.4,5.39248061440164,7.46134786731376,72.3,86.2
2021-06-13,16144,804,4.98017839444995,23544.2857142857,27914.8571428571,5.3,5.2,5.22714160580815,7.10173835235735,73.6,84.3
2021-06-14,25929,1091,4.20764395078869,22677.5714285714,27230.5714285714,4.7,5.1,5.0942132748089,6.82256266231487,74.7,83.3
2021-06-15,23650,1030,4.35517970401691,21939.1428571429,26721.8571428571,4.5,5,5.00207130443253,6.4436057127939,77.6,82.1
2021-06-16,22257,976,4.38513726018781,21082.8571428571,26239.4285714286,4.3,4.8,4.87152984566023,6.13056698613024,79.5,80.3
2021-06-17,17939,805,4.48742962260996,20369.5714285714,25516.2857142857,4.4,4.7,4.75320321603283,5.8494258974473,81.3,79.8
2021-06-18,16385,722,4.40646933170583,19846.4285714286,24976.1428571429,4.4,4.5,4.57174742779737,5.60879333365925,81.5,79.5
2021-06-19,13905,643,4.62423588637181,19458.4285714286,24326.7142857143,4.5,4.5,4.49232487859014,5.39248061440164,83.3,80
2021-06-20,13285,502,3.77869777945051,19050,23544.2857142857,4.3,4.3,4.32068479073307,5.22714160580815,82.7,80.9
2021-06-21,22729,713,3.13696159091909,18592.8571428571,22677.5714285714,3.7,4.1,4.16773016789456,5.0942132748089,81.8,82
2021-06-22,20225,615,3.04079110012361,18103.5714285714,21939.1428571429,3.3,3.9,3.97996036733837,5.00207130443253,79.6,82.5
2021-06-23,20429,629,3.07895638553037,17842.4285714286,21082.8571428571,3.1,3.7,3.79336309953017,4.87152984566023,77.9,84.6
2021-06-24,19046,588,3.08726241730547,18000.5714285714,20369.5714285714,3.1,3.5,3.5933392130581,4.75320321603283,75.6,88.4
2021-06-25,17346,557,3.21111495445636,18137.8571428571,19846.4285714286,3.1,3.3,3.42257430202246,4.57174742779737,74.9,91.4
2021-06-26,13593,429,3.15603619510042,18093.2857142857,19458.4285714286,3.1,3.2,3.21283148898369,4.49232487859014,71.5,93
2021-06-27,12547,425,3.38726388778194,17987.8571428571,19050,3.2,3.1,3.15691236160247,4.32068479073307,73.1,94.4
2021-06-28,21076,559,2.65230594040615,17751.7142857143,18592.8571428571,3,3.1,3.08767584010062,4.16773016789456,74.1,95.5
2021-06-29,20159,621,3.08050994592986,17742.2857142857,18103.5714285714,3,3.1,3.09334996093008,3.97996036733837,77.7,98
2021-06-30,19031,852,4.47690610057275,17542.5714285714,17842.4285714286,3.4,3.3,3.29305706307899,3.79336309953017,86.8,98.3
2021-07-01,19491,1043,5.35118772766918,17606.1428571429,18000.5714285714,4.3,3.6,3.61647496455952,3.5933392130581,100.6,97.8
2021-07-02,19057,1162,6.097496982736,17850.5714285714,18137.8571428571,5.3,4.1,4.02881525431376,3.42257430202246,117.7,98.4
2021-07-03,15064,1138,7.55443441317047,18060.7142857143,18093.2857142857,6.2,4.6,4.65715785689519,3.21283148898369,145,99.8
2021-07-04,17758,1559,8.77914179524721,18805.1428571429,17987.8571428571,7.4,5.3,5.42742612939023,3.15691236160247,171.9,104.5
2021-07-05,32030,3091,9.65032781767093,20370,17751.7142857143,8.9,6.6,6.42714354042806,3.08767584010062,208.2,114.7
2021-07-06,38026,4997,13.1410087834639,22922.4285714286,17742.2857142857,11,8.6,7.86435766007579,3.09334996093008,254.2,129.2
2021-07-07,43494,7397,17.0069434864579,26417.1428571429,17542.5714285714,13.6,11,9.65436300091652,3.29305706307899,293.2,150.6
2021-07-08,50239,9408,18.7264873902745,30809.7142857143,17606.1428571429,16.5,13.3,11.5651200955744,3.61647496455952,319.8,175
2021-07-09,52144,8883,17.0355170297637,35536.4285714286,17850.5714285714,17.6,14.7,13.127694388007,4.02881525431376,325.8,199.1
2021-07-10,46757,7956,17.0156340227132,40064,18060.7142857143,17.6,15.4,14.4792943322273,4.65715785689519,310.9,221.8
2021-07-11,48493,7673,15.8229022745551,44454.7142857143,18805.1428571429,16.6,15.9,15.4855458292713,5.42742612939023,285.3,236.4
2021-07-12,62178,9504,15.2851490881019,48761.5714285714,20370,16,16.4,16.2905202964757,6.42714354042806,253.5,239.4
2021-07-13,68914,11181,16.2245697536059,53174.1428571429,22922.4285714286,15.8,16.7,16.731029006496,7.86435766007579,212.7,232
2021-07-14,72023,11406,15.836607750302,57249.7142857143,26417.1428571429,15.8,16.5,16.5638381870452,9.65436300091652,171.6,216.7
2021-07-15,69306,10366,14.956857992093,59973.5714285714,30809.7142857143,15.7,16,16.0253197015907,11.5651200955744,138.6,194.7
2021-07-16,60356,8790,14.5635893697395,61146.7142857143,35536.4285714286,15.2,15.6,15.6721871787301,13.127694388007,119.4,172.1
2021-07-17,45661,6934,15.1858259784061,60990.1428571429,40064,14.9,15.4,15.4107860295434,14.4792943322273,106.4,152.2
2021-07-18,39885,6241,15.6474865237558,59760.4285714286,44454.7142857143,15.1,15.4,15.385726636572,15.4855458292713,99.4,134.4
2021-07-19,49475,6890,13.9262253663466,57945.7142857143,48761.5714285714,14.9,15.2,15.1915946763213,16.2905202964757,93.3,118.8
2021-07-20,45526,6292,13.8206739006282,54604.5714285714,53174.1428571429,14.4,14.9,14.8481809830388,16.731029006496,88.7,102.7
2021-07-21,42859,5714,13.3320889428125,50438.2857142857,57249.7142857143,13.7,14.5,14.4903925819688,16.5638381870452,87.5,88.1
2021-07-22,37675,5022,13.3297942932979,45919.5714285714,59973.5714285714,13.5,14.3,14.2579549107124,16.0253197015907,89,76.6
2021-07-23,33026,4417,13.3743111487919,42015.2857142857,61146.7142857143,13.3,14.1,14.0880580220056,15.6721871787301,89.9,68.7
2021-07-24,26609,3644,13.6946146040813,39293.5714285714,60990.1428571429,13.4,13.9,13.8750278256735,15.4107860295434,90,64.4
2021-07-25,24393,3278,13.4382814741934,37080.4285714286,59760.4285714286,13.5,13.6,13.5594271043074,15.385726636572,88.1,62
2021-07-26,31417,3952,12.5791768787599,34500.7142857143,57945.7142857143,13.2,13.4,13.3669916060807,15.1915946763213,88,59.5
2021-07-27,28630,3539,12.3611596227733,32087,54604.5714285714,12.8,13.2,13.1584895663872,14.8481809830388,88.6,58.8
2021-07-28,26636,3194,11.991289983481,29769.4285714286,50438.2857142857,12.3,13,12.9669468579113,14.4903925819688,89.5,59
2021-07-29,23850,2878,12.0670859538784,27794.4285714286,45919.5714285714,12.1,12.8,12.7865599522799,14.2579549107124,89.7,60.5
2021-07-30,22319,2704,12.1152381379094,26264.8571428571,42015.2857142857,12.1,12.6,12.6066923792967,14.0880580220056,89.5,62.5
2021-07-31,17611,2139,12.1458179546874,24979.4285714286,39293.5714285714,12.1,12.4,12.3854357150976,13.8750278256735,89.3,63.6
2021-08-01,15800,2119,13.4113924050633,23751.8571428571,37080.4285714286,12.5,12.3,12.3815944195075,13.5594271043074,91.3,64.1
2021-08-02,21863,2771,12.6743813749257,22387,34500.7142857143,12.7,12.3,12.3951950618169,13.3669916060807,92.7,64.9
2021-08-03,20493,2486,12.1309715512614,21224.5714285714,32087,12.7,12.3,12.3623110516009,13.1584895663872,93.9,66.1
2021-08-04,19532,2503,12.8148679090723,20209.7142857143,29769.4285714286,12.5,12.4,12.4799650409711,12.9669468579113,96.2,67.9
2021-08-05,18361,2273,12.3795000272316,19425.5714285714,27794.4285714286,12.4,12.5,12.5245956228787,12.7865599522799,98,69.9
2021-08-06,17130,2195,12.8137769994162,18684.2857142857,26264.8571428571,12.7,12.6,12.6243868888083,12.6066923792967,100.1,71.1
2021-08-07,13349,1959,14.6752565735261,18075.4285714286,24979.4285714286,13.2,12.9,12.9857352629281,12.3854357150976,104.8,72.4
2021-08-08,12530,1704,13.5993615323224,17608.2857142857,23751.8571428571,13.6,12.9,13.0125879953937,12.3815944195075,105.1,74.1
2021-08-09,18571,2449,13.1872273975553,17138,22387,13.8,13,13.0858517129122,12.3951950618169,105.6,76.6
2021-08-10,16542,2224,13.4445653488091,16573.5714285714,21224.5714285714,13.4,13.2,13.2735079697047,12.3623110516009,107.4,78.1
2021-08-11,15840,2305,14.5517676767677,16046.1428571429,20209.7142857143,13.7,13.5,13.5216365079469,12.4799650409711,108.3,79.4
2021-08-12,15001,2150,14.3323778414772,15566.1428571429,19425.5714285714,14.1,13.8,13.8006190528392,12.5245956228787,110.2,80.1
2021-08-13,14729,2197,14.9161518093557,15223.1428571429,18684.2857142857,14.6,14.1,14.1009583114019,12.6243868888083,111.7,81.5
2021-08-14,12317,2059,16.7167329706909,15075.7142857143,18075.4285714286,15.2,14.3,14.3925977967112,12.9857352629281,110.8,83.4
2021-08-15,11281,1860,16.4879000088645,14897.2857142857,17608.2857142857,16,14.6,14.8052461505029,13.0125879953937,113.8,84.6
2021-08-16,18619,2498,13.4164025994951,14904.1428571429,17138,15.2,14.7,14.8379854650657,13.0858517129122,113.4,87
2021-08-17,17667,2295,12.9903209373408,15064.8571428571,16573.5714285714,14,14.6,14.7730934062846,13.2735079697047,111.3,90.9
2021-08-18,16249,2095,12.8931011139147,15123.2857142857,16046.1428571429,13.1,14.3,14.5361410401627,13.5216365079469,107.5,94.2
2021-08-19,15880,2039,12.8400503778338,15248.8571428571,15566.1428571429,12.9,14.1,14.3229514024994,13.8006190528392,103.8,98
2021-08-20,16429,2216,13.4883437823361,15491.7142857143,15223.1428571429,13.1,13.9,14.1189788272108,14.1009583114019,100.1,101.8
2021-08-21,13778,2066,14.9949194367833,15700.4285714286,15075.7142857143,13.7,13.7,13.873005465224,14.3925977967112,96.4,104.1
2021-08-22,12706,2076,16.3387376042814,15904,14897.2857142857,14.8,13.7,13.8516965502836,14.8052461505029,93.6,106.8
2021-08-23,18653,2718,14.5713826194178,15908.8571428571,14904.1428571429,15.2,13.9,14.0166936959868,14.8379854650657,94.5,106.7
2021-08-24,17636,2562,14.5271036516217,15904.4285714286,15064.8571428571,15,14.2,14.2362340837413,14.7730934062846,96.4,105.6
2021-08-25,18833,2479,13.1630648330059,16273.5714285714,15123.2857142857,14.1,14.2,14.2748003293257,14.5361410401627,98.2,107.6
2021-08-26,18357,2371,12.9160538214305,16627.4285714286,15248.8571428571,13.5,14.2,14.2856579641252,14.3229514024994,99.7,109
2021-08-27,17908,2324,12.9774402501675,16838.7142857143,15491.7142857143,13,14.1,14.212671745244,14.1189788272108,100.7,108.7
2021-08-28,16290,2004,12.3020257826888,17197.5714285714,15700.4285714286,12.7,13.7,13.8279726518019,13.873005465224,99.7,109.5
2021-08-29,16704,1858,11.1230842911877,17768.7142857143,15904,12.2,13.1,13.08287932136,13.8516965502836,94.4,111.7
2021-08-30,24404,2833,11.6087526634978,18590.2857142857,15908.8571428571,11.7,12.6,12.6596464705143,14.0166936959868,90.3,116.9
2021-08-31,24514,2648,10.8019906991923,19572.8571428571,15904.4285714286,11.2,12.1,12.1274874773101,14.2362340837413,85.2,123.1
2021-09-01,24710,2628,10.635370295427,20412.4285714286,16273.5714285714,11,11.7,11.7663882576559,14.2748003293257,82.4,125.4
2021-09-02,22489,2429,10.8008359642492,21002.7142857143,16627.4285714286,10.7,11.4,11.4642142780586,14.2856579641252,80.2,126.3
2021-09-03,20548,2263,11.0132372980339,21379.8571428571,16838.7142857143,10.8,11.1,11.1836138563252,14.212671745244,78.7,127
2021-09-04,19126,1976,10.3314859353759,21785,17197.5714285714,10.7,10.9,10.902108163852,13.8279726518019,78.8,126.7
2021-09-05,19341,1923,9.94260896541027,22161.7142857143,17768.7142857143,10.4,10.8,10.733468831598,13.08287932136,82,124.7
2021-09-06,30905,2782,9.00177964730626,23090.4285714286,18590.2857142857,9.6,10.3,10.3610441149993,12.6596464705143,81.8,124.2
2021-09-07,27983,2548,9.10552835650216,23586,19572.8571428571,9.3,10,10.1186923517578,12.1274874773101,83.4,120.5
2021-09-08,27953,2425,8.67527635674167,24049.2857142857,20412.4285714286,8.9,9.7,9.83867893194562,11.7663882576559,83.6,117.8
2021-09-09,23544,2159,9.17006455997282,24200,21002.7142857143,9,9.5,9.60571158847757,11.4642142780586,83.8,115.2
2021-09-10,22114,2105,9.51885683277562,24423.7142857143,21379.8571428571,9.1,9.3,9.39222866486925,11.1836138563252,84,114.2
2021-09-11,18701,1700,9.09042297203358,24363,21785,9.3,9.2,9.21493395582034,10.902108163852,84.5,111.8
2021-09-12,18749,1587,8.46445143740999,24278.4285714286,22161.7142857143,9.1,9,9.00376859467744,10.733468831598,83.9,109.6
2021-09-13,30440,2251,7.39487516425756,24212,23090.4285714286,8.2,8.7,8.77421081138477,10.3610441149993,84.7,104.9
2021-09-14,27385,2009,7.33613291948147,24126.5714285714,23586,7.6,8.4,8.52144003466753,10.1186923517578,84.2,102.3
2021-09-15,28583,2194,7.67589126403807,24216.5714285714,24049.2857142857,7.5,8.3,8.37867073570987,9.83867893194562,85.2,100.7
2021-09-16,22271,1968,8.83660365497732,24034.7142857143,24200,7.9,8.2,8.33103346356766,9.60571158847757,86.7,99.3
2021-09-17,19982,1701,8.51266139525573,23730.1428571429,24423.7142857143,8.3,8.1,8.18729125820767,9.39222866486925,87.2,97.2
2021-09-18,15749,1375,8.73071306114674,23308.4285714286,24363,8.7,8,8.13590412808098,9.21493395582034,88.3,95.7
2021-09-19,15806,1282,8.11084398329748,22888,24278.4285714286,8.5,8,8.08538877749348,9.00376859467744,89.8,94.3
2021-09-20,29481,1860,6.30914826498423,22751,24212,7.4,7.8,7.93028493474015,8.77421081138477,90.4,94
2021-09-21,25402,1683,6.62546256200299,22467.7142857143,24126.5714285714,6.8,7.7,7.82876059795751,8.52144003466753,91.9,93.1
2021-09-22,24228,1713,7.07033184744923,21845.5714285714,24216.5714285714,6.6,7.6,7.74225210987339,8.37867073570987,92.4,90.2
2021-09-23,22191,1598,7.20111757018611,21834.1428571429,24034.7142857143,7,7.3,7.5086112406175,8.33103346356766,90.1,90.8
2021-09-24,18527,1504,8.1178820100394,21626.2857142857,23730.1428571429,7.4,7.3,7.4522141855866,8.18729125820767,91,91.1
2021-09-25,13376,1334,9.97308612440191,21287.2857142857,23308.4285714286,8.2,7.4,7.62969605176591,8.13590412808098,93.8,91.3
2021-09-26,13212,1231,9.31728731456252,20916.7142857143,22888,9,7.5,7.80204509908949,8.08538877749348,96.5,91.4
2021-09-27,25904,1808,6.97961704756022,20405.7142857143,22751,8.3,7.6,7.8978263537432,7.93028493474015,99.6,89.7
2021-09-28,21766,1611,7.40145180556832,19886.2857142857,22467.7142857143,7.6,7.8,8.00868195996682,7.82876059795751,102.3,88.5
2021-09-29,22054,1581,7.16876757050875,19575.7142857143,21845.5714285714,7.2,7.8,8.02274420611818,7.74225210987339,103.6,89.6
2021-09-30,19933,1569,7.87136908643957,19253.1428571429,21834.1428571429,7.5,7.9,8.11849442272582,7.5086112406175,108.1,88.2
2021-10-01,18091,1497,8.27483278978498,19190.8571428571,21626.2857142857,7.7,7.9,8.14091596268947,7.4522141855866,109.2,88.7
2021-10-02,13913,1487,10.6878458995184,19267.5714285714,21287.2857142857,8.8,8,8.24302450199183,7.62969605176591,108,90.5
2021-10-03,14790,1512,10.2231237322515,19493,20916.7142857143,9.6,8.1,8.37242970451883,7.80204509908949,107.3,93.2
2021-10-04,27063,2191,8.09592432472379,19658.5714285714,20405.7142857143,9.3,8.3,8.53190217268505,7.8978263537432,108,96.3
2021-10-05,25809,2343,9.07822852493316,20236.1428571429,19886.2857142857,8.9,8.6,8.77144170402289,8.00868195996682,109.5,101.8
2021-10-06,25685,2396,9.32840179092856,20754.8571428571,19575.7142857143,8.8,8.9,9.07996087836857,8.02274420611818,113.2,106
2021-10-07,24117,2454,10.1753949496206,21352.5714285714,19253.1428571429,9.5,9.3,9.40910743025158,8.11849442272582,115.9,110.9
2021-10-08,21176,2437,11.5083112958066,21793.2857142857,19190.8571428571,10.3,9.7,9.87103293111181,8.14091596268947,121.3,113.6
2021-10-09,16607,2259,13.6026976576143,22178.1428571429,19267.5714285714,11.6,10,10.2874403251255,8.24302450199183,124.8,115.1
2021-10-10,17283,2127,12.3068911647283,22534.2857142857,19493,12.4,10.3,10.5851213869079,8.37242970451883,126.4,115.6
2021-10-11,34197,3601,10.5301634646314,23553.4285714286,19658.5714285714,11.7,10.7,10.9328698354661,8.53190217268505,128.1,119.8
2021-10-12,31476,3434,10.9098996060491,24363,20236.1428571429,11,11,11.1945371327684,8.77144170402289,127.6,120.4
2021-10-13,33269,3602,10.8268959091046,25446.4285714286,20754.8571428571,10.8,11.2,11.4086077210793,9.07996087836857,125.6,122.6
2021-10-14,31642,3552,11.2255862461286,26521.4285714286,21352.5714285714,11,11.3,11.5586350491518,9.40910743025158,122.8,124.2
2021-10-15,26967,3545,13.1456965921311,27348.7142857143,21793.2857142857,11.6,11.6,11.792547234341,9.87103293111181,119.5,125.5
2021-10-16,20540,3148,15.3261927945472,27910.5714285714,22178.1428571429,12.9,11.8,12.0387608253315,10.2874403251255,117,125.8
2021-10-17,20352,2996,14.7209119496855,28349,22534.2857142857,14.3,12,12.3836209374682,10.5851213869079,117,125.8
2021-10-18,36188,4533,12.5262517961755,28633.4285714286,23553.4285714286,13.9,12.4,12.6687764134031,10.9328698354661,115.9,121.6
2021-10-19,35630,4766,13.3763682290205,29226.8571428571,24363,13.3,12.8,13.0211290738276,11.1945371327684,116.3,120
2021-10-20,36905,5309,14.3855846091316,29746.2857142857,25446.4285714286,13.4,13.4,13.5295131738314,11.4086077210793,118.6,116.9
2021-10-21,33546,5379,16.0346986227866,30018.2857142857,26521.4285714286,14.6,14.1,14.2165292276397,11.5586350491518,123,113.2
2021-10-22,31537,5450,17.2812886450836,30671.1428571429,27348.7142857143,15.8,14.7,14.8073280923472,11.792547234341,125.6,112.1
2021-10-23,26317,4970,18.8851312839609,31496.4285714286,27910.5714285714,17.3,15.2,15.3157478765492,12.0387608253315,127.2,112.8
2021-10-24,25737,4784,18.5880250223414,32265.7142857143,28349,18.2,15.6,15.8681926012143,12.3836209374682,128.1,113.8
2021-10-25,45770,6997,15.2873060956959,33634.5714285714,28633.4285714286,17.1,16,16.2626289297172,12.6687764134031,128.4,117.5
2021-10-26,45109,6776,15.0213926267485,34988.7142857143,29226.8571428571,15.9,16.2,16.4976324151069,13.0211290738276,126.7,119.7
2021-10-27,45530,7268,15.9631012519218,36220.8571428571,29746.2857142857,15.4,16.4,16.7229919355055,13.5295131738314,123.6,121.8
2021-10-28,43728,7664,17.5265276253202,37675.4285714286,30018.2857142857,16.2,16.6,16.9361103644389,14.2165292276397,119.1,125.5
2021-10-29,41249,7732,18.7446968411355,39062.8571428571,30671.1428571429,17.4,16.9,17.1451686781606,14.8073280923472,115.8,127.4
2021-10-30,33657,6597,19.6006774222301,40111.4285714286,31496.4285714286,18.5,17,17.2473895550562,15.3157478765492,112.6,127.4
2021-10-31,33896,6668,19.671937691763,41277,32265.7142857143,19.3,17.2,17.4022342221164,15.8681926012143,109.7,127.9
2021-11-01,55474,9261,16.6943072430328,42663.2857142857,33634.5714285714,18.3,17.4,17.6032343860217,16.2626289297172,108.2,126.8
2021-11-02,59546,9678,16.2529808887247,44725.7142857143,34988.7142857143,17.2,17.5,17.779175566304,16.4976324151069,107.8,127.8
2021-11-03,63451,10167,16.0233881262707,47285.8571428571,36220.8571428571,16.3,17.5,17.7877879769253,16.7229919355055,106.4,130.5
2021-11-04,63689,10967,17.2196140620829,50137.4285714286,37675.4285714286,16.5,17.4,17.7439431821771,16.9361103644389,104.8,133.1
2021-11-05,65072,10939,16.8106097860831,53540.7142857143,39062.8571428571,16.7,17.2,17.4676450314553,17.1451686781606,101.9,137.1
2021-11-06,56249,10690,19.004782307241,56768.1428571429,40111.4285714286,17.6,17.2,17.3825171578855,17.2473895550562,100.8,141.5
2021-11-07,54446,10202,18.7378319803108,59703.8571428571,41277,18.1,17.2,17.2490734848209,17.4022342221164,99.1,144.6
2021-11-08,76975,13582,17.6446898343618,62775.4285714286,42663.2857142857,18.4,17.3,17.3848424264393,17.6032343860217,98.8,147.1
2021-11-09,81512,14405,17.6722445774855,65913.4285714286,44725.7142857143,17.9,17.5,17.5875943819765,17.779175566304,98.9,147.4
2021-11-10,82752,14803,17.8883894044857,68670.7142857143,47285.8571428571,17.7,17.8,17.8540231360073,17.7877879769253,100.4,145.2
2021-11-11,82449,16541,20.06209899453,71350.7142857143,50137.4285714286,18.5,18.3,18.2600924120711,17.7439431821771,102.9,142.3
2021-11-12,82993,16918,20.3848517344836,73910.8571428571,53540.7142857143,19.4,18.8,18.7706984046998,17.4676450314553,107.5,138
2021-11-13,72764,15938,21.9036886372382,76270.1428571429,56768.1428571429,20.7,19.2,19.1848278804137,17.3825171578855,110.4,134.4
2021-11-14,75147,16677,22.1925026947184,79227.4285714286,59703.8571428571,21.5,19.6,19.6783522681862,17.2490734848209,114.1,132.7
2021-11-15,90649,18940,20.8937770962724,81180.8571428571,62775.4285714286,21.6,20.1,20.1425075913163,17.3848424264393,115.9,129.3
2021-11-16,92398,19356,20.9485053789043,82736,65913.4285714286,21.3,20.6,20.6105448486618,17.5875943819765,117.2,125.5
2021-11-17,93559,20077,21.4591861819814,84279.8571428571,68670.7142857143,21.1,21.1,21.1206586740183,17.8540231360073,118.3,122.7
2021-11-18,92508,21614,23.3644657759329,85716.8571428571,71350.7142857143,21.9,21.6,21.5924253570759,18.2600924120711,118.2,120.1
2021-11-19,92020,20991,22.8113453597044,87006.4285714286,73910.8571428571,22.5,21.9,21.939067303536,18.7706984046998,116.9,117.7
2021-11-20,85709,19566,22.8284077518114,88855.7142857143,76270.1428571429,23,22.1,22.0711700341893,19.1848278804137,115,116.5
2021-11-21,83508,19597,23.4672127221344,90050.1428571429,79227.4285714286,23,22.2,22.2532714666773,19.6783522681862,113.1,113.7
2021-11-22,94231,21719,23.0486782481349,90561.8571428571,81180.8571428571,23.1,22.5,22.561114488372,20.1425075913163,112,111.6
2021-11-23,104109,20889,20.0645477336253,92234.8571428571,82736,22.1,22.4,22.4348348247607,20.6105448486618,108.9,111.5
2021-11-24,100642,19948,19.8207507799924,93246.7142857143,84279.8571428571,20.9,22.1,22.2007726244765,21.1206586740183,105.1,110.6
2021-11-25,99116,20980,21.167117317083,94190.7142857143,85716.8571428571,20.3,21.8,21.8868657017837,21.5924253570759,101.4,109.9
2021-11-26,91168,20531,22.5199631449631,94069,87006.4285714286,21.1,21.8,21.8452396711064,21.939067303536,99.6,108.1
2021-11-27,90108,20006,22.2022461934567,94697.4285714286,88855.7142857143,21.9,21.7,21.7557880199129,22.0711700341893,98.6,106.6
2021-11-28,87982,18749,21.3100406901412,95336.5714285714,90050.1428571429,22,21.4,21.447620586771,22.2532714666773,96.4,105.9
2021-11-29,101846,19326,18.9757084225203,96424.4285714286,90561.8571428571,20.7,20.8,20.8657677545403,22.561114488372,92.5,106.5
2021-11-30,104640,18587,17.7628058103976,96500.2857142857,92234.8571428571,19.2,20.4,20.5369474797935,22.4348348247607,91.5,104.6
2021-12-01,102956,19424,18.8663118225261,96830.8571428571,93246.7142857143,18.5,20.3,20.4005990572983,22.2007726244765,91.9,103.8
2021-12-02,97209,20029,20.6040592949212,96558.4285714286,94190.7142857143,19,20.2,20.3201621969895,21.8868657017837,92.8,102.5
2021-12-03,84492,19957,23.6199876911424,95604.7142857143,94069,20.9,20.3,20.4773085607294,21.8452396711064,93.7,101.6
2021-12-04,70762,18737,26.4789011051129,92841,94697.4285714286,23.3,20.7,21.0882592623945,21.7557880199129,96.9,98
2021-12-05,59945,16127,26.9029944115439,88835.7142857143,95336.5714285714,25.5,21.3,21.8872526511663,21.447620586771,102,93.2
2021-12-06,79298,18347,23.1367752024011,85614.5714285714,96424.4285714286,25.3,21.9,22.4816907625779,20.8657677545403,107.7,88.8
2021-12-07,73329,17018,23.2077350025229,81141.5714285714,96500.2857142857,24.2,22.8,23.2595377900244,20.5369474797935,113.3,84.1
2021-12-08,76565,17022,22.2320903807223,77371.4285714286,96830.8571428571,22.9,23.5,23.7403632983381,20.4005990572983,116.4,79.9
2021-12-09,68320,15804,23.132318501171,73244.4285714286,96558.4285714286,22.8,24,24.1015431849452,20.3201621969895,118.6,75.9
2021-12-10,62316,14748,23.6664740997497,70076.4285714286,95604.7142857143,23,24,24.1081841004605,20.4773085607294,117.7,73.3
2021-12-11,48478,12101,24.9618383596683,66893,92841,23.8,23.7,23.8914608511113,21.0882592623945,113.3,72.1
2021-12-12,45496,11335,24.9142781783014,64828.8571428571,88835.7142857143,24.4,23.4,23.6073585320766,21.8872526511663,107.9,73
2021-12-13,66973,16173,24.1485374703239,63068.1428571429,85614.5714285714,24.6,23.6,23.7518959989228,22.4816907625779,105.6,73.7
2021-12-14,60331,14248,23.6163829540369,61211.2857142857,81141.5714285714,24.2,23.7,23.8102742777105,23.2595377900244,102.4,75.4
2021-12-15,63319,14655,23.1447116979106,59319,77371.4285714286,23.6,23.9,23.9406487515945,23.7403632983381,100.8,76.7
2021-12-16,52498,12703,24.1971122709437,57058.7142857143,73244.4285714286,23.6,24,24.0927621472763,24.1015431849452,100,77.9
2021-12-17,49723,11947,24.0271101904551,55259.7142857143,70076.4285714286,23.7,24.1,24.1442815888057,24.1081841004605,100.1,78.9
2021-12-18,44374,11065,24.9357732005228,54673.4285714286,66893,24.4,24.1,24.140557994642,23.8914608511113,101,81.7
2021-12-19,43333,10061,23.2178709066993,54364.4285714286,64828.8571428571,24.1,23.9,23.8982140986989,23.6073585320766,101.2,83.9
2021-12-20,56288,12785,22.7135446276293,52838,63068.1428571429,23.6,23.6,23.6932151211711,23.7518959989228,99.8,83.8
2021-12-21,53409,12128,22.7077833323972,51849.1428571429,61211.2857142857,22.9,23.5,23.5634151752226,23.8102742777105,99,84.7
2021-12-22,61326,12940,21.1003489547663,51564.4285714286,59319,22.1,23.2,23.2713633547734,23.9406487515945,97.2,86.9
2021-12-23,64770,12463,19.2419329936699,53317.5714285714,57058.7142857143,20.9,22.3,22.5634806008771,24.0927621472763,93.7,93.4
2021-12-24,52500,11544,21.9885714285714,53714.2857142857,55259.7142857143,20.7,22.1,22.2722607777509,24.1442815888057,92.2,97.2
2021-12-25,29962,9569,31.9371203524464,51655.4285714286,54673.4285714286,22.8,22.5,23.2724532280257,24.140557994642,96.4,94.5
2021-12-26,28467,9571,33.6213861664383,49531.7142857143,54364.4285714286,27.7,23.4,24.7586696937027,23.8982140986989,103.6,91.1
2021-12-27,46404,13958,30.0793035083183,48119.7142857143,52838,31.6,24.4,25.8109209623725,23.6932151211711,108.9,91.1
2021-12-28,49279,14777,29.9864039448852,47529.7142857143,51849.1428571429,30.9,25.5,26.8507239070137,23.5634151752226,114,91.7
2021-12-29,60817,17056,28.044790108029,47457,51564.4285714286,29.3,26.8,27.8427869289084,23.2713633547734,119.6,92
2021-12-30,70582,18548,26.2786546144909,48287.2857142857,53317.5714285714,27.9,28.1,28.8480328747399,22.5634806008771,127.9,90.6
2021-12-31,47023,15131,32.1778704038449,47504.8571428571,53714.2857142857,28.4,29.7,30.3036470140647,22.2722607777509,136.1,88.4
2022-01-01,31553,11855,37.5717047507369,47732.1428571429,51655.4285714286,30.5,30.2,31.1085876423919,23.2724532280257,133.7,92.4
2022-01-02,48728,17901,36.736578558529,50626.5714285714,49531.7142857143,35.3,30.8,31.5536151269763,24.7586696937027,127.4,102.2
2022-01-03,73004,29196,39.9923291874418,54426.5714285714,48119.7142857143,38.5,32.7,32.9697616525654,25.8109209623725,127.7,113.1
2022-01-04,81729,31975,39.1231998433848,59062.2857142857,47529.7142857143,38.9,34.3,34.2750182094939,26.8507239070137,127.7,124.3
2022-01-05,90539,29708,32.8123791957057,63308.2857142857,47457,37.1,34.8,34.9561023648763,27.8427869289084,125.5,133.4
2022-01-06,93311,28566,30.6137540054227,66555.2857142857,48287.2857142857,34,35.3,35.5754022778665,28.8480328747399,123.3,137.8
2022-01-07,89211,26567,29.7799598704196,72582.1428571429,47504.8571428571,31.1,34.6,35.2328436302344,30.3036470140647,116.3,152.8
2022-01-08,80982,26272,32.4417771850535,79643.4285714286,47732.1428571429,30.9,34.1,34.4999968351367,31.1085876423919,110.9,166.9
2022-01-09,80881,29104,35.9837291823791,84236.7142857143,50626.5714285714,32.6,34.2,34.3924469242582,31.5536151269763,109,166.4
2022-01-10,97250,36903,37.946529562982,87700.4285714286,54426.5714285714,35.6,34.1,34.1001898350496,32.9697616525654,103.4,161.1
2022-01-11,95930,35158,36.6496403627645,89729.1428571429,59062.2857142857,36.9,33.8,33.746824194961,34.2750182094939,98.5,151.9
2022-01-12,101729,34979,34.3844921310541,91327.7142857143,63308.2857142857,36.3,34,33.9714117571536,34.9561023648763,97.2,144.3
2022-01-13,103778,34959,33.6863304361233,92823,66555.2857142857,34.9,34.5,34.4103512472537,35.5754022778665,96.7,139.5
2022-01-14,106186,36865,34.7173827058181,95248,72582.1428571429,34.3,35.1,35.1156973665964,35.2328436302344,99.7,131.2
2022-01-15,94740,36874,38.9212581802829,97213.4285714286,79643.4285714286,35.7,36,36.041337508772,34.4999968351367,104.5,122.1
2022-01-16,95898,40376,42.1030678429164,99358.7142857143,84236.7142857143,38.4,36.8,36.9155287459916,34.3924469242582,107.3,118
2022-01-17,125251,56405,45.0335725862468,103358.857142857,87700.4285714286,42.3,38.1,37.9279634636009,34.1001898350496,111.2,117.9
2022-01-18,135188,61192,45.2643725774477,108967.142857143,89729.1428571429,44.3,39.5,39.1586394942699,33.746824194961,116,121.4
2022-01-19,139925,58084,41.5108093621583,114423.714285714,91327.7142857143,43.9,40.5,40.1766848129991,33.9714117571536,118.3,125.3
2022-01-20,143066,66676,46.6050633973131,120036.285714286,92823,44.5,42.4,42.0222180931691,34.4103512472537,122.1,129.3
2022-01-21,140394,65577,46.7092610795333,124923.142857143,95248,45,44,43.7353435751284,35.1156973665964,124.5,131.2
2022-01-22,132504,59715,45.0665640282558,130318,97213.4285714286,46.2,44.7,44.6132444105531,36.041337508772,123.8,134.1
2022-01-23,133833,64011,47.8290107820941,135737.285714286,99358.7142857143,46.5,45.4,45.431236259007,36.9155287459916,123.1,136.6
2022-01-24,151178,78250,51.7601767452936,139441.142857143,103358.857142857,48.4,46.5,46.3921797102994,37.9279634636009,122.3,134.9
2022-01-25,154818,79807,51.5489155007816,142245.428571429,108967.142857143,50.5,47.4,47.28997155649,39.1586394942699,120.8,130.5
2022-01-26,150760,79554,52.768638896259,143793.285714286,114423.714285714,52,49,48.8982329185043,40.1766848129991,121.7,125.7
2022-01-27,151553,86931,57.3601314391665,145005.714285714,120036.285714286,53.9,50.6,50.4346712101977,42.0222180931691,120,120.8
2022-01-28,150150,87423,58.2237762237762,146399.428571429,124923.142857143,56.1,52.3,52.0796019450895,43.7353435751284,119.1,117.2
2022-01-29,129590,78785,60.7955860791728,145983.142857143,130318,58.7,54.3,54.3266050952205,44.6132444105531,121.8,112
2022-01-30,131935,81478,61.7561678099064,145712,135737.285714286,60.2,56.1,56.3161989563366,45.431236259007,124,107.3
2022-01-31,140574,88380,62.8708011438815,144197.142857143,139441.142857143,61.8,57.7,57.9034310132777,46.3921797102994,124.8,103.4
2022-02-01,151260,94163,62.2524130635991,143688.857142857,142245.428571429,62.3,59.3,59.4325020936802,47.28997155649,125.7,101
2022-02-02,151844,92816,61.1258923632149,143843.714285714,143793.285714286,62.1,60.6,60.6263954461025,48.8982329185043,124,100
2022-02-03,146963,89647,60.9997074093479,143188,145005.714285714,61.5,61.1,61.1463348704141,50.4346712101977,121.2,98.7
2022-02-04,137404,81834,59.5572181304765,141367.142857143,146399.428571429,60.6,61.4,61.3368265713713,52.0796019450895,117.8,96.6
2022-02-05,128054,75956,59.3156012307308,141147.714285714,145983.142857143,60,61.2,61.125400164451,54.3266050952205,112.5,96.7
2022-02-06,121636,70520,57.976257029169,139676.428571429,145712,59,60.7,60.58541291006,56.3161989563366,107.6,95.9
2022-02-07,144174,86297,59.8561460457503,140190.714285714,144197.142857143,59.1,60.2,60.1547478960412,57.9034310132777,103.9,97.2
2022-02-08,139809,81908,58.5856418399388,138554.857142857,143688.857142857,58.9,59.7,59.6309234355183,59.4325020936802,100.3,96.4
2022-02-09,137309,79206,57.6844926406863,136478.428571429,143843.714285714,58.7,59.2,59.1392949037285,60.6263954461025,97.5,94.9
2022-02-10,126306,70738,56.0052570740899,133527.428571429,143188,57.5,58.5,58.4258019986917,61.1463348704141,95.6,93.3
2022-02-11,111934,62180,55.5505923133275,129888.857142857,141367.142857143,56.5,57.9,57.8534268819561,61.3368265713713,94.3,91.9
2022-02-12,89432,51380,57.4514715090795,124371.428571429,141147.714285714,56.2,57.7,57.5871226360059,61.125400164451,94.2,88.1
2022-02-13,84306,48385,57.3921191848741,119038.571428571,139676.428571429,56.7,57.6,57.5036743725352,60.58541291006,94.9,85.2
2022-02-14,109554,63248,57.7322598900999,114092.857142857,140190.714285714,57.5,57.2,57.2002620645851,60.1547478960412,95.1,81.4
2022-02-15,94910,54654,57.5850806026762,107678.714285714,138554.857142857,57.6,57,57.0573247449762,59.6309234355183,95.7,77.7
2022-02-16,87610,49935,56.9969181600274,100578.857142857,136478.428571429,57.5,56.9,56.9590998191678,59.1392949037285,96.3,73.7
2022-02-17,73076,41571,56.887350156002,92974.5714285714,133527.428571429,57.2,57.1,57.0851131165838,58.4258019986917,97.7,69.6
2022-02-18,45375,25606,56.431955922865,83466.1428571429,129888.857142857,56.8,57.3,57.2110222036606,57.8534268819561,98.9,64.3
2022-02-19,59749,37599,62.9282498451857,79225.7142857143,124371.428571429,58.8,57.9,57.9934191088186,57.5871226360059,100.7,63.7
2022-02-20,49216,30244,61.4515604681404,74212.8571428571,119038.571428571,60.5,58.3,58.5733392921424,57.5036743725352,101.9,62.3
2022-02-21,63675,38762,60.8747546132705,67658.7142857143,114092.857142857,61.7,58.8,59.0222671097382,57.2002620645851,103.2,59.3
2022-02-22,63604,39777,62.5385195899629,63186.4285714286,107678.714285714,61.6,59.6,59.7299012507791,57.0573247449762,104.7,58.7
2022-02-23,62188,39319,63.2260243133724,59554.7142857143,100578.857142857,62.2,60.7,60.6197735583998,56.9590998191678,106.4,59.2
2022-02-24,55264,33578,60.7592646207296,57010.1428571429,92974.5714285714,62.2,61.4,61.1729041962181,57.0851131165838,107.2,61.3
2022-02-25,47442,28892,60.8996248050251,57305.4285714286,83466.1428571429,61.7,61.9,61.8111426079552,57.2110222036606,108,68.7
2022-02-26,38399,25014,65.1423214146202,54255.4285714286,79225.7142857143,62,62,62.1274385464459,57.9934191088186,107.1,68.5
2022-02-27,41783,27852,66.6586889404782,53193.5714285714,74212.8571428571,64.1,62.6,62.8713140424941,58.5733392921424,107.3,71.7
2022-02-28,63091,42167,66.8352062893281,53110.1428571429,67658.7142857143,66.3,63.6,63.7228071390738,59.0222671097382,108,78.5
2022-03-01,74632,51632,69.1821202701254,54685.5714285714,63186.4285714286,67.8,64.9,64.6718929505256,59.7299012507791,108.3,86.5
2022-03-02,91493,65489,71.5781535199414,58872,59554.7142857143,69.5,66.6,65.8650542657497,60.6197735583998,108.7,98.9
2022-03-03,97382,68941,70.794397321887,64888.8571428571,57010.1428571429,70.6,68.2,67.2986446516293,61.1729041962181,110,113.8
2022-03-04,93560,65302,69.7969217614365,71477.1428571429,57305.4285714286,70.7,69.2,68.5696870739738,61.8111426079552,110.9,124.7
2022-03-05,86686,61603,71.0645317583001,78375.2857142857,54255.4285714286,70.5,69.8,69.415717123071,62.1274385464459,111.7,144.5
2022-03-06,90348,62733,69.4348519059636,85313.1428571429,53193.5714285714,70.1,70,69.812311832426,62.8713140424941,111,160.4
2022-03-07,111049,74634,67.208169366676,92164.2857142857,53110.1428571429,69.1,69.8,69.8655922720471,63.7228071390738,109.6,173.5
2022-03-08,108259,72127,66.6244838766292,96968.1428571429,54685.5714285714,67.7,69.4,69.5002156444048,64.6718929505256,107.5,177.3
2022-03-09,105368,69258,65.7296332852479,98950.2857142857,58872,66.5,68.5,68.6647127537343,65.8650542657497,104.3,168.1
2022-03-10,93190,60601,65.0295096040348,98351.4285714286,64888.8571428571,65.8,67.7,67.8411573654697,67.2986446516293,100.8,151.6
2022-03-11,76049,49124,64.5951952030927,95849.8571428571,71477.1428571429,65.2,67.1,67.0980535714206,68.5696870739738,97.9,134.1
2022-03-12,64454,43424,67.3720793123778,92673.8571428571,78375.2857142857,65.5,66.6,66.5705603648603,69.415717123071,95.9,118.2
2022-03-13,67341,45077,66.938417902912,89387.1428571429,85313.1428571429,66.2,66.2,66.2139269358529,69.812311832426,94.8,104.8
2022-03-14,91146,59028,64.7620301494306,86543.8571428571,92164.2857142857,66.2,65.8,65.8644784762464,69.8655922720471,94.3,93.9
2022-03-15,82370,53643,65.124438509166,82845.4285714286,96968.1428571429,65.5,65.6,65.6501862808945,69.5002156444048,94.5,85.4
2022-03-16,73354,48030,65.4770019358181,78272,98950.2857142857,65.1,65.5,65.6140960881189,68.6647127537343,95.6,79.1
2022-03-17,64136,42125,65.6807409255332,74121.4285714286,98351.4285714286,65.4,65.6,65.7071291340472,67.8411573654697,96.9,75.4
2022-03-18,52399,34913,66.6291341437814,70742.8571428571,95849.8571428571,65.9,65.9,65.9976918398599,67.0980535714206,98.4,73.8
2022-03-19,43862,30618,69.8052984360038,67801.1428571429,92673.8571428571,67.1,66,66.3452945718064,66.5705603648603,99.7,73.2
2022-03-20,45667,31297,68.5330764009022,64704.8571428571,89387.1428571429,68.2,66.2,66.5731029286622,66.2139269358529,100.5,72.4
2022-03-21,66642,43794,65.7153146664266,61204.2857142857,86543.8571428571,67.7,66.4,66.7092864310902,65.8644784762464,101.3,70.7
2022-03-22,56817,36975,65.0773536089551,57553.8571428571,82845.4285714286,66.3,66.5,66.7025600167743,65.6501862808945,101.6,69.5
2022-03-23,55344,36320,65.6259034403007,54981,78272,65.5,66.5,66.7238316602719,65.6140960881189,101.7,70.2
2022-03-24,47776,30806,64.4800736771601,52643.8571428571,74121.4285714286,65.1,66.4,66.5523077676471,65.7071291340472,101.3,71
2022-03-25,40524,26067,64.3248445365709,50947.4285714286,70742.8571428571,64.9,66.1,66.2231235380456,65.9976918398599,100.3,72
2022-03-26,33019,22066,66.8281898300978,49398.4285714286,67801.1428571429,65.1,65.7,65.7978223086305,66.3452945718064,99.2,72.9
2022-03-27,31125,20582,66.1269076305221,47321,64704.8571428571,65.7,65.4,65.4540839128619,66.5731029286622,98.3,73.1
2022-03-28,48819,30405,62.28107908806,44774.8571428571,61204.2857142857,64.7,64.8,64.9634788302381,66.7092864310902,97.4,73.2
2022-03-29,41657,25328,60.8013059029695,42609.1428571429,57553.8571428571,62.8,64.2,64.3526148722402,66.7025600167743,96.5,74
2022-03-30,39007,23551,60.3763427077191,40275.2857142857,54981,61.2,63.4,63.6026776247285,66.7238316602719,95.3,73.3
2022-03-31,32597,19391,59.4870693622112,38106.8571428571,52643.8571428571,60.3,62.8,62.8893912940215,66.5523077676471,94.5,72.4
2022-04-01,26018,15752,60.5427012068568,36034.5714285714,50947.4285714286,60.1,62.3,62.3490851040624,66.2231235380456,94.2,70.7
2022-04-02,16754,10683,63.7638772830369,33711,49398.4285714286,60.8,61.7,61.9113261687679,65.7978223086305,94.1,68.2
2022-04-03,15659,9963,63.6247525384763,31501.5714285714,47321,62.3,61.3,61.5538754413328,65.4540839128619,94,66.6
2022-04-04,21988,13545,61.6017827906131,27668.5714285714,44774.8571428571,62.8,61,61.4568331131261,64.9634788302381,94.6,61.8
2022-04-05,20066,12103,60.3159573407754,24584.1428571429,42609.1428571429,61.7,61,61.3874976042413,64.3526148722402,95.4,57.7
2022-04-06,18785,11569,61.5863721054032,21695.2857142857,40275.2857142857,61.2,61.2,61.5603589467676,63.6026776247285,96.8,53.9
2022-04-07,15780,9680,61.3434727503168,19292.8571428571,38106.8571428571,61,61.7,61.8255594307826,62.8893912940215,98.3,50.6
2022-04-08,14135,8630,61.0541209763,17595.2857142857,36034.5714285714,61.4,61.8,61.898619397846,62.3490851040624,99.3,48.8
2022-04-09,10633,6571,61.7981754913947,16720.8571428571,33711,61.4,61.6,61.6178048561828,61.9113261687679,99.5,49.6
2022-04-10,9268,5674,61.2214069917997,15807.8571428571,31501.5714285714,61.3,61.2,61.2744697780861,61.5538754413328,99.5,50.2
2022-04-11,9771,5657,57.8958141438952,14062.5714285714,27668.5714285714,60.3,60.8,60.7450456856979,61.4568331131261,98.8,50.8
2022-04-12,7175,4169,58.1045296167247,12221,24584.1428571429,59.1,60.7,60.4291274394049,61.3874976042413,98.4,49.7
2022-04-13,6844,3912,57.1595558153127,10515.1428571429,21695.2857142857,57.7,60.2,59.7967251122491,61.5603589467676,97.1,48.5
2022-04-14,6044,3468,57.379219060225,9124.28571428571,19292.8571428571,57.6,59.6,59.2304031565217,61.8255594307826,95.8,47.3
2022-04-15,5074,2924,57.6271186440678,7829.85714285714,17595.2857142857,57.4,59.1,58.7408313947743,61.898619397846,94.9,44.5
2022-04-16,3804,2351,61.8033648790747,6854.28571428571,16720.8571428571,58.6,58.7,58.7415727358714,61.6178048561828,95.3,41
2022-04-17,2647,1669,63.0525122780506,5908.42857142857,15807.8571428571,60.3,58.4,59.0031592053358,61.2744697780861,96.3,37.4
2022-04-18,3586,2114,58.9514779698829,5024.85714285714,14062.5714285714,61.1,58.6,59.1539683233341,60.7450456856979,97.4,35.7
2022-04-19,5260,3015,57.319391634981,4751.28571428571,12221,59.1,58.5,59.0418057545135,60.4291274394049,97.7,38.9
2022-04-20,4448,2434,54.7212230215827,4409,10515.1428571429,56.9,58.2,58.6934724982664,59.7967251122491,98.2,41.9
2022-04-21,3820,2005,52.4869109947644,4091.28571428571,9124.28571428571,55.1,57.7,57.9945713460577,59.2304031565217,97.9,44.8
2022-04-22,3237,1697,52.4250849552054,3828.85714285714,7829.85714285714,53.3,57,57.2514236762202,58.7408313947743,97.5,48.9
2022-04-23,2390,1284,53.7238493723849,3626.85714285714,6854.28571428571,52.8,56,56.0972071752646,58.7415727358714,95.5,52.9
2022-04-24,2014,1069,53.0784508440914,3536.42857142857,5908.42857142857,53,55,54.6723412561275,59.0031592053358,92.7,59.9
2022-04-25,2797,1458,52.127279227744,3423.71428571429,5024.85714285714,52.9,54.1,53.6974557215363,59.1539683233341,90.8,68.1
2022-04-26,2678,1358,50.7094846900672,3054.85714285714,4751.28571428571,51.9,52.9,52.7531833008343,59.0418057545135,89.3,64.3
2022-04-27,1774,930,52.423900789177,2672.85714285714,4409,51.7,52.4,52.4249944104906,58.6934724982664,89.3,60.6
2022-04-28,2551,1288,50.4900039200314,2491.57142857143,4091.28571428571,51.1,52.1,52.139721971243,57.9945713460577,89.9,60.9
2022-04-29,2400,1156,48.1666666666667,2372,3828.85714285714,50.2,51.5,51.5313765014518,57.2514236762202,90,62
2022-04-30,2073,1077,51.9536903039074,2326.71428571429,3626.85714285714,50.1,51.2,51.2784966345264,56.0972071752646,91.4,64.2
2022-05-01,1857,999,53.7964458804523,2304.28571428571,3536.42857142857,51.1,51.2,51.3810673540066,54.6723412561275,94,65.2
2022-05-02,2768,1463,52.8540462427746,2300.14285714286,3423.71428571429,52.8,51.4,51.4848912132966,53.6974557215363,95.9,67.2
2022-05-03,2588,1363,52.6661514683153,2287.28571428571,3054.85714285714,53,51.7,51.7644150387607,52.7531833008343,98.1,74.9
2022-05-04,2379,1280,53.8041193778899,2373.71428571429,2672.85714285714,53.1,51.9,51.9615891228625,52.4249944104906,99.1,88.8
2022-05-05,2109,1118,53.0109056424846,2310.57142857143,2491.57142857143,53.2,52.3,52.3217179403558,52.139721971243,100.3,92.7
2022-05-06,2213,1175,53.0953456845911,2283.85714285714,2372,53.3,53,53.0258149429164,51.5313765014518,102.9,96.3
2022-05-07,1813,967,53.3370104798676,2246.71428571429,2326.71428571429,53.1,53.2,53.2234321109108,51.2784966345264,103.8,96.6
2022-05-08,1595,882,55.2978056426332,2209.28571428571,2304.28571428571,53.8,53.3,53.4379120769366,51.3810673540066,104,95.9
2022-05-09,2339,1296,55.4082941427961,2148,2300.14285714286,54.7,53.7,53.8028046340825,51.4848912132966,104.5,93.4
2022-05-10,2278,1125,49.3854258121159,2103.71428571429,2287.28571428571,53.2,53.3,53.3341295403398,51.7644150387607,103,92
2022-05-11,2186,1135,51.9213174748399,2076.14285714286,2373.71428571429,52.3,53,53.065157839904,51.9615891228625,102.1,87.5
2022-05-12,1972,1018,51.6227180527383,2056.57142857143,2310.57142857143,50.9,52.8,52.8668453270832,52.3217179403558,101,89
2022-05-13,1762,961,54.5402951191827,1992.14285714286,2283.85714285714,52.6,53,53.073266674882,53.0258149429164,100.1,87.2
2022-05-14,1379,741,53.7345902828136,1930.14285714286,2246.71428571429,53.2,53,53.1300637895885,53.2234321109108,99.8,85.9
2022-05-15,1235,646,52.3076923076923,1878.71428571429,2209.28571428571,53.7,52.6,52.7029047417398,53.4379120769366,98.6,85
2022-05-16,2052,1060,51.6569200779727,1837.71428571429,2148,52.4,52,52.1669941610508,53.8028046340825,97,85.6
2022-05-17,2079,1018,48.965848965849,1809.28571428571,2103.71428571429,50.8,51.9,52.1070546115841,53.3341295403398,97.7,86
2022-05-18,2071,1069,51.6175760502173,1792.85714285714,2076.14285714286,50.7,51.9,52.0636629794951,53.065157839904,98.1,86.4
2022-05-19,1678,859,51.19189511323,1750.85714285714,2056.57142857143,50.5,51.8,52.0021168452797,52.8668453270832,98.4,85.1
2022-05-20,1605,836,52.0872274143302,1728.42857142857,1992.14285714286,51.6,51.5,51.6516786017293,53.073266674882,97.3,86.8
2022-05-21,1218,665,54.5977011494253,1705.42857142857,1930.14285714286,52.4,51.5,51.7749801541024,53.1300637895885,97.4,88.4
2022-05-22,1025,534,52.0975609756098,1675.42857142857,1878.71428571429,52.9,51.5,51.7449613923763,52.7029047417398,98.2,89.2
2022-05-23,1653,881,53.29703569268,1618.42857142857,1837.71428571429,53.4,51.7,51.9792636230488,52.1669941610508,99.6,88.1
2022-05-24,1591,822,51.6656191074796,1548.71428571429,1809.28571428571,52.4,52.3,52.3649450718532,52.1070546115841,100.5,85.6
2022-05-25,1513,774,51.1566424322538,1469,1792.85714285714,52.1,52.2,52.2990974121441,52.0636629794951,100.5,81.9
2022-05-26,1199,630,52.5437864887406,1400.57142857143,1750.85714285714,51.7,52.4,52.4922247515027,52.0021168452797,100.9,80
2022-05-27,1472,771,52.3777173913043,1381.57142857143,1728.42857142857,52,52.5,52.5337233196419,51.6516786017293,101.7,79.9
2022-05-28,1223,698,57.0727718724448,1382.28571428571,1705.42857142857,53.9,52.8,52.8873048515018,51.7749801541024,102.1,81.1
2022-05-29,1341,712,53.0947054436987,1427.42857142857,1675.42857142857,54,52.9,53.0297540612288,51.7449613923763,102.5,85.2
2022-05-30,2022,1105,54.648862512364,1480.14285714286,1618.42857142857,54.8,53.2,53.2228721783266,51.9792636230488,102.4,91.5
2022-05-31,2032,1161,57.1358267716535,1543.14285714286,1548.71428571429,55.2,54.2,54.0043304160657,52.3649450718532,103.1,99.6
2022-06-01,2153,1256,58.3372039015327,1634.57142857143,1469,56.7,55.3,55.030124911677,52.2990974121441,105.2,111.3
2022-06-02,2017,1213,60.1388200297472,1751.42857142857,1400.57142857143,58.5,56.4,56.1151297032493,52.4922247515027,106.9,125.1
2022-06-03,1986,1219,61.3796576032226,1824.85714285714,1381.57142857143,59.9,57.6,57.4011211620948,52.5337233196419,109.3,132.1
2022-06-04,1531,977,63.8145003265839,1868.85714285714,1382.28571428571,61.6,58.4,58.3642252269718,52.8873048515018,110.4,135.2
2022-06-05,1345,852,63.3457249070632,1869.42857142857,1427.42857142857,62.7,59.5,59.828656578881,53.0297540612288,112.8,131
2022-06-06,1854,1176,63.4304207119741,1845.42857142857,1480.14285714286,63.5,60.8,61.083164893111,53.2228721783266,114.8,124.7
2022-06-07,2578,1663,64.5073700543057,1923.42857142857,1543.14285714286,63.9,62.1,62.1362425049185,54.0043304160657,115.1,124.6
2022-06-08,3115,1987,63.7881219903692,2060.85714285714,1634.57142857143,63.9,63,62.914945089038,55.030124911677,114.3,126.1
2022-06-09,2904,1877,64.6349862258953,2187.57142857143,1751.42857142857,64.3,63.7,63.5572545456306,56.1151297032493,113.3,124.9
2022-06-10,3097,2054,66.3222473361317,2346.28571428571,1824.85714285714,64.9,64.5,64.263338793189,57.4011211620948,112,128.6
2022-06-11,2466,1708,69.2619626926196,2479.85714285714,1868.85714285714,66.6,65.2,65.0415477026227,58.3642252269718,111.4,132.7
2022-06-12,2227,1473,66.1427929950606,2605.85714285714,1869.42857142857,67.2,65.4,65.4411288580509,59.828656578881,109.4,139.4
2022-06-13,3756,2517,67.0127795527157,2877.57142857143,1845.42857142857,67.4,65.9,65.9528944067283,61.083164893111,108,155.9
2022-06-14,4555,3054,67.0472008781559,3160,1923.42857142857,66.8,66.3,66.315727381564,62.1362425049185,106.7,164.3
2022-06-15,5787,3831,66.2001036806636,3541.71428571429,2060.85714285714,66.7,66.6,66.6602961944632,62.914945089038,106,171.9
2022-06-16,5295,3499,66.081208687441,3883.28571428571,2187.57142857143,66.4,66.7,66.8668994032554,63.5572545456306,105.2,177.5
2022-06-17,5108,3512,68.7548942834769,4170.57142857143,2346.28571428571,67,67.1,67.2144203957333,64.263338793189,104.6,177.8
2022-06-18,3873,2807,72.4761167053963,4371.57142857143,2479.85714285714,68.8,67.6,67.6735852547014,65.0415477026227,104,176.3
2022-06-19,3668,2636,71.8647764449291,4577.42857142857,2605.85714285714,70.8,68.2,68.4910114618255,65.4411288580509,104.7,175.7
2022-06-20,6208,4287,69.0560567010309,4927.71428571429,2877.57142857143,70.8,68.5,68.7829081972991,65.9528944067283,104.3,171.2
2022-06-21,6257,4222,67.4764264024293,5170.85714285714,3160,69.1,68.5,68.8442261293382,66.315727381564,103.8,163.6
2022-06-22,7293,5076,69.6009872480461,5386,3541.71428571429,68.8,69.1,69.3300666389642,66.6602961944632,104,152.1
2022-06-23,6531,4525,69.2849487061706,5562.57142857143,3883.28571428571,68.8,69.5,69.787743784497,66.8668994032554,104.4,143.2
2022-06-24,6305,4477,71.0071371927042,5733.57142857143,4170.57142857143,69.9,69.8,70.1094927715295,67.2144203957333,104.3,137.5
2022-06-25,5260,3876,73.6882129277567,5931.71428571429,4371.57142857143,71.2,70.1,70.2826493747238,67.6735852547014,103.9,135.7
2022-06-26,4393,3108,70.7489187343501,6035.28571428571,4577.42857142857,71.8,70,70.1232411303554,68.4910114618255,102.4,131.8
2022-06-27,7381,5147,69.7330984961387,6202.85714285714,4927.71428571429,71.2,70.1,70.2199613867994,68.7829081972991,102.1,125.9
2022-06-28,7788,5480,70.3646635850026,6421.57142857143,5170.85714285714,70.2,70.5,70.6325666985956,68.8442261293382,102.6,124.2
2022-06-29,8219,5898,71.7605548120209,6553.85714285714,5386,70.7,70.9,70.941076350592,69.3300666389642,102.3,121.7
2022-06-30,7698,5375,69.8233307352559,6720.57142857143,5562.57142857143,70.7,70.9,71.0179880690327,69.787743784497,101.8,120.8
2022-07-01,6974,4984,71.4654430742759,6816.14285714286,5733.57142857143,71,71,71.0834603378287,70.1094927715295,101.4,118.9
2022-07-02,5432,3905,71.8888070692194,6840.71428571429,5931.71428571429,71,70.8,70.8264023580377,70.2826493747238,100.8,115.3
2022-07-03,4625,3375,72.972972972973,6873.85714285714,6035.28571428571,72,71,71.1441243921266,70.1232411303554,101.5,113.9
2022-07-04,8534,6083,71.279587532224,7038.57142857143,6202.85714285714,71.9,71.2,71.3650513972817,70.2199613867994,101.6,113.5
2022-07-05,8312,5857,70.4643888354187,7113.42857142857,6421.57142857143,71.3,71.2,71.3792978616268,70.6325666985956,101.1,110.8
2022-07-06,9216,6655,72.2113715277778,7255.85714285714,6553.85714285714,71.3,71.3,71.4437002495921,70.941076350592,100.7,110.7
2022-07-07,8094,5676,70.126019273536,7312.42857142857,6720.57142857143,71,71.4,71.4869414693464,71.0179880690327,100.7,108.8
2022-07-08,7780,5577,71.6838046272494,7427.57142857143,6816.14285714286,71.4,71.4,71.518135976914,71.0834603378287,100.6,109
2022-07-09,5972,4325,72.4212993971869,7504.71428571429,6840.71428571429,71.3,71.5,71.5942063094808,70.8264023580377,101.1,109.7
2022-07-10,5008,3696,73.8019169329073,7559.42857142857,6873.85714285714,72.5,71.6,71.7126268751857,71.1441243921266,100.8,110
2022-07-11,9230,6563,71.1050920910076,7658.85714285714,7038.57142857143,72.2,71.5,71.6876989550119,71.3650513972817,100.5,108.8
2022-07-12,8493,5979,70.3991522430237,7684.71428571429,7113.42857142857,71.4,71.5,71.6783794418127,71.3792978616268,100.4,108
2022-07-13,8434,6095,72.2670144652597,7573,7255.85714285714,71.3,71.5,71.6863284328815,71.4437002495921,100.3,104.4
2022-07-14,7498,5413,72.1925846892505,7487.85714285714,7312.42857142857,71.6,71.8,71.9815520636978,71.4869414693464,100.7,102.4
2022-07-15,6981,4883,69.9469989972783,7373.71428571429,7427.57142857143,71.5,71.6,71.733436973702,71.518135976914,100.3,99.3
2022-07-16,5304,3725,70.2300150829563,7278.28571428571,7504.71428571429,70.9,71.4,71.4203963573833,71.5942063094808,99.8,97
2022-07-17,3996,2837,70.995995995996,7133.71428571429,7559.42857142857,70.3,71.1,71.0195505092531,71.7126268751857,99,94.4
2022-07-18,5726,4098,71.5682850157178,6633.14285714286,7658.85714285714,70.9,71.1,71.0857209270689,71.6876989550119,99.2,86.6
2022-07-19,5113,3575,69.9198122433014,6150.28571428571,7684.71428571429,70.8,71.1,71.0172437842514,71.6783794418127,99.1,80
2022-07-20,5419,3900,71.9689979701052,5719.57142857143,7573,71.2,71,70.9746699992293,71.6863284328815,99,75.5
2022-07-21,5571,3873,69.520732364028,5444.28571428571,7487.85714285714,70.5,70.6,70.5929768099118,71.9815520636978,98.1,72.7
2022-07-22,5048,3455,68.4429477020602,5168.14285714286,7373.71428571429,70,70.4,70.3781123391664,71.733436973702,98.1,70.1
2022-07-23,4050,2776,68.5432098765432,4989,7278.28571428571,68.9,70.2,70.1371401668217,71.4203963573833,98.2,68.5
2022-07-24,3023,2181,72.1468739662587,4850,7133.71428571429,69.4,70.3,70.3015513054306,71.0195505092531,99,68
2022-07-25,5326,3706,69.5831768681938,4792.85714285714,6633.14285714286,69.9,69.9,70.0179644272129,71.0857209270689,98.5,72.3
2022-07-26,5050,3366,66.6534653465347,4783.85714285714,6150.28571428571,69.1,69.5,69.5513434419605,71.0172437842514,97.9,77.8
2022-07-27,4650,3047,65.5268817204301,4674,5719.57142857143,67.3,68.5,68.6310411205784,70.9746699992293,96.7,81.7
2022-07-28,4153,2712,65.3021911870937,4471.42857142857,5444.28571428571,65.9,67.9,68.0283923810163,70.5929768099118,96.4,82.1
2022-07-29,3775,2405,63.7086092715232,4289.57142857143,5168.14285714286,64.9,67.2,67.352058319511,70.3781123391664,95.7,83
2022-07-30,3083,2130,69.0885501135258,4151.42857142857,4989,65.8,67.3,67.4299640676514,70.1371401668217,96.1,83.2
2022-07-31,2299,1565,68.0730752501087,4048,4850,66.6,66.8,66.8479928224871,70.3015513054306,95.1,83.5
2022-08-01,3999,2735,68.3920980245061,3858.42857142857,4792.85714285714,68.5,66.5,66.6778387019603,70.0179644272129,95.2,80.5
2022-08-02,3454,2258,65.3734800231616,3630.42857142857,4783.85714285714,67.2,66.3,66.4949836557642,69.5513434419605,95.6,75.9
2022-08-03,3095,2026,65.4604200323102,3408.28571428571,4674,66.5,66.4,66.4854891288899,68.6310411205784,96.9,72.9
2022-08-04,2794,1897,67.8954903364352,3214.14285714286,4471.42857142857,66.2,66.7,66.8559604359387,68.0283923810163,98.3,71.9
2022-08-05,2477,1645,66.410981025434,3028.71428571429,4289.57142857143,66.6,67.2,67.2420135436402,67.352058319511,99.8,70.6
2022-08-06,1939,1353,69.778236204229,2865.28571428571,4151.42857142857,67.9,67.2,67.3405401280264,67.4299640676514,99.9,69
