{
  "title": {
    "NL": "De situatie in Nederland",
    "EN": "The situation in the Netherlands"
  },
  "version": "20221108_1700",
  "dynamicDescription": [
    {
      "index": 1,
      "content": {
        "NL": "Deze pagina is een samenvatting van 1 t/m 7 november 2022. De meest actuele cijfers vindt u op **[landelijk](/landelijk/vaccinaties)**.",
        "EN": "This page shows a summary from 1 to 7 November 2022. For the most up-to-date figures, go to **[national](/landelijk/vaccinaties)**."
      }
    },
       {
      "index": 2,
      "content": {
        "NL": "Deze pagina is steeds in ontwikkeling, tips en opmerkingen zijn **[welkom](mailto:dienstpostbuscoronadashboard@minvws.nl \"verstuur een email naar het Corona Dashboard\")**.",
        "EN": "This page is continuously under construction. We welcome your **[suggestions](mailto:dienstpostbuscoronadashboard@minvws.nl \"send email to Corona Dashboard\")**."
      }
    }
  ],
  "themes": [
    {
      "index": 1,	
      "title": {
        "NL": "Ontwikkeling van het virus",
        "EN": "Development of the virus"
      },
      "icon": "Eye",
      "dynamicSubtitle": {
        "NL": "De verspreiding van het virus daalt.",
        "EN": "The spread of the virus is decreasing."
      },
      "themeTiles": [
        {
          "index": 1,		
          "title": {
            "NL": "Positieve testen",
            "EN": "Positive tests"
          },
	"trendIcon": {
            "direction": "DOWN",
            "color": "GREEN"
          },
	"kpiValue": "-37%",
          "tileIcon": "GgdTesten",
          "dynamicDescription": {
            "NL": "Het aantal aan de GGD gemelde personen met een positieve coronatestuitslag daalde **(-37%)**. Het aantal bij de GGD geteste personen daalde ook **(-30%)**.",
            "EN": "The number of people with a positive corona test result reported to the GGD decreased **(-37%)**. The number of people tested at the GGD decreased as well **(-30%)**."
          },
          "cta": {
            "label": {
              "NL": "Lees meer",
              "EN": "Read more"
            },
            "href": {
              "NL": "/landelijk/positief-geteste-mensen",
              "EN": "/landelijk/positief-geteste-mensen"
            }
          }
        },
        {
          "index": 2,
          "title": {
            "NL": "Rioolwater",
            "EN": "Wastewater analysis"
          },
          "trendIcon": {
            "direction": "DOWN",
            "color": "GREEN"
          },
	"kpiValue": "-27%",
          "tileIcon": "Rioolvirus",
          "dynamicDescription": {
            "NL": "Het landelijk gemiddelde aantal virusdeeltjes daalde in week 43 (24 - 30 oktober) met **27%**. In de eerste helft van week 44 (31 oktober – 6 november) daalde het verder met **26%**.",
            "EN": "The national average number of virus particles decreased in week 43 (24 - 30 October) with **27%**. In the first part of week 44 (31 October – 6 November) the number decreased further with **26%**."},
          "cta": {
            "label": {
              "NL": "Lees meer",
              "EN": "Read more"
            },
            "href": {
              "NL": "/landelijk/rioolwater",
              "EN": "/landelijk/rioolwater"
            }
          }
        },
        {
          "index": 3,
          "title": {
            "NL": "Virusvarianten",
            "EN": "Virus variants"
          },
          "trendIcon": null,
	"kpiValue": null,
          "tileIcon": "Varianten",
          "dynamicDescription": {
            "NL": "BA.5 is nog steeds de dominante variant in Nederland. Op dit moment nemen omikron subvarianten BQ.1 en BQ.1.1 sterk toe en kunnen dominant worden deze maand. Het kan ook zijn dat meerdere subvarianten naast elkaar blijven bestaan.",
            "EN": "BA.5 is still the dominant variant in the Netherlands. At the moment, omikron sub-variants BQ.1 and BQ.1.1 are increasing strongly and may become dominant this month. It is also possible that several sub-variants continue to exist side by side."
          },
          "cta": {
            "label": {
              "NL": "Lees meer",
              "EN": "Read more"
            },
            "href": {
              "NL": "/landelijk/varianten",
              "EN": "/landelijk/varianten"
            }
          }
        }
      ],
      "moreLinks": {
        "label": {
          "MOBILE": {
            "NL": "Meer over 'Ontwikkeling van het virus'",
            "EN": "More on 'Development of the virus'"
          },
          "DESKTOP": {
            "NL": "Meer onderwerpen:",
            "EN": "More topics:"
          }
        },
        "links": [
          {
            "index": 1,
            "label": {
              "NL": "Reproductiegetal",
              "EN": "Reproduction number"
            },
            "href": {
              "NL": "/landelijk/reproductiegetal",
              "EN": "/landelijk/reproductiegetal"
            }
          },
          {
            "index": 2,
            "label": {
              "NL": "Sterfte",
              "EN": "Deaths"
            },
            "href": {
              "NL": "/landelijk/sterfte",
              "EN": "/landelijk/sterfte"
            }
          }
        ]
      }
    },
    {
      "index": 2,
      "title": {
        "NL": "Gevolgen voor de zorg",
        "EN": "Impact on healthcare sector"
      },
      "icon": "MedischeScreening",
      "dynamicSubtitle": {
        "NL": "Het aantal COVID-patiënten in de ziekenhuizen daalt al twee weken in alle regio’s. Er zijn 31% minder bedden op de verpleegafdeling bezet. Er worden minder dan 50% van het aantal patiënten behandeld vergeleken met vorig jaar herfst.",
        "EN": "The number of COVID patients in hospitals has been decreasing for two weeks in all regions. There are 33% fewer beds occupied in the nursing ward. Less than 50% of patients are treated compared to last fall."
      },
      "themeTiles": [
        {
          "index": 1,
          "title": {
            "NL": "Ziekenhuisopnames",
            "EN": "Hospital admissions"
          },
          "trendIcon": {
            "direction": "DOWN",
            "color": "GREEN"
          },
	"kpiValue": "-26%",
          "tileIcon": "Ziekenhuis",
          "dynamicDescription": {
            "NL": "Het aantal nieuwe ziekenhuisopnames van patiënten met COVID is sterk gedaald **(-26%)** vergeleken met de week ervoor.",
            "EN": "The number of COVID patients admitted to the hospital has decreased compared to the week before **(-26%)**."
          },
          "cta": {
            "label": {
              "NL": "Lees meer",
              "EN": "Read more"
            },
            "href": {
              "NL": "/landelijk/ziekenhuis-opnames",
              "EN": "/landelijk/ziekenhuis-opnames"
            }
          }
        },
        {
          "index": 2,
          "title": {
            "NL": "Bezetting IC",
            "EN": "Occupation intensive care"
          },
          "trendIcon": null,
	"kpiValue": "4,2%",
          "tileIcon": "IntensiveCareOpnames",
          "dynamicDescription": {
           "NL": "Het aantal COVID-patiënten op de IC blijft laag en is al een halfjaar stabiel. Het percentage IC-bedden met COVID-patiënten bedraagt **4,2%** van de totale IC-capaciteit. Het percentage IC-bedden met COVID-patiënten is **6,4%** van het totaal aantal bezette IC-bedden.",
            "EN": "The number of COVID patients in the ICU remains low and has been stable for six months. The percentage of ICU beds with COVID patients is **4.2%** of the total ICU capacity. The percentage of ICU beds with COVID patients is **6.4%** of the total number of occupied ICU beds."
          },
          "cta": {
            "label": {
              "NL": "Lees meer",
              "EN": "Read more"
            },
            "href": {
              "NL": "/landelijk/intensive-care-opnames",
              "EN": "/landelijk/intensive-care-opnames"
            }
          }
        },
        {
          "index": 3,
          "title": {
            "NL": "Druk op de zorg",
            "EN": "Pressure on healthcare sector"
          },
          "trendIcon": null,
	"kpiValue": "8%",
          "tileIcon": "Arts",
          "dynamicDescription": {
            "NL": "Bij de verpleegafdelingen van de ziekenhuizen staat de beschikbaarheid van de zorg nog steeds onder druk. Dit komt onder andere door het uitvallen van personeel. Het ziekteverzuim onder het zorgpersoneel op de verpleegafdelingen en IC’s blijft rond de **8%**.",
            "EN": "In the nursing departments of hospitals, the availability of care is still under pressure. This is partly due to the absence of staff. Absenteeism among healthcare staff in the nursing wards and ICUs remains around **8%.**"
          },
          "cta": null
        }
      ],
      "moreLinks": {
        "label": {
          "MOBILE": {
            "NL": "Meer over 'Gevolgen voor de zorg':",
            "EN": "More on 'Impact on the healthcare sector':"
          },
          "DESKTOP": {
            "NL": "Meer onderwerpen:",
            "EN": "More topics:"
          }
        },
        "links": [
          {
            "index": 1,
            "label": {
              "NL": "Verpleeghuiszorg",
              "EN": "Nursing homes"
            },
            "href": {
              "NL": "/landelijk/verpleeghuiszorg",
              "EN": "/landelijk/verpleeghuiszorg"
            }
          },
          {
            "index": 2,
            "label": {
              "NL": "Gehandicaptenzorg",
              "EN": "Disability care"
            },
            "href": {
              "NL": "/landelijk/gehandicaptenzorg",
              "EN": "/landelijk/gehandicaptenzorg"
            }
          }
        ]
      }
    }
  ],
  "measures": {
    "icon": "BasisregelsTesten",
    "title": {
      "NL": "Wat kunt u zelf doen om besmettingen te voorkomen?",
      "EN": "What can I do to prevent COVID from spreading?"
    },
    "dynamicSubtitle": {
      "NL": "Overzicht van **[adviezen](/landelijk/geldende-adviezen)** om jezelf en anderen te beschermen.",
      "EN": "**[Advice](/landelijk/geldende-adviezen)** to protect yourself and others."
    },
    "measureTiles": [
      {
        "index": 1,
        "icon": "BasisregelsTesten",
        "title": {
          "NL": "Heb je klachten? Blijf thuis en doe een zelftest.",
          "EN": "If you have symptoms, stay at home and do a self-test."
        }
      },
      {
        "index": 2,
        "icon": "Elderly",
        "title": {
          "NL": "Heb je corona? Ga in isolatie.",
          "EN": "If you have Corona, self-isolate at home."
        }
      },
      {
        "index": 3,
        "icon": "Vaccinaties",
        "title": {
          "NL": "Haal een (herhaal)prik tegen corona.",
          "EN": "Keep your coronavirus vaccinations up to date."
        }
      }
      
    ]
  }
}