"municipality","Municipality_code","d0","date","d1","d7","d8","d14","population","lowest_since_jan1","lowest_since_jan1_date","jan","current","increase_1d","increase_7d","increase_14d","increase_growth","growth","rel_increase_1d","rel_increase_7d","rel_increase_14d","color","color_incl_new"
"'s-Gravenhage","GM0518",4330,2023-03-17,4330,4318,4313,4297,553769,1365,2021-01-01,1365,2965,0,12,33,-42.8571428571429,"&#x2798;",0,2.16696853742264,5.95916347791227,"&#x26a1;","&#x26a1;"
"'s-Hertogenbosch","GM0796",1247,2023-03-17,1247,1237,1237,1227,156697,351,2021-01-01,351,896,0,10,20,0,"-",0,6.38174310931288,12.7634862186258,"&#x26a1;","&#x26a1;"
"Aa en Hunze","GM1680",75,2023-03-17,75,75,74,73,25563,10,2021-01-01,10,65,0,0,2,-100,"&#x2798;",0,0,7.82380784727927,"&#x26a1;","&#x26a1;"
"Aalsmeer","GM0358",148,2023-03-17,148,148,148,147,32532,37,2021-01-01,37,111,0,0,1,-100,"&#x2798;",0,0,3.07389647116685,"&#128721;","&#128721;"
"Aalten","GM0197",192,2023-03-17,192,187,187,185,27122,37,2021-01-01,37,155,0,5,7,150,"&#x279A;",0,18.4352186416931,25.8093060983703,"&#x26a1;","&#x26a1;"
"Achtkarspelen","GM0059",207,2023-03-17,207,207,207,207,27957,18,2021-01-01,18,189,0,0,0,0,"-",0,0,0,"&#9989;","&#9989;"
"Alblasserdam","GM0482",260,2023-03-17,260,259,259,257,20129,67,2021-01-01,67,193,0,1,3,-50,"&#x2798;",0,4.96795667941775,14.9038700382533,"&#x26a1;","&#x26a1;"
"Albrandswaard","GM0613",241,2023-03-17,241,241,241,237,25990,62,2021-01-01,62,179,0,0,4,-100,"&#x2798;",0,0,15.390534821085,"&#x26a1;","&#x26a1;"
"Alkmaar","GM0361",951,2023-03-17,951,947,946,937,110834,207,2021-01-01,207,744,0,4,14,-60,"&#x2798;",0,3.6090008481152,12.6315029684032,"&#x26a1;","&#x26a1;"
"Almelo","GM0141",742,2023-03-17,741,737,736,734,73164,214,2021-01-01,214,528,1,5,8,66.6666666666667,"&#x279A;",1.36679241156853,6.83396205784265,10.9343392925482,"&#x26a1;","&#x26a1;"
"Almere","GM0034",1018,2023-03-17,1018,1018,1018,1017,218334,130,2021-01-01,130,888,0,0,1,-100,"&#x2798;",0,0,0.458013868659943,"&#128999;","&#128999;"
"Alphen-Chaam","GM1723",90,2023-03-17,90,89,89,88,10444,40,2021-01-01,40,50,0,1,2,0,"-",0,9.57487552661815,19.1497510532363,"&#x26a1;","&#x26a1;"
"Alphen aan den Rijn","GM0484",746,2023-03-17,746,743,743,739,113026,219,2021-01-01,219,527,0,3,7,-25,"&#x2798;",0,2.65425654274238,6.19326526639888,"&#x26a1;","&#x26a1;"
"Altena","GM1959",501,2023-03-17,501,499,499,497,57056,149,2021-01-01,149,352,0,2,4,0,"-",0,3.50532809871004,7.01065619742008,"&#x26a1;","&#x26a1;"
"Ameland","GM0060",17,2023-03-17,17,17,17,17,3749,3,2021-01-01,3,14,0,0,0,0,"-",0,0,0,"&#9989;","&#9989;"
"Amersfoort","GM0307",1084,2023-03-17,1084,1083,1083,1083,158836,259,2021-01-01,259,825,0,1,1,100,"&#x279A;",0,0.629580195925357,0.629580195925357,"&#128721;","&#128721;"
"Amstelveen","GM0362",436,2023-03-17,436,435,435,435,92509,159,2021-01-01,159,277,0,1,1,100,"&#x279A;",0,1.08097590504708,1.08097590504708,"&#128721;","&#128721;"
"Amsterdam","GM0363",6606,2023-03-17,6605,6590,6587,6567,885941,5623,2022-03-24,5623,983,1,16,39,-30.4347826086957,"&#x2798;",0.112874333618153,1.80598933789045,4.40209901110796,"&#x1F7E3;","&#x1F7E3;"
"Apeldoorn","GM0200",1212,2023-03-17,1212,1207,1205,1194,165741,291,2021-01-01,291,921,0,5,18,-61.5384615384615,"&#x2798;",0,3.01675505758985,10.8603182073235,"&#x26a1;","&#x26a1;"
"Arnhem","GM0202",1042,2023-03-17,1042,1042,1042,1030,164319,148,2021-01-01,148,894,0,0,12,-100,"&#x2798;",0,0,7.30286820148613,"&#x26a1;","&#x26a1;"
"Assen","GM0106",255,2023-03-17,255,255,255,255,69069,59,2021-01-01,59,196,0,0,0,0,"-",0,0,0,"&#9989;","&#9989;"
"Asten","GM0743",162,2023-03-17,162,160,160,154,17071,42,2021-01-01,42,120,0,2,8,-66.6666666666667,"&#x2798;",0,11.7157752914299,46.8631011657196,"&#x26a1;","&#x26a1;"
"Baarle-Nassau","GM0744",64,2023-03-17,64,64,64,63,6953,19,2021-01-01,19,45,0,0,1,-100,"&#x2798;",0,0,14.3822810297713,"&#x26a1;","&#x26a1;"
"Baarn","GM0308",151,2023-03-17,151,151,151,151,24881,27,2021-01-01,27,124,0,0,0,0,"-",0,0,0,"&#9989;","&#9989;"
"Barendrecht","GM0489",439,2023-03-17,439,438,438,437,48712,112,2021-01-01,112,327,0,1,2,0,"-",0,2.05288224667433,4.10576449334866,"&#x1F7E3;","&#x1F7E3;"
"Barneveld","GM0203",470,2023-03-17,470,469,469,469,60652,91,2021-01-01,91,379,0,1,1,100,"&#x279A;",0,1.64875024731254,1.64875024731254,"&#x1F7E3;","&#x1F7E3;"
"Beek","GM0888",105,2023-03-17,105,105,105,103,15809,31,2021-01-01,31,74,0,0,2,-100,"&#x2798;",0,0,12.6510215699918,"&#x26a1;","&#x26a1;"
"Beekdaelen","GM1954",260,2023-03-17,260,257,257,255,35931,87,2021-01-01,87,173,0,3,5,50,"&#x279A;",0,8.34933622776989,13.9155603796165,"&#x26a1;","&#x26a1;"
"Beesel","GM0889",89,2023-03-17,89,89,89,89,13396,22,2021-01-01,22,67,0,0,0,0,"-",0,0,0,"&#9989;","&#9989;"
"Berg en Dal","GM1945",369,2023-03-17,369,365,362,356,34979,94,2021-01-01,94,275,0,4,13,-55.5555555555556,"&#x2798;",0,11.4354326881843,37.1651562365991,"&#x26a1;","&#x26a1;"
"Bergeijk","GM1724",180,2023-03-17,180,179,179,178,18869,61,2021-01-01,61,119,0,1,2,0,"-",0,5.29969791721872,10.5993958344374,"&#x26a1;","&#x26a1;"
"Bergen (L.)","GM0893",110,2023-03-17,110,110,109,108,13079,20,2021-01-01,20,90,0,0,2,-100,"&#x2798;",0,0,15.2916889670464,"&#x26a1;","&#x26a1;"
"Bergen (NH.)","GM0373",268,2023-03-17,268,266,263,263,29756,62,2021-01-01,62,206,0,2,5,-33.3333333333333,"&#x2798;",0,6.72133351256889,16.8033337814222,"&#x26a1;","&#x26a1;"
"Bergen op Zoom","GM0748",624,2023-03-17,624,621,618,614,67959,157,2021-01-01,157,467,0,3,10,-57.1428571428571,"&#x2798;",0,4.41442634529643,14.7147544843214,"&#x26a1;","&#x26a1;"
"Berkelland","GM1859",313,2023-03-17,313,313,313,307,43790,69,2021-01-01,69,244,0,0,6,-100,"&#x2798;",0,0,13.701758392327,"&#x26a1;","&#x26a1;"
"Bernheze","GM1721",282,2023-03-17,282,278,277,275,31785,121,2021-01-01,121,161,0,4,7,33.3333333333333,"&#x279A;",0,12.5845524618531,22.0229668082429,"&#x26a1;","&#x26a1;"
"Best","GM0753",277,2023-03-17,277,277,277,276,30658,77,2021-01-01,77,200,0,0,1,-100,"&#x2798;",0,0,3.2617913758236,"&#x1F7E3;","&#x1F7E3;"
"Beuningen","GM0209",255,2023-03-17,255,254,253,250,26242,47,2021-01-01,47,208,0,1,5,-75,"&#x2798;",0,3.81068516119198,19.0534258059599,"&#x26a1;","&#x26a1;"
"Beverwijk","GM0375",179,2023-03-17,179,179,179,179,42133,48,2021-01-01,48,131,0,0,0,0,"-",0,0,0,"&#9989;","&#9989;"
"Bladel","GM1728",164,2023-03-17,164,163,163,161,20737,64,2021-01-01,64,100,0,1,3,-50,"&#x2798;",0,4.82229830737329,14.4668949221199,"&#x26a1;","&#x26a1;"
"Blaricum","GM0376",54,2023-03-17,54,54,54,54,12385,5,2021-01-01,5,49,0,0,0,0,"-",0,0,0,"&#9989;","&#9989;"
"Bloemendaal","GM0377",74,2023-03-17,74,73,73,73,23679,7,2021-01-01,7,67,0,1,1,100,"&#x279A;",0,4.22315131551164,4.22315131551164,"&#x26a1;","&#x26a1;"
"Bodegraven-Reeuwijk","GM1901",291,2023-03-17,290,286,286,285,35818,72,2021-01-01,72,219,1,5,6,400,"&#x279A;",2.79189234463119,13.959461723156,16.7513540677871,"&#x26a1;","&#x26a1;"
"Boekel","GM0755",89,2023-03-17,89,89,89,88,11060,38,2021-01-01,38,51,0,0,1,-100,"&#x2798;",0,0,9.04159132007233,"&#x26a1;","&#x26a1;"
"Borger-Odoorn","GM1681",142,2023-03-17,142,142,142,142,25686,24,2021-01-01,24,118,0,0,0,0,"-",0,0,0,"&#9989;","&#9989;"
"Borne","GM0147",181,2023-03-17,181,178,178,178,24095,52,2021-01-01,52,129,0,3,3,300,"&#x279A;",0,12.4507159161652,12.4507159161652,"&#x26a1;","&#x26a1;"
"Borsele","GM0654",136,2023-03-17,136,135,135,133,22837,15,2021-01-01,15,121,0,1,3,-50,"&#x2798;",0,4.37885886937864,13.1365766081359,"&#x26a1;","&#x26a1;"
"Boxtel","GM0757",272,2023-03-17,272,271,270,268,33116,81,2021-01-01,81,191,0,1,4,-66.6666666666667,"&#x2798;",0,3.01968836816041,12.0787534726416,"&#x26a1;","&#x26a1;"
"Breda","GM0758",1395,2023-03-17,1395,1390,1388,1376,184841,430,2021-01-01,430,965,0,5,19,-64.2857142857143,"&#x2798;",0,2.70502756423088,10.2791047440773,"&#x26a1;","&#x26a1;"
"Bronckhorst","GM1876",263,2023-03-17,263,262,262,261,36110,61,2021-01-01,61,202,0,1,2,0,"-",0,2.7693159789532,5.5386319579064,"&#x26a1;","&#x26a1;"
"Brummen","GM0213",146,2023-03-17,146,146,146,144,20866,34,2021-01-01,34,112,0,0,2,-100,"&#x2798;",0,0,9.58497076583916,"&#x26a1;","&#x26a1;"
"Brunssum","GM0899",254,2023-03-17,254,254,253,252,27684,76,2021-01-01,76,178,0,0,2,-100,"&#x2798;",0,0,7.22438953908395,"&#x26a1;","&#x26a1;"
"Bunnik","GM0312",100,2023-03-17,100,100,100,100,15684,27,2021-01-01,27,73,0,0,0,0,"-",0,0,0,"&#9989;","&#9989;"
"Bunschoten","GM0313",218,2023-03-17,218,218,218,218,22323,74,2021-01-01,74,144,0,0,0,0,"-",0,0,0,"&#9989;","&#9989;"
"Buren","GM0214",252,2023-03-17,252,250,250,247,27237,67,2021-01-01,67,185,0,2,5,-33.3333333333333,"&#x2798;",0,7.34295260124096,18.3573815031024,"&#x26a1;","&#x26a1;"
"Capelle aan den IJssel","GM0502",784,2023-03-17,784,780,780,778,67281,216,2021-01-01,216,568,0,4,6,100,"&#x279A;",0,5.94521484520147,8.9178222678022,"&#x26a1;","&#x26a1;"
"Castricum","GM0383",193,2023-03-17,193,192,192,191,36265,47,2021-01-01,47,146,0,1,2,0,"-",0,2.75747966358748,5.51495932717496,"&#x26a1;","&#x26a1;"
"Coevorden","GM0109",271,2023-03-17,271,270,270,268,35472,48,2021-01-01,48,223,0,1,3,-50,"&#x2798;",0,2.8191249436175,8.4573748308525,"&#x26a1;","&#x26a1;"
"Cranendonck","GM1706",185,2023-03-17,185,183,183,183,20632,66,2021-01-01,66,119,0,2,2,200,"&#x279A;",0,9.69367972082202,9.69367972082202,"&#x26a1;","&#x26a1;"
"Culemborg","GM0216",256,2023-03-17,256,254,254,254,29320,71,2021-01-01,71,185,0,2,2,200,"&#x279A;",0,6.82128240109141,6.82128240109141,"&#x26a1;","&#x26a1;"
"Dalfsen","GM0148",115,2023-03-17,115,115,115,115,29182,26,2021-01-01,26,89,0,0,0,0,"-",0,0,0,"&#9989;","&#9989;"
"Dantumadiel","GM1891",170,2023-03-17,170,170,170,170,18958,9,2021-01-01,9,161,0,0,0,0,"-",0,0,0,"&#9989;","&#9989;"
"De Bilt","GM0310",310,2023-03-17,310,308,308,305,43486,80,2021-01-01,80,230,0,2,5,-33.3333333333333,"&#x2798;",0,4.59918134572046,11.4979533643012,"&#x26a1;","&#x26a1;"
"De Fryske Marren","GM1940",334,2023-03-17,334,330,330,329,51682,43,2021-01-01,43,291,0,4,5,300,"&#x279A;",0,7.7396385588793,9.67454819859912,"&#x26a1;","&#x26a1;"
"De Ronde Venen","GM0736",317,2023-03-17,317,316,316,316,45063,114,2021-01-01,114,203,0,1,1,100,"&#x279A;",0,2.21911546057741,2.21911546057741,"&#x1F7E3;","&#x1F7E3;"
"De Wolden","GM1690",159,2023-03-17,159,157,157,157,24485,26,2021-01-01,26,133,0,2,2,200,"&#x279A;",0,8.16826628548091,8.16826628548091,"&#x26a1;","&#x26a1;"
"Delft","GM0503",818,2023-03-17,818,815,815,803,104638,177,2021-01-01,177,641,0,3,15,-75,"&#x2798;",0,2.86702727498614,14.3351363749307,"&#x26a1;","&#x26a1;"
"Den Helder","GM0400",550,2023-03-17,550,542,541,536,56356,64,2021-01-01,64,486,0,8,14,33.3333333333333,"&#x279A;",0,14.1954716445454,24.8420753779544,"&#x26a1;","&#x26a1;"
"Deurne","GM0762",343,2023-03-17,343,342,342,336,32597,108,2021-01-01,108,235,0,1,7,-83.3333333333333,"&#x2798;",0,3.06776697242078,21.4743688069454,"&#x26a1;","&#x26a1;"
"Deventer","GM0150",689,2023-03-17,689,687,687,681,101553,178,2021-01-01,178,511,0,2,8,-66.6666666666667,"&#x2798;",0,1.96941498527862,7.87765994111449,"&#x26a1;","&#x26a1;"
"Diemen","GM0384",213,2023-03-17,213,213,213,213,32011,67,2021-01-01,67,146,0,0,0,0,"-",0,0,0,"&#9989;","&#9989;"
"Dijk en Waard","GM1980",663,2023-03-17,663,659,658,657,87829,386,2022-01-20,386,277,0,4,6,100,"&#x279A;",0,4.5543043869337,6.83145658040055,"&#x26a1;","&#x26a1;"
"Dinkelland","GM1774",184,2023-03-17,184,182,181,178,26594,60,2021-01-01,60,124,0,2,6,-50,"&#x2798;",0,7.52049334436339,22.5614800330902,"&#x26a1;","&#x26a1;"
"Doesburg","GM0221",80,2023-03-17,80,79,79,78,11037,16,2021-01-01,16,64,0,1,2,0,"-",0,9.06043308870164,18.1208661774033,"&#x26a1;","&#x26a1;"
"Doetinchem","GM0222",401,2023-03-17,401,399,399,392,58593,86,2021-01-01,86,315,0,2,9,-71.4285714285714,"&#x2798;",0,3.41337702455925,15.3601966105166,"&#x26a1;","&#x26a1;"
"Dongen","GM0766",222,2023-03-17,222,222,222,221,26604,92,2021-01-01,92,130,0,0,1,-100,"&#x2798;",0,0,3.75883325815667,"&#x1F7E3;","&#x1F7E3;"
"Dordrecht","GM0505",1421,2023-03-17,1421,1419,1418,1409,119589,381,2021-01-01,381,1040,0,2,12,-80,"&#x2798;",0,1.67239461823412,10.0343677094047,"&#x26a1;","&#x26a1;"
"Drechterland","GM0498",115,2023-03-17,115,115,115,114,20006,26,2021-01-01,26,89,0,0,1,-100,"&#x2798;",0,0,4.99850044986504,"&#x1F7E3;","&#x1F7E3;"
"Drimmelen","GM1719",231,2023-03-17,231,231,231,226,27581,61,2021-01-01,61,170,0,0,5,-100,"&#x2798;",0,0,18.1284217396034,"&#x26a1;","&#x26a1;"
"Dronten","GM0303",262,2023-03-17,262,262,262,261,43026,78,2021-01-01,78,184,0,0,1,-100,"&#x2798;",0,0,2.32417607957979,"&#128721;","&#128721;"
"Druten","GM0225",224,2023-03-17,224,222,222,220,19191,60,2021-01-01,60,164,0,2,4,0,"-",0,10.4215517690584,20.8431035381168,"&#x26a1;","&#x26a1;"
"Duiven","GM0226",151,2023-03-17,151,151,151,147,24908,22,2021-01-01,22,129,0,0,4,-100,"&#x2798;",0,0,16.0590974787217,"&#x26a1;","&#x26a1;"
"Echt-Susteren","GM1711",236,2023-03-17,236,235,235,232,31777,66,2021-01-01,66,170,0,1,4,-66.6666666666667,"&#x2798;",0,3.14693016961954,12.5877206784781,"&#x26a1;","&#x26a1;"
"Edam-Volendam","GM0385",379,2023-03-17,379,379,379,378,36439,94,2021-01-01,94,285,0,0,1,-100,"&#x2798;",0,0,2.74431241252504,"&#128721;","&#128721;"
"Ede","GM0228",700,2023-03-17,700,695,695,695,120101,227,2021-01-01,227,473,0,5,5,500,"&#x279A;",0,4.16316267141822,4.16316267141822,"&#x26a1;","&#x26a1;"
"Eemnes","GM0317",48,2023-03-17,48,48,48,48,9462,4,2021-01-01,4,44,0,0,0,0,"-",0,0,0,"&#9989;","&#9989;"
"Eemsdelta","GM1979",289,2023-03-17,289,289,289,289,45568,63,2021-01-07,63,226,0,0,0,0,"-",0,0,0,"&#9989;","&#9989;"
"Eersel","GM0770",199,2023-03-17,199,198,198,197,19852,85,2021-01-01,85,114,0,1,2,0,"-",0,5.03727584122507,10.0745516824501,"&#x26a1;","&#x26a1;"
"Eijsden-Margraten","GM1903",184,2023-03-17,184,184,184,183,25847,72,2021-01-01,72,112,0,0,1,-100,"&#x2798;",0,0,3.86892095794483,"&#x1F7E3;","&#x1F7E3;"
"Eindhoven","GM0772",2257,2023-03-17,2257,2252,2249,2244,238657,589,2021-01-01,589,1668,0,5,13,-37.5,"&#x2798;",0,2.09505692269659,5.44714799901113,"&#x26a1;","&#x26a1;"
"Elburg","GM0230",164,2023-03-17,164,164,164,163,23728,37,2021-01-01,37,127,0,0,1,-100,"&#x2798;",0,0,4.21443020903574,"&#x1F7E3;","&#x1F7E3;"
"Emmen","GM0114",869,2023-03-17,868,860,858,848,107958,152,2021-01-01,152,717,1,9,21,-25,"&#x2798;",0.926286148316938,8.33657533485244,19.4520091146557,"&#x26a1;","&#x26a1;"
"Enkhuizen","GM0388",151,2023-03-17,151,150,150,149,18652,50,2021-01-01,50,101,0,1,2,0,"-",0,5.36135535063264,10.7227107012653,"&#x26a1;","&#x26a1;"
"Enschede","GM0153",1308,2023-03-17,1307,1291,1288,1277,160341,329,2021-01-01,329,979,1,17,31,21.4285714285714,"&#x279A;",0.623670801604081,10.6024036272694,19.3337948497265,"&#x26a1;","&#x26a1;"
"Epe","GM0232",286,2023-03-17,286,283,283,278,33218,68,2021-01-01,68,218,0,3,8,-40,"&#x2798;",0,9.03124811848998,24.0833283159733,"&#x26a1;","&#x26a1;"
"Ermelo","GM0233",239,2023-03-17,239,239,239,236,27268,71,2021-01-01,71,168,0,0,3,-100,"&#x2798;",0,0,11.0019069972129,"&#x26a1;","&#x26a1;"
"Etten-Leur","GM0777",340,2023-03-17,340,336,336,330,44165,113,2021-01-01,113,227,0,4,10,-33.3333333333333,"&#x2798;",0,9.05694554511491,22.6423638627873,"&#x26a1;","&#x26a1;"
"Geertruidenberg","GM0779",167,2023-03-17,167,162,162,159,21924,38,2021-01-01,38,129,0,5,8,66.6666666666667,"&#x279A;",0,22.8060572888159,36.4896916621055,"&#x26a1;","&#x26a1;"
"Geldrop-Mierlo","GM1771",501,2023-03-17,501,499,499,492,40174,111,2021-01-01,111,390,0,2,9,-71.4285714285714,"&#x2798;",0,4.97834420271818,22.4025489122318,"&#x26a1;","&#x26a1;"
"Gemert-Bakel","GM1652",299,2023-03-17,299,297,296,293,31107,107,2021-01-01,107,192,0,2,6,-50,"&#x2798;",0,6.42942103063619,19.2882630919086,"&#x26a1;","&#x26a1;"
"Gennep","GM0907",141,2023-03-17,141,140,139,138,17199,42,2021-01-01,42,99,0,1,3,-50,"&#x2798;",0,5.81429152857724,17.4428745857317,"&#x26a1;","&#x26a1;"
"Gilze en Rijen","GM0784",210,2023-03-17,210,209,209,207,26545,59,2021-01-01,59,151,0,1,3,-50,"&#x2798;",0,3.76718779431155,11.3015633829346,"&#x26a1;","&#x26a1;"
"Goeree-Overflakkee","GM1924",552,2023-03-17,552,546,546,545,51042,133,2021-01-01,133,419,0,6,7,500,"&#x279A;",0,11.7550252733043,13.7141961521884,"&#x26a1;","&#x26a1;"
"Goes","GM0664",350,2023-03-17,350,347,346,342,39079,44,2021-01-01,44,306,0,3,8,-40,"&#x2798;",0,7.67675733770055,20.4713529005348,"&#x26a1;","&#x26a1;"
"Goirle","GM0785",208,2023-03-17,208,206,206,206,24010,79,2021-01-01,79,129,0,2,2,200,"&#x279A;",0,8.32986255726781,8.32986255726781,"&#x26a1;","&#x26a1;"
"Gooise Meren","GM1942",244,2023-03-17,244,244,244,244,58973,34,2021-01-01,34,210,0,0,0,0,"-",0,0,0,"&#9989;","&#9989;"
"Gorinchem","GM0512",275,2023-03-17,275,274,274,273,37858,60,2021-01-01,60,215,0,1,2,0,"-",0,2.6414496275556,5.2828992551112,"&#x1F7E3;","&#x1F7E3;"
"Gouda","GM0513",778,2023-03-17,778,773,772,771,74131,203,2021-01-01,203,575,0,5,7,150,"&#x279A;",0,6.74481660843642,9.44274325181098,"&#x26a1;","&#x26a1;"
"Groningen","GM0014",941,2023-03-17,939,931,931,928,234949,120,2021-01-01,120,821,2,10,13,233.333333333333,"&#x279A;",0.851248568838344,4.25624284419172,5.53311569744923,"&#x26a1;","&#x26a1;"
"Gulpen-Wittem","GM1729",83,2023-03-17,83,83,83,83,14161,33,2021-01-01,33,50,0,0,0,0,"-",0,0,0,"&#9989;","&#9989;"
"Haaksbergen","GM0158",177,2023-03-17,177,177,177,176,24257,60,2021-01-01,60,117,0,0,1,-100,"&#x2798;",0,0,4.1225213340479,"&#x1F7E3;","&#x1F7E3;"
"Haarlem","GM0392",717,2023-03-17,717,715,715,711,163065,115,2021-01-01,115,602,0,2,6,-50,"&#x2798;",0,1.22650476803729,3.67951430411186,"&#x1F7E3;","&#x1F7E3;"
"Haarlemmermeer","GM0394",714,2023-03-17,714,714,713,709,159342,158,2021-01-01,158,556,0,0,5,-100,"&#x2798;",0,0,3.1379046328024,"&#128721;","&#128721;"
"Halderberge","GM1655",269,2023-03-17,269,266,266,262,30767,82,2021-01-01,82,187,0,3,7,-25,"&#x2798;",0,9.75070692625215,22.7516494945884,"&#x26a1;","&#x26a1;"
"Hardenberg","GM0160",377,2023-03-17,377,375,375,374,61890,77,2021-01-01,77,300,0,2,3,100,"&#x279A;",0,3.23153982872839,4.84730974309258,"&#x26a1;","&#x26a1;"
"Harderwijk","GM0243",414,2023-03-17,414,412,411,410,48824,119,2021-01-01,119,295,0,2,4,0,"-",0,4.09634605931509,8.19269211863018,"&#x26a1;","&#x26a1;"
"Hardinxveld-Giessendam","GM0523",139,2023-03-17,139,139,139,139,18501,26,2021-01-01,26,113,0,0,0,0,"-",0,0,0,"&#9989;","&#9989;"
"Harlingen","GM0072",105,2023-03-17,105,104,104,104,15922,9,2021-01-01,9,96,0,1,1,100,"&#x279A;",0,6.28061801281246,6.28061801281246,"&#x26a1;","&#x26a1;"
"Hattem","GM0244",69,2023-03-17,69,69,69,67,12312,10,2021-01-01,10,59,0,0,2,-100,"&#x2798;",0,0,16.2443144899285,"&#x26a1;","&#x26a1;"
"Heemskerk","GM0396",185,2023-03-17,185,184,184,184,39145,59,2021-01-01,59,126,0,1,1,100,"&#x279A;",0,2.55460467492655,2.55460467492655,"&#x1F7E3;","&#x1F7E3;"
"Heemstede","GM0397",112,2023-03-17,112,109,108,108,27578,14,2021-01-01,14,98,0,3,4,200,"&#x279A;",0,10.8782362752919,14.5043150337225,"&#x26a1;","&#x26a1;"
"Heerde","GM0246",100,2023-03-17,100,99,99,97,19038,22,2021-01-01,22,78,0,1,3,-50,"&#x2798;",0,5.25265258955773,15.7579577686732,"&#x26a1;","&#x26a1;"
"Heerenveen","GM0074",319,2023-03-17,319,316,316,312,51211,41,2021-01-01,41,278,0,3,7,-25,"&#x2798;",0,5.85811642030033,13.6689383140341,"&#x26a1;","&#x26a1;"
"Heerlen","GM0917",747,2023-03-17,747,745,745,740,86900,210,2021-01-01,210,537,0,2,7,-60,"&#x2798;",0,2.30149597238205,8.05523590333717,"&#x26a1;","&#x26a1;"
"Heeze-Leende","GM1658",147,2023-03-17,147,147,147,147,16485,38,2021-01-01,38,109,0,0,0,0,"-",0,0,0,"&#9989;","&#9989;"
"Heiloo","GM0399",146,2023-03-17,146,146,145,144,24430,25,2021-01-01,25,121,0,0,2,-100,"&#x2798;",0,0,8.18665575112566,"&#x26a1;","&#x26a1;"
"Hellendoorn","GM0163",270,2023-03-17,270,270,270,270,35998,56,2021-01-01,56,214,0,0,0,0,"-",0,0,0,"&#9989;","&#9989;"
"Helmond","GM0794",979,2023-03-17,979,970,969,961,93676,283,2021-01-01,283,696,0,9,18,0,"-",0,9.6075835859772,19.2151671719544,"&#x26a1;","&#x26a1;"
"Hendrik-Ido-Ambacht","GM0531",304,2023-03-17,304,302,301,298,31767,81,2021-01-01,81,223,0,2,6,-50,"&#x2798;",0,6.29584159662543,18.8875247898763,"&#x26a1;","&#x26a1;"
"Hengelo","GM0164",597,2023-03-17,597,591,589,585,81531,161,2021-01-01,161,436,0,6,12,0,"-",0,7.35916399896972,14.7183279979394,"&#x26a1;","&#x26a1;"
"Het Hogeland","GM1966",215,2023-03-17,215,214,214,214,48001,23,2021-01-01,23,192,0,1,1,100,"&#x279A;",0,2.08328993145976,2.08328993145976,"&#x1F7E3;","&#x1F7E3;"
"Heumen","GM0252",137,2023-03-17,136,135,135,133,16918,41,2021-01-01,41,96,1,2,4,0,"-",5.91086416834141,11.8217283366828,23.6434566733656,"&#x26a1;","&#x26a1;"
"Heusden","GM0797",394,2023-03-17,394,391,388,385,45576,127,2021-01-01,127,267,0,3,9,-50,"&#x2798;",0,6.58241179568194,19.7472353870458,"&#x26a1;","&#x26a1;"
"Hillegom","GM0534",106,2023-03-17,106,106,106,105,22295,16,2021-01-01,16,90,0,0,1,-100,"&#x2798;",0,0,4.48531060775959,"&#x1F7E3;","&#x1F7E3;"
"Hilvarenbeek","GM0798",104,2023-03-17,104,104,104,104,15819,38,2021-01-01,38,66,0,0,0,0,"-",0,0,0,"&#9989;","&#9989;"
"Hilversum","GM0402",376,2023-03-17,376,376,376,376,91840,33,2021-01-01,33,343,0,0,0,0,"-",0,0,0,"&#9989;","&#9989;"
"Hoeksche Waard","GM1963",758,2023-03-17,758,758,758,755,88832,180,2021-01-01,180,578,0,0,3,-100,"&#x2798;",0,0,3.3771613832853,"&#x1F7E3;","&#x1F7E3;"
"Hof van Twente","GM1735",252,2023-03-17,251,249,249,249,35104,74,2021-01-01,74,178,1,3,3,300,"&#x279A;",2.84867821330902,8.54603463992707,8.54603463992707,"&#x26a1;","&#x26a1;"
"Hollands Kroon","GM1911",327,2023-03-17,327,325,325,322,48755,68,2021-01-01,68,259,0,2,5,-33.3333333333333,"&#x2798;",0,4.10214336991078,10.2553584247769,"&#x26a1;","&#x26a1;"
"Hoogeveen","GM0118",399,2023-03-17,399,393,392,391,55964,86,2021-01-01,86,313,0,6,8,200,"&#x279A;",0,10.7211779000786,14.2949038667715,"&#x26a1;","&#x26a1;"
"Hoorn","GM0405",593,2023-03-17,593,591,591,587,74397,116,2021-01-01,116,477,0,2,6,-50,"&#x2798;",0,2.68828044141565,8.06484132424695,"&#x26a1;","&#x26a1;"
"Horst aan de Maas","GM1507",230,2023-03-17,230,230,230,230,43080,50,2021-01-01,50,180,0,0,0,0,"-",0,0,0,"&#9989;","&#9989;"
"Houten","GM0321",276,2023-03-17,276,272,271,269,50305,71,2021-01-01,71,205,0,4,7,33.3333333333333,"&#x279A;",0,7.95149587516152,13.9151177815327,"&#x26a1;","&#x26a1;"
"Huizen","GM0406",194,2023-03-17,194,194,194,194,40962,32,2021-01-01,32,162,0,0,0,0,"-",0,0,0,"&#9989;","&#9989;"
"Hulst","GM0677",200,2023-03-17,200,200,199,197,27552,35,2021-01-01,35,165,0,0,3,-100,"&#x2798;",0,0,10.8885017421603,"&#x26a1;","&#x26a1;"
"IJsselstein","GM0353",282,2023-03-17,282,280,280,279,33443,92,2021-01-01,92,190,0,2,3,100,"&#x279A;",0,5.98032473163293,8.97048709744939,"&#x26a1;","&#x26a1;"
"Kaag en Braassem","GM1884",129,2023-03-17,129,128,127,127,27916,38,2021-01-01,38,91,0,1,2,0,"-",0,3.58217509671873,7.16435019343746,"&#x26a1;","&#x26a1;"
"Kampen","GM0166",274,2023-03-17,274,270,270,265,54902,47,2021-01-01,47,227,0,4,9,-20,"&#x2798;",0,7.28570908163637,16.3928454336818,"&#x26a1;","&#x26a1;"
"Kapelle","GM0678",61,2023-03-17,61,61,61,60,13006,10,2021-01-01,10,51,0,0,1,-100,"&#x2798;",0,0,7.68875903429187,"&#x26a1;","&#x26a1;"
"Katwijk","GM0537",532,2023-03-17,531,525,524,522,66160,146,2021-01-01,146,386,1,7,10,133.333333333333,"&#x279A;",1.51148730350665,10.5804111245466,15.1148730350665,"&#x26a1;","&#x26a1;"
"Kerkrade","GM0928",375,2023-03-17,375,372,372,367,45255,119,2021-01-01,119,256,0,3,8,-40,"&#x2798;",0,6.62910175671197,17.6776046845652,"&#x26a1;","&#x26a1;"
"Koggenland","GM1598",157,2023-03-17,157,157,156,156,23030,25,2021-01-01,25,132,0,0,1,-100,"&#x2798;",0,0,4.34216239687364,"&#x1F7E3;","&#x1F7E3;"
"Krimpen aan den IJssel","GM0542",273,2023-03-17,273,272,272,271,29431,76,2021-01-01,76,197,0,1,2,0,"-",0,3.39777785328395,6.7955557065679,"&#x26a1;","&#x26a1;"
"Krimpenerwaard","GM1931",520,2023-03-17,520,518,517,513,57151,139,2021-01-01,139,381,0,2,7,-60,"&#x2798;",0,3.49950132106175,12.2482546237161,"&#x26a1;","&#x26a1;"
"Laarbeek","GM1659",225,2023-03-17,225,222,222,219,22952,74,2021-01-01,74,151,0,3,6,0,"-",0,13.0707563611014,26.1415127222029,"&#x26a1;","&#x26a1;"
"Land van Cuijk","GM1982",733,2023-03-17,733,726,725,719,90841,500,2022-01-20,500,233,0,7,14,0,"-",0,7.70577162294559,15.4115432458912,"&#x26a1;","&#x26a1;"
"Landgraaf","GM0882",338,2023-03-17,338,337,337,336,37026,97,2021-01-01,97,241,0,1,2,0,"-",0,2.70080483984227,5.40160967968455,"&#x26a1;","&#x26a1;"
"Landsmeer","GM0415",72,2023-03-17,72,72,72,72,11565,20,2021-01-01,20,52,0,0,0,0,"-",0,0,0,"&#9989;","&#9989;"
"Lansingerland","GM1621",392,2023-03-17,392,391,389,389,64167,120,2021-01-01,120,272,0,1,3,-50,"&#x2798;",0,1.55843346268331,4.67530038804993,"&#x1F7E3;","&#x1F7E3;"
"Laren","GM0417",50,2023-03-17,50,49,49,49,11571,10,2021-01-01,10,40,0,1,1,100,"&#x279A;",0,8.64229539365656,8.64229539365656,"&#x26a1;","&#x26a1;"
"Leeuwarden","GM0080",820,2023-03-17,820,818,817,810,125712,89,2021-01-01,89,731,0,2,10,-75,"&#x2798;",0,1.59093801705486,7.95469008527428,"&#x26a1;","&#x26a1;"
"Leiden","GM0546",686,2023-03-17,684,680,675,667,125304,170,2021-01-01,170,516,2,6,19,-53.8461538461538,"&#x2798;",1.59611824043925,4.78835472131775,15.1631232841729,"&#x26a1;","&#x26a1;"
"Leiderdorp","GM0547",177,2023-03-17,177,176,176,174,27443,61,2021-01-01,61,116,0,1,3,-50,"&#x2798;",0,3.64391648143425,10.9317494443027,"&#x26a1;","&#x26a1;"
"Leidschendam-Voorburg","GM1916",399,2023-03-17,399,398,398,398,76727,133,2021-01-01,133,266,0,1,1,100,"&#x279A;",0,1.30332216820676,1.30332216820676,"&#128721;","&#128721;"
"Lelystad","GM0995",716,2023-03-17,716,714,713,708,81341,191,2021-01-01,191,525,0,2,8,-66.6666666666667,"&#x2798;",0,2.45878462276097,9.83513849104388,"&#x26a1;","&#x26a1;"
"Leudal","GM1640",266,2023-03-17,266,266,266,266,35938,83,2021-01-01,83,183,0,0,0,0,"-",0,0,0,"&#9989;","&#9989;"
"Leusden","GM0327",176,2023-03-17,176,176,176,176,30756,34,2021-01-01,34,142,0,0,0,0,"-",0,0,0,"&#9989;","&#9989;"
"Lingewaard","GM1705",373,2023-03-17,373,372,371,368,46989,75,2021-01-01,75,298,0,1,5,-75,"&#x2798;",0,2.128157653919,10.640788269595,"&#x26a1;","&#x26a1;"
"Lisse","GM0553",131,2023-03-17,131,129,129,128,23005,39,2021-01-01,39,92,0,2,3,100,"&#x279A;",0,8.69376222560313,13.0406433384047,"&#x26a1;","&#x26a1;"
"Lochem","GM0262",197,2023-03-17,197,197,196,189,34086,47,2021-01-01,47,150,0,0,8,-100,"&#x2798;",0,0,23.4700463533415,"&#x26a1;","&#x26a1;"
"Loon op Zand","GM0809",236,2023-03-17,236,235,235,234,23782,85,2021-01-01,85,151,0,1,2,0,"-",0,4.20486081910689,8.40972163821378,"&#x26a1;","&#x26a1;"
"Lopik","GM0331",118,2023-03-17,118,118,118,117,14540,33,2021-01-01,33,85,0,0,1,-100,"&#x2798;",0,0,6.87757909215956,"&#x26a1;","&#x26a1;"
"Losser","GM0168",187,2023-03-17,186,186,186,182,23142,64,2021-01-01,64,123,1,1,5,-75,"&#x2798;",4.32114769682828,4.32114769682828,21.6057384841414,"&#x26a1;","&#128165;"
"Maasdriel","GM0263",230,2023-03-17,230,229,229,227,25618,49,2021-01-01,49,181,0,1,3,-50,"&#x2798;",0,3.90350534780233,11.710516043407,"&#x26a1;","&#x26a1;"
"Maasgouw","GM1641",204,2023-03-17,204,204,204,204,24021,58,2021-01-01,58,146,0,0,0,0,"-",0,0,0,"&#9989;","&#9989;"
"Maashorst","GM1991",492,2023-03-17,492,491,490,486,58454,367,2022-01-20,367,125,0,1,6,-80,"&#x2798;",0,1.71074691210182,10.2644814726109,"&#x26a1;","&#x26a1;"
"Maassluis","GM0556",283,2023-03-17,283,283,283,281,34408,92,2021-01-01,92,191,0,0,2,-100,"&#x2798;",0,0,5.81260172053011,"&#x26a1;","&#x26a1;"
"Maastricht","GM0935",915,2023-03-17,915,914,914,914,120922,317,2021-01-01,317,598,0,1,1,100,"&#x279A;",0,0.826979375134384,0.826979375134384,"&#128721;","&#128721;"
"Medemblik","GM0420",316,2023-03-17,316,311,310,305,45478,69,2021-01-01,69,247,0,5,11,-16.6666666666667,"&#x2798;",0,10.9943269273055,24.1875192400721,"&#x26a1;","&#x26a1;"
"Meerssen","GM0938",138,2023-03-17,138,138,138,138,18541,37,2021-01-01,37,101,0,0,0,0,"-",0,0,0,"&#9989;","&#9989;"
"Meierijstad","GM1948",791,2023-03-17,791,787,787,786,82681,321,2021-01-01,321,470,0,4,5,300,"&#x279A;",0,4.83787085303758,6.04733856629697,"&#x26a1;","&#x26a1;"
"Meppel","GM0119",163,2023-03-17,163,160,160,160,34749,21,2021-01-01,21,142,0,3,3,300,"&#x279A;",0,8.6333419666753,8.6333419666753,"&#x26a1;","&#x26a1;"
"Middelburg","GM0687",281,2023-03-17,281,278,278,277,49248,39,2021-01-01,39,242,0,3,4,200,"&#x279A;",0,6.0916179337232,8.12215724496426,"&#x26a1;","&#x26a1;"
"Midden-Delfland","GM1842",131,2023-03-17,131,131,131,131,19466,42,2021-01-01,42,89,0,0,0,0,"-",0,0,0,"&#9989;","&#9989;"
"Midden-Drenthe","GM1731",123,2023-03-17,123,123,123,123,33729,26,2021-01-01,26,97,0,0,0,0,"-",0,0,0,"&#9989;","&#9989;"
"Midden-Groningen","GM1952",424,2023-03-17,424,418,418,418,60897,67,2021-01-01,67,357,0,6,6,600,"&#x279A;",0,9.8527021035519,9.8527021035519,"&#x26a1;","&#x26a1;"
"Moerdijk","GM1709",325,2023-03-17,325,321,321,318,37312,76,2021-01-01,76,249,0,4,7,33.3333333333333,"&#x279A;",0,10.7204116638079,18.7607204116638,"&#x26a1;","&#x26a1;"
"Molenlanden","GM1978",309,2023-03-17,309,309,309,309,44692,77,2021-01-01,77,232,0,0,0,0,"-",0,0,0,"&#9989;","&#9989;"
"Montferland","GM1955",318,2023-03-17,318,316,314,308,36365,52,2021-01-01,52,266,0,2,10,-75,"&#x2798;",0,5.49979375773408,27.4989687886704,"&#x26a1;","&#x26a1;"
"Montfoort","GM0335",98,2023-03-17,98,98,98,97,13813,28,2021-01-01,28,70,0,0,1,-100,"&#x2798;",0,0,7.23955693911533,"&#x26a1;","&#x26a1;"
"Mook en Middelaar","GM0944",51,2023-03-17,51,51,51,51,8000,20,2021-01-01,20,31,0,0,0,0,"-",0,0,0,"&#9989;","&#9989;"
"Neder-Betuwe","GM1740",318,2023-03-17,318,318,318,318,25050,81,2021-01-01,81,237,0,0,0,0,"-",0,0,0,"&#9989;","&#9989;"
"Nederweert","GM0946",123,2023-03-17,123,123,123,123,17339,35,2021-01-01,35,88,0,0,0,0,"-",0,0,0,"&#9989;","&#9989;"
"Netherlands","",135913,2023-03-17,135891,135259,135138,134342,17443797,31397,2021-01-01,31397,104516,22,654,1571,-28.680479825518,"&#x2798;",0.1261193305563,3.7491837356282,9.00606674108854,"&#x26a1;","&#x26a1;"
"Nieuwegein","GM0356",504,2023-03-17,504,498,498,497,64529,112,2021-01-01,112,392,0,6,7,500,"&#x279A;",0,9.2981450200685,10.8478358567466,"&#x26a1;","&#x26a1;"
"Nieuwkoop","GM0569",182,2023-03-17,182,181,181,178,29284,39,2021-01-01,39,143,0,1,4,-66.6666666666667,"&#x2798;",0,3.4148340390657,13.6593361562628,"&#x26a1;","&#x26a1;"
"Nijkerk","GM0267",340,2023-03-17,340,339,339,339,44436,76,2021-01-01,76,264,0,1,1,100,"&#x279A;",0,2.25042758124044,2.25042758124044,"&#x1F7E3;","&#x1F7E3;"
"Nijmegen","GM0268",1563,2023-03-17,1563,1556,1554,1540,179494,360,2021-01-01,360,1203,0,7,23,-56.25,"&#x2798;",0,3.89985180563139,12.8137987899317,"&#x26a1;","&#x26a1;"
"Nissewaard","GM1930",928,2023-03-17,928,926,926,919,86306,220,2021-01-01,220,708,0,2,9,-71.4285714285714,"&#x2798;",0,2.31733599054527,10.4280119574537,"&#x26a1;","&#x26a1;"
"Noardeast-FryslÃ¢n","GM1970",361,2023-03-17,361,361,359,357,45612,NA,NA,NA,NA,0,0,4,-100,"&#x2798;",0,0,8.76962202929054,"&#x26a1;","&#x26a1;"
"Noord-Beveland","GM1695",63,2023-03-17,63,63,63,63,7678,4,2021-01-01,4,59,0,0,0,0,"-",0,0,0,"&#9989;","&#9989;"
"Noordenveld","GM1699",159,2023-03-17,159,157,157,156,31280,12,2021-01-01,12,147,0,2,3,100,"&#x279A;",0,6.39386189258312,9.59079283887468,"&#x26a1;","&#x26a1;"
"Noordoostpolder","GM0171",243,2023-03-17,243,241,241,239,48199,39,2021-01-01,39,204,0,2,4,0,"-",0,4.14946368181913,8.29892736363825,"&#x26a1;","&#x26a1;"
"Noordwijk","GM0575",276,2023-03-17,276,274,274,273,44390,85,2021-01-01,85,191,0,2,3,100,"&#x279A;",0,4.50551926109484,6.75827889164226,"&#x26a1;","&#x26a1;"
"Nuenen, Gerwen en Nederwetten","GM0820",211,2023-03-17,211,209,209,208,23822,46,2021-01-01,46,165,0,2,3,100,"&#x279A;",0,8.39560070523046,12.5934010578457,"&#x26a1;","&#x26a1;"
"Nunspeet","GM0302",306,2023-03-17,306,305,304,302,28233,103,2021-01-01,103,203,0,1,4,-66.6666666666667,"&#x2798;",0,3.54195445046577,14.1678178018631,"&#x26a1;","&#x26a1;"
"Oegstgeest","GM0579",142,2023-03-17,142,141,141,141,25534,35,2021-01-01,35,107,0,1,1,100,"&#x279A;",0,3.91634683167541,3.91634683167541,"&#x26a1;","&#x26a1;"
"Oirschot","GM0823",163,2023-03-17,163,163,163,162,19083,49,2021-01-01,49,114,0,0,1,-100,"&#x2798;",0,0,5.24026620552324,"&#x1F7E3;","&#x1F7E3;"
"Oisterwijk","GM0824",235,2023-03-17,235,234,234,234,32534,67,2021-01-01,67,168,0,1,1,100,"&#x279A;",0,3.07370750599373,3.07370750599373,"&#x26a1;","&#x26a1;"
"Oldambt","GM1895",274,2023-03-17,274,274,274,273,38531,47,2021-01-01,47,227,0,0,1,-100,"&#x2798;",0,0,2.59531286496587,"&#128721;","&#128721;"
"Oldebroek","GM0269",168,2023-03-17,168,166,166,166,23974,28,2021-01-01,28,140,0,2,2,200,"&#x279A;",0,8.34237090181029,8.34237090181029,"&#x26a1;","&#x26a1;"
"Oldenzaal","GM0173",261,2023-03-17,261,257,257,255,31781,81,2021-01-01,81,180,0,4,6,100,"&#x279A;",0,12.5861363707876,18.8792045561814,"&#x26a1;","&#x26a1;"
"Olst-Wijhe","GM1773",90,2023-03-17,90,90,89,87,18534,16,2021-01-01,16,74,0,0,3,-100,"&#x2798;",0,0,16.1864681126578,"&#x26a1;","&#x26a1;"
"Ommen","GM0175",97,2023-03-17,97,97,97,97,18459,29,2021-01-01,29,68,0,0,0,0,"-",0,0,0,"&#9989;","&#9989;"
"Oost Gelre","GM1586",205,2023-03-17,205,201,201,198,29624,61,2021-01-01,61,144,0,4,7,33.3333333333333,"&#x279A;",0,13.5025654874426,23.6294896030246,"&#x26a1;","&#x26a1;"
"Oosterhout","GM0826",515,2023-03-17,515,507,506,498,56578,151,2021-01-01,151,364,0,8,17,-11.1111111111111,"&#x2798;",0,14.139771642688,30.0470147407119,"&#x26a1;","&#x26a1;"
"Ooststellingwerf","GM0085",123,2023-03-17,123,123,122,120,25714,21,2021-01-01,21,102,0,0,3,-100,"&#x2798;",0,0,11.6667962977366,"&#x26a1;","&#x26a1;"
"Oostzaan","GM0431",57,2023-03-17,57,57,57,57,9665,24,2021-01-01,24,33,0,0,0,0,"-",0,0,0,"&#9989;","&#9989;"
"Opmeer","GM0432",72,2023-03-17,72,72,72,72,12126,8,2021-01-01,8,64,0,0,0,0,"-",0,0,0,"&#9989;","&#9989;"
"Opsterland","GM0086",161,2023-03-17,161,161,161,161,29791,23,2021-01-01,23,138,0,0,0,0,"-",0,0,0,"&#9989;","&#9989;"
"Oss","GM0828",877,2023-03-17,877,873,871,865,93456,297,2021-01-01,297,580,0,4,12,-50,"&#x2798;",0,4.28008902585174,12.8402670775552,"&#x26a1;","&#x26a1;"
"Oude IJsselstreek","GM1509",309,2023-03-17,309,308,307,306,39346,58,2021-01-01,58,251,0,1,3,-50,"&#x2798;",0,2.54155441468002,7.62466324404005,"&#x26a1;","&#x26a1;"
"Ouder-Amstel","GM0437",57,2023-03-17,57,57,57,57,14187,19,2021-01-01,19,38,0,0,0,0,"-",0,0,0,"&#9989;","&#9989;"
"Oudewater","GM0589",72,2023-03-17,72,72,71,71,10166,36,2021-01-01,36,36,0,0,1,-100,"&#x2798;",0,0,9.83671060397403,"&#x26a1;","&#x26a1;"
"Overbetuwe","GM1734",329,2023-03-17,329,325,325,317,48233,65,2021-01-01,65,264,0,4,12,-50,"&#x2798;",0,8.29307735367902,24.8792320610371,"&#x26a1;","&#x26a1;"
"Papendrecht","GM0590",333,2023-03-17,333,332,332,331,32151,87,2021-01-01,87,246,0,1,2,0,"-",0,3.11032316257659,6.22064632515318,"&#x26a1;","&#x26a1;"
"Peel en Maas","GM1894",242,2023-03-17,242,241,241,241,44374,77,2021-01-01,77,165,0,1,1,100,"&#x279A;",0,2.2535719114797,2.2535719114797,"&#x1F7E3;","&#x1F7E3;"
"Pekela","GM0765",96,2023-03-17,96,96,96,96,12188,18,2021-01-01,18,78,0,0,0,0,"-",0,0,0,"&#9989;","&#9989;"
"Pijnacker-Nootdorp","GM1926",330,2023-03-17,330,329,329,324,56701,78,2021-01-01,78,252,0,1,6,-80,"&#x2798;",0,1.76363732562036,10.5818239537222,"&#x26a1;","&#x26a1;"
"Purmerend","GM0439",887,2023-03-17,887,885,885,881,92504,632,2022-01-20,632,255,0,2,6,-50,"&#x2798;",0,2.16206866730087,6.48620600190262,"&#x26a1;","&#x26a1;"
"Putten","GM0273",201,2023-03-17,201,201,201,199,24627,38,2021-01-01,38,163,0,0,2,-100,"&#x2798;",0,0,8.12116782393308,"&#x26a1;","&#x26a1;"
"Raalte","GM0177",209,2023-03-17,209,209,208,207,38166,51,2021-01-01,51,158,0,0,2,-100,"&#x2798;",0,0,5.24026620552324,"&#x1F7E3;","&#x1F7E3;"
"Reimerswaal","GM0703",182,2023-03-17,182,182,182,181,22916,18,2021-01-01,18,164,0,0,1,-100,"&#x2798;",0,0,4.36376330947809,"&#x1F7E3;","&#x1F7E3;"
"Renkum","GM0274",186,2023-03-17,186,185,185,184,31320,36,2021-01-01,36,150,0,1,2,0,"-",0,3.19284802043423,6.38569604086846,"&#x26a1;","&#x26a1;"
"Renswoude","GM0339",30,2023-03-17,30,30,30,30,5637,6,2021-01-01,6,24,0,0,0,0,"-",0,0,0,"&#9989;","&#9989;"
"Reusel-De Mierden","GM1667",103,2023-03-17,103,102,101,101,13309,38,2021-01-01,38,65,0,1,2,0,"-",0,7.51371252535878,15.0274250507176,"&#x26a1;","&#x26a1;"
"Rheden","GM0275",340,2023-03-17,340,339,339,335,43458,27,2021-01-01,27,313,0,1,5,-75,"&#x2798;",0,2.30107229969166,11.5053614984583,"&#x26a1;","&#x26a1;"
"Rhenen","GM0340",143,2023-03-17,143,143,142,142,20253,38,2021-01-01,38,105,0,0,1,-100,"&#x2798;",0,0,4.93754011751346,"&#x1F7E3;","&#x1F7E3;"
"Ridderkerk","GM0597",575,2023-03-17,575,574,574,573,47058,135,2021-01-01,135,440,0,1,2,0,"-",0,2.12503718815079,4.25007437630159,"&#x1F7E3;","&#x1F7E3;"
"Rijssen-Holten","GM1742",368,2023-03-17,368,366,366,366,38261,86,2021-01-01,86,282,0,2,2,200,"&#x279A;",0,5.22725490708554,5.22725490708554,"&#x26a1;","&#x26a1;"
"Rijswijk","GM0603",473,2023-03-17,473,471,471,467,57220,135,2021-01-01,135,338,0,2,6,-50,"&#x2798;",0,3.4952813701503,10.4858441104509,"&#x26a1;","&#x26a1;"
"Roerdalen","GM1669",166,2023-03-17,166,166,166,166,20549,44,2021-01-01,44,122,0,0,0,0,"-",0,0,0,"&#9989;","&#9989;"
"Roermond","GM0957",565,2023-03-17,565,565,565,565,59150,143,2021-01-01,143,422,0,0,0,0,"-",0,0,0,"&#9989;","&#9989;"
"Roosendaal","GM1674",683,2023-03-17,683,676,675,670,77208,180,2021-01-01,180,503,0,7,13,16.6666666666667,"&#x279A;",0,9.06641798777329,16.8376334058647,"&#x26a1;","&#x26a1;"
"Rotterdam","GM0599",7661,2023-03-17,7661,7636,7633,7600,656338,2306,2021-01-01,2306,5355,0,25,61,-30.5555555555556,"&#x2798;",0,3.80901303901344,9.29399181519278,"&#x26a1;","&#x26a1;"
"Rozendaal","GM0277",2,2023-03-17,2,2,2,2,1755,1,2021-01-01,1,1,0,0,0,0,"-",0,0,0,"&#9989;","&#9989;"
"Rucphen","GM0840",222,2023-03-17,222,220,220,218,23361,60,2021-01-01,60,162,0,2,4,0,"-",0,8.56127734257951,17.122554685159,"&#x26a1;","&#x26a1;"
"SÃºdwest-FryslÃ¢n","GM1900",561,2023-03-17,561,560,560,558,90307,NA,NA,NA,NA,0,1,3,-50,"&#x2798;",0,1.10733387223582,3.32200161670745,"&#x1F7E3;","&#x1F7E3;"
"Schagen","GM0441",356,2023-03-17,356,355,355,353,46856,68,2021-01-01,68,288,0,1,3,-50,"&#x2798;",0,2.13419839508281,6.40259518524842,"&#x26a1;","&#x26a1;"
"Scherpenzeel","GM0279",78,2023-03-17,78,77,77,77,10317,10,2021-01-01,10,68,0,1,1,100,"&#x279A;",0,9.69274013763691,9.69274013763691,"&#x26a1;","&#x26a1;"
"Schiedam","GM0606",838,2023-03-17,838,835,834,834,79759,261,2021-01-01,261,577,0,3,4,200,"&#x279A;",0,3.76133100966662,5.01510801288883,"&#x26a1;","&#x26a1;"
"Schiermonnikoog","GM0088",4,2023-03-17,4,4,4,4,945,1,2021-01-01,1,3,0,0,0,0,"-",0,0,0,"&#9989;","&#9989;"
"Schouwen-Duiveland","GM1676",249,2023-03-17,249,248,248,244,34175,29,2021-01-01,29,220,0,1,5,-75,"&#x2798;",0,2.92611558156547,14.6305779078274,"&#x26a1;","&#x26a1;"
"Simpelveld","GM0965",71,2023-03-17,71,70,70,70,10420,27,2021-01-01,27,44,0,1,1,100,"&#x279A;",0,9.59692898272553,9.59692898272553,"&#x26a1;","&#x26a1;"
"Sint-Michielsgestel","GM0845",255,2023-03-17,255,254,254,250,29743,80,2021-01-01,80,175,0,1,5,-75,"&#x2798;",0,3.36213562855126,16.8106781427563,"&#x26a1;","&#x26a1;"
"Sittard-Geleen","GM1883",708,2023-03-17,708,703,703,698,91724,207,2021-01-01,207,501,0,5,10,0,"-",0,5.45113601674589,10.9022720334918,"&#x26a1;","&#x26a1;"
"Sliedrecht","GM0610",308,2023-03-17,308,307,307,305,25942,94,2021-01-01,94,214,0,1,3,-50,"&#x2798;",0,3.85475291033845,11.5642587310153,"&#x26a1;","&#x26a1;"
"Sluis","GM1714",142,2023-03-17,142,142,142,142,23145,41,2021-01-01,41,101,0,0,0,0,"-",0,0,0,"&#9989;","&#9989;"
"Smallingerland","GM0090",302,2023-03-17,302,300,300,300,55798,42,2021-01-01,42,260,0,2,2,200,"&#x279A;",0,3.58435786228897,3.58435786228897,"&#x26a1;","&#x26a1;"
"Soest","GM0342",362,2023-03-17,362,362,362,362,47104,85,2021-01-01,85,277,0,0,0,0,"-",0,0,0,"&#9989;","&#9989;"
"Someren","GM0847",153,2023-03-17,153,151,151,149,19742,45,2021-01-01,45,108,0,2,4,0,"-",0,10.1306858474319,20.2613716948637,"&#x26a1;","&#x26a1;"
"Son en Breugel","GM0848",157,2023-03-17,157,157,157,156,17812,51,2021-01-01,51,106,0,0,1,-100,"&#x2798;",0,0,5.61419267909275,"&#x26a1;","&#x26a1;"
"Stadskanaal","GM0037",226,2023-03-17,226,226,226,223,31881,36,2021-01-01,36,190,0,0,3,-100,"&#x2798;",0,0,9.40999341300461,"&#x26a1;","&#x26a1;"
"Staphorst","GM0180",120,2023-03-17,120,120,120,120,17278,24,2021-01-01,24,96,0,0,0,0,"-",0,0,0,"&#9989;","&#9989;"
"Stede Broec","GM0532",164,2023-03-17,164,164,164,163,21943,48,2021-01-01,48,116,0,0,1,-100,"&#x2798;",0,0,4.55726199699221,"&#x1F7E3;","&#x1F7E3;"
"Steenbergen","GM0851",228,2023-03-17,228,226,226,223,24328,65,2021-01-01,65,163,0,2,5,-33.3333333333333,"&#x2798;",0,8.22097994080895,20.5524498520224,"&#x26a1;","&#x26a1;"
"Steenwijkerland","GM1708",244,2023-03-17,244,243,243,242,44785,32,2021-01-01,32,212,0,1,2,0,"-",0,2.23289047672212,4.46578095344423,"&#x1F7E3;","&#x1F7E3;"
"Stein","GM0971",210,2023-03-17,210,210,210,207,24817,72,2021-01-01,72,138,0,0,3,-100,"&#x2798;",0,0,12.088487730185,"&#x26a1;","&#x26a1;"
"Stichtse Vecht","GM1904",510,2023-03-17,510,507,507,504,65190,139,2021-01-01,139,371,0,3,6,0,"-",0,4.60193281178095,9.2038656235619,"&#x26a1;","&#x26a1;"
"Terneuzen","GM0715",473,2023-03-17,473,471,471,469,54509,84,2021-01-01,84,389,0,2,4,0,"-",0,3.66911886110551,7.33823772221101,"&#x26a1;","&#x26a1;"
"Terschelling","GM0093",27,2023-03-17,27,26,26,25,4917,1,2021-01-01,1,26,0,1,2,0,"-",0,20.3376042302217,40.6752084604434,"&#x26a1;","&#x26a1;"
"Texel","GM0448",50,2023-03-17,50,50,50,50,13690,13,2021-01-01,13,37,0,0,0,0,"-",0,0,0,"&#9989;","&#9989;"
"Teylingen","GM1525",191,2023-03-17,190,189,189,185,37949,53,2021-01-01,53,138,1,2,6,-50,"&#x2798;",2.63511554981686,5.27023109963372,15.8106932989012,"&#x26a1;","&#x26a1;"
"Tholen","GM0716",291,2023-03-17,291,287,287,282,26442,65,2021-01-01,65,226,0,4,9,-20,"&#x2798;",0,15.1274487557673,34.0367597004765,"&#x26a1;","&#x26a1;"
"Tiel","GM0281",463,2023-03-17,463,463,462,460,42294,130,2021-01-01,130,333,0,0,3,-100,"&#x2798;",0,0,7.09320470988793,"&#x26a1;","&#x26a1;"
"Tilburg","GM0855",2026,2023-03-17,2026,2020,2018,2011,225050,750,2021-01-01,750,1276,0,6,15,-33.3333333333333,"&#x2798;",0,2.66607420573206,6.66518551433015,"&#x26a1;","&#x26a1;"
"Tubbergen","GM0183",154,2023-03-17,154,154,154,151,21359,47,2021-01-01,47,107,0,0,3,-100,"&#x2798;",0,0,14.0456013858327,"&#x26a1;","&#x26a1;"
"Twenterand","GM1700",313,2023-03-17,312,311,311,311,33723,96,2021-01-01,96,217,1,2,2,200,"&#x279A;",2.96533523114788,5.93067046229576,5.93067046229576,"&#x26a1;","&#x26a1;"
"Tynaarlo","GM1730",141,2023-03-17,141,141,141,140,34330,18,2021-01-01,18,123,0,0,1,-100,"&#x2798;",0,0,2.91290416545296,"&#128721;","&#128721;"
"Tytsjerksteradiel","GM0737",178,2023-03-17,178,178,178,178,32287,14,2021-01-01,14,164,0,0,0,0,"-",0,0,0,"&#9989;","&#9989;"
"Uitgeest","GM0450",48,2023-03-17,48,48,48,48,13534,17,2021-01-01,17,31,0,0,0,0,"-",0,0,0,"&#9989;","&#9989;"
"Uithoorn","GM0451",157,2023-03-17,157,157,157,157,31004,45,2021-01-01,45,112,0,0,0,0,"-",0,0,0,"&#9989;","&#9989;"
"Unknown","",2404,2023-03-17,2403,2393,2391,2388,17443797,0,2021-01-01,0,2404,1,11,16,120,"&#x279A;",0.0057326968434682,0.0630596652781502,0.0917231494954912,"&#128999;","&#128999;"
"Urk","GM0184",204,2023-03-17,204,204,204,204,21507,64,2021-01-01,64,140,0,0,0,0,"-",0,0,0,"&#9989;","&#9989;"
"Utrecht","GM0344",2525,2023-03-17,2523,2508,2503,2486,362715,729,2021-01-01,729,1796,2,17,39,-22.7272727272727,"&#x2798;",0.551397102408227,4.68687537046993,10.7522434969604,"&#x26a1;","&#x26a1;"
"Utrechtse Heuvelrug","GM1581",343,2023-03-17,343,339,339,337,50003,74,2021-01-01,74,269,0,4,6,100,"&#x279A;",0,7.99952002879827,11.9992800431974,"&#x26a1;","&#x26a1;"
"Vaals","GM0981",57,2023-03-17,57,56,56,56,10084,19,2021-01-01,19,38,0,1,1,100,"&#x279A;",0,9.91669972233241,9.91669972233241,"&#x26a1;","&#x26a1;"
"Valkenburg aan de Geul","GM0994",92,2023-03-17,92,92,92,91,16149,27,2021-01-01,27,65,0,0,1,-100,"&#x2798;",0,0,6.19233389064338,"&#x26a1;","&#x26a1;"
"Valkenswaard","GM0858",304,2023-03-17,304,299,299,292,31275,67,2021-01-01,67,237,0,5,12,-28.5714285714286,"&#x2798;",0,15.9872102318145,38.3693045563549,"&#x26a1;","&#x26a1;"
"Veendam","GM0047",175,2023-03-17,175,175,175,175,27465,25,2021-01-01,25,150,0,0,0,0,"-",0,0,0,"&#9989;","&#9989;"
"Veenendaal","GM0345",470,2023-03-17,470,470,470,470,67789,173,2021-01-01,173,297,0,0,0,0,"-",0,0,0,"&#9989;","&#9989;"
"Veere","GM0717",123,2023-03-17,123,120,120,118,21816,15,2021-01-01,15,108,0,3,5,50,"&#x279A;",0,13.7513751375138,22.9189585625229,"&#x26a1;","&#x26a1;"
"Veldhoven","GM0861",436,2023-03-17,436,431,431,426,45888,131,2021-01-01,131,305,0,5,10,0,"-",0,10.8960948396095,21.792189679219,"&#x26a1;","&#x26a1;"
"Velsen","GM0453",316,2023-03-17,316,313,313,312,68452,78,2021-01-01,78,238,0,3,4,200,"&#x279A;",0,4.38263308595804,5.84351078127739,"&#x26a1;","&#x26a1;"
"Venlo","GM0983",704,2023-03-17,704,704,704,704,102182,180,2021-01-01,180,524,0,0,0,0,"-",0,0,0,"&#9989;","&#9989;"
"Venray","GM0984",282,2023-03-17,282,282,282,280,44001,68,2021-01-01,68,214,0,0,2,-100,"&#x2798;",0,0,4.54535124201723,"&#x1F7E3;","&#x1F7E3;"
"Vijfheerenlanden","GM1961",458,2023-03-17,458,456,454,453,58957,109,2021-01-01,109,349,0,2,5,-33.3333333333333,"&#x2798;",0,3.39230286479977,8.48075716199942,"&#x26a1;","&#x26a1;"
"Vlaardingen","GM0622",747,2023-03-17,747,745,744,735,74119,205,2021-01-01,205,542,0,2,12,-80,"&#x2798;",0,2.69836344257208,16.1901806554325,"&#x26a1;","&#x26a1;"
"Vlieland","GM0096",4,2023-03-17,4,3,3,3,1198,0,2021-01-01,0,4,0,1,1,100,"&#x279A;",0,83.4724540901503,83.4724540901503,"&#x26a1;","&#x26a1;"
"Vlissingen","GM0718",417,2023-03-17,417,415,415,412,44541,37,2021-01-01,37,380,0,2,5,-33.3333333333333,"&#x2798;",0,4.49024494286163,11.2256123571541,"&#x26a1;","&#x26a1;"
"Voerendaal","GM0986",67,2023-03-17,67,67,67,67,12403,26,2021-01-01,26,41,0,0,0,0,"-",0,0,0,"&#9989;","&#9989;"
"Voorne aan Zee","GM1992",687,2023-03-17,687,681,681,678,NA,646,2022-12-31,646,41,0,6,9,100,"&#x279A;",NA,NA,NA,NA,NA
"Voorschoten","GM0626",122,2023-03-17,122,121,121,121,25560,30,2021-01-01,30,92,0,1,1,100,"&#x279A;",0,3.91236306729264,3.91236306729264,"&#x26a1;","&#x26a1;"
"Voorst","GM0285",196,2023-03-17,195,195,195,194,25019,53,2021-01-01,53,143,1,1,2,0,"-",3.99696230864543,3.99696230864543,7.99392461729086,"&#x26a1;","&#128165;"
"Vught","GM0865",242,2023-03-17,242,240,240,237,31853,92,2021-01-01,92,150,0,2,5,-33.3333333333333,"&#x2798;",0,6.2788434370389,15.6971085925972,"&#x26a1;","&#x26a1;"
"Waadhoeke","GM1949",286,2023-03-17,286,286,286,281,46399,29,2021-01-01,29,257,0,0,5,-100,"&#x2798;",0,0,10.7760943123774,"&#x26a1;","&#x26a1;"
"Waalre","GM0866",141,2023-03-17,141,136,136,135,17727,33,2021-01-01,33,108,0,5,6,400,"&#x279A;",0,28.2055621368534,33.8466745642241,"&#x26a1;","&#x26a1;"
"Waalwijk","GM0867",445,2023-03-17,445,443,441,438,49357,171,2021-01-01,171,274,0,2,7,-60,"&#x2798;",0,4.05211013635351,14.1823854772373,"&#x26a1;","&#x26a1;"
"Waddinxveen","GM0627",256,2023-03-17,256,255,255,255,31451,72,2021-01-01,72,184,0,1,1,100,"&#x279A;",0,3.17954913993196,3.17954913993196,"&#x26a1;","&#x26a1;"
"Wageningen","GM0289",176,2023-03-17,176,175,175,175,40056,54,2021-01-01,54,122,0,1,1,100,"&#x279A;",0,2.49650489314959,2.49650489314959,"&#x1F7E3;","&#x1F7E3;"
"Wassenaar","GM0629",125,2023-03-17,125,123,123,123,27252,33,2021-01-01,33,92,0,2,2,200,"&#x279A;",0,7.33891090562161,7.33891090562161,"&#x26a1;","&#x26a1;"
"Waterland","GM0852",120,2023-03-17,120,120,120,119,17347,41,2021-01-01,41,79,0,0,1,-100,"&#x2798;",0,0,5.76468553640399,"&#x26a1;","&#x26a1;"
"Weert","GM0988",402,2023-03-17,402,400,400,398,50356,123,2021-01-01,123,279,0,2,4,0,"-",0,3.9717213440305,7.94344268806101,"&#x26a1;","&#x26a1;"
"West Betuwe","GM1960",497,2023-03-17,497,495,495,492,52009,140,2021-01-01,140,357,0,2,5,-33.3333333333333,"&#x2798;",0,3.84548828087446,9.61372070218616,"&#x26a1;","&#x26a1;"
"West Maas en Waal","GM0668",160,2023-03-17,160,156,156,156,19673,38,2021-01-01,38,122,0,4,4,400,"&#x279A;",0,20.3324353174401,20.3324353174401,"&#x26a1;","&#x26a1;"
"Westerkwartier","GM1969",316,2023-03-17,316,311,310,310,64331,58,2021-01-01,58,258,0,5,6,400,"&#x279A;",0,7.7723026223749,9.32676314684988,"&#x26a1;","&#x26a1;"
"Westerveld","GM1701",88,2023-03-17,88,88,88,87,19839,14,2021-01-01,14,74,0,0,1,-100,"&#x2798;",0,0,5.04057664196784,"&#x1F7E3;","&#x1F7E3;"
"Westervoort","GM0293",113,2023-03-17,113,113,113,112,14943,17,2021-01-01,17,96,0,0,1,-100,"&#x2798;",0,0,6.69209663387539,"&#x26a1;","&#x26a1;"
"Westerwolde","GM1950",189,2023-03-17,189,188,188,186,26657,27,2021-01-01,27,162,0,1,3,-50,"&#x2798;",0,3.75135986795213,11.2540796038564,"&#x26a1;","&#x26a1;"
"Westland","GM1783",903,2023-03-17,903,897,897,894,112616,233,2021-01-01,233,670,0,6,9,100,"&#x279A;",0,5.32783973858066,7.991759607871,"&#x26a1;","&#x26a1;"
"Weststellingwerf","GM0098",183,2023-03-17,183,182,182,181,26275,15,2021-01-01,15,168,0,1,2,0,"-",0,3.80589914367269,7.61179828734539,"&#x26a1;","&#x26a1;"
"Wierden","GM0189",192,2023-03-17,192,192,191,191,24677,58,2021-01-01,58,134,0,0,1,-100,"&#x2798;",0,0,4.05235644527293,"&#x1F7E3;","&#x1F7E3;"
"Wijchen","GM0296",402,2023-03-17,402,396,395,386,41302,116,2021-01-01,116,286,0,6,16,-40,"&#x2798;",0,14.5271415427824,38.7390441140865,"&#x26a1;","&#x26a1;"
"Wijdemeren","GM1696",104,2023-03-17,104,104,104,104,24536,14,2021-01-01,14,90,0,0,0,0,"-",0,0,0,"&#9989;","&#9989;"
"Wijk bij Duurstede","GM0352",182,2023-03-17,182,181,181,179,23942,39,2021-01-01,39,143,0,1,3,-50,"&#x2798;",0,4.17676050455267,12.530281513658,"&#x26a1;","&#x26a1;"
"Winterswijk","GM0294",185,2023-03-17,185,184,184,183,29144,34,2021-01-01,34,151,0,1,2,0,"-",0,3.43123799066703,6.86247598133406,"&#x26a1;","&#x26a1;"
"Woensdrecht","GM0873",186,2023-03-17,186,185,184,184,22099,41,2021-01-01,41,145,0,1,2,0,"-",0,4.52509163310557,9.05018326621114,"&#x26a1;","&#x26a1;"
"Woerden","GM0632",427,2023-03-17,427,426,426,423,52951,118,2021-01-01,118,309,0,1,4,-66.6666666666667,"&#x2798;",0,1.88853846008574,7.55415384034296,"&#x26a1;","&#x26a1;"
"Wormerland","GM0880",135,2023-03-17,135,134,134,134,16374,41,2021-01-01,41,94,0,1,1,100,"&#x279A;",0,6.10724319042384,6.10724319042384,"&#x26a1;","&#x26a1;"
"Woudenberg","GM0351",105,2023-03-17,105,104,104,104,13921,25,2021-01-01,25,80,0,1,1,100,"&#x279A;",0,7.18339199770131,7.18339199770131,"&#x26a1;","&#x26a1;"
"Zaanstad","GM0479",1241,2023-03-17,1241,1236,1235,1226,157375,401,2021-01-01,401,840,0,5,15,-50,"&#x2798;",0,3.17712470214456,9.53137410643368,"&#x26a1;","&#x26a1;"
"Zaltbommel","GM0297",244,2023-03-17,244,244,244,244,30041,56,2021-01-01,56,188,0,0,0,0,"-",0,0,0,"&#9989;","&#9989;"
"Zandvoort","GM0473",94,2023-03-17,94,94,94,94,17161,14,2021-01-01,14,80,0,0,0,0,"-",0,0,0,"&#9989;","&#9989;"
"Zeewolde","GM0050",136,2023-03-17,136,136,136,136,23464,35,2021-01-01,35,101,0,0,0,0,"-",0,0,0,"&#9989;","&#9989;"
"Zeist","GM0355",471,2023-03-17,470,465,464,461,66019,106,2021-01-01,106,365,1,6,10,50,"&#x279A;",1.51471546070071,9.08829276420424,15.1471546070071,"&#x26a1;","&#x26a1;"
"Zevenaar","GM0299",339,2023-03-17,339,339,339,335,44676,51,2021-01-01,51,288,0,0,4,-100,"&#x2798;",0,0,8.95335303071,"&#x26a1;","&#x26a1;"
"Zoetermeer","GM0637",931,2023-03-17,931,928,928,925,125840,238,2021-01-01,238,693,0,3,6,0,"-",0,2.38397965670693,4.76795931341386,"&#x1F7E3;","&#x1F7E3;"
"Zoeterwoude","GM0638",48,2023-03-17,48,48,48,46,9320,14,2021-01-01,14,34,0,0,2,-100,"&#x2798;",0,0,21.4592274678112,"&#x26a1;","&#x26a1;"
"Zuidplas","GM1892",375,2023-03-17,374,374,374,372,45877,78,2021-01-01,78,297,1,1,3,-50,"&#x2798;",2.17974148266016,2.17974148266016,6.53922444798047,"&#x26a1;","&#128165;"
"Zundert","GM0879",156,2023-03-17,156,155,155,155,22202,56,2021-01-01,56,100,0,1,1,100,"&#x279A;",0,4.50409872984416,4.50409872984416,"&#x26a1;","&#x26a1;"
"Zutphen","GM0301",308,2023-03-17,307,307,307,302,48322,77,2021-01-01,77,231,1,1,6,-80,"&#x2798;",2.06945076776623,2.06945076776623,12.4167046065974,"&#x26a1;","&#128165;"
"Zwartewaterland","GM1896",137,2023-03-17,137,137,137,137,23039,26,2021-01-01,26,111,0,0,0,0,"-",0,0,0,"&#9989;","&#9989;"
"Zwijndrecht","GM0642",564,2023-03-17,564,562,562,558,44728,145,2021-01-01,145,419,0,2,6,-50,"&#x2798;",0,4.47147200858523,13.4144160257557,"&#x26a1;","&#x26a1;"
"Zwolle","GM0193",615,2023-03-17,615,612,611,604,130943,70,2021-01-01,70,545,0,3,11,-62.5,"&#x2798;",0,2.29107321506304,8.40060178856449,"&#x26a1;","&#x26a1;"
