"municipality","Municipality_code","date","population","cases_d0","cases_d7","cases_d14","rel_cases_7d","rel_cases_14d","rel_cases_total","color","hosp_d0","hosp_d7","hosp_d14","rel_hosp_7d","rel_hosp_14d","rel_hosp_total","deaths_d0","deaths_d7","deaths_d14","rel_deaths_7d","rel_deaths_14d","rel_deaths_total","perc_cases","perc_hosp","perc_deaths","perc_deaths_per_case"
"Unknown","",2022-11-25,17443797,80507,80417,80293,0.5,1.2,461.5,"&#128999;",9,2,-5,0,0.1,0.1,51,51,51,0,0,0.3,0.5,0,0,0.1
"Netherlands","",2022-11-25,17443797,8458790,8453727,8448222,29,60.6,48491.7,"&#128999;",9,2,-5,0,0.1,0.1,22856,22841,22819,0.1,0.2,131,48.5,0,0.1,0.3
"Groningen","GM0014",2022-11-25,234949,109668,109613,109552,23.4,49.4,46677.4,"&#x26a1;",9,2,-5,3,6,3.8,80,80,80,0,0,34,46.7,0,0,0.1
"Almere","GM0034",2022-11-25,218334,98300,98235,98175,29.8,57.3,45022.8,"&#x26a1;",9,2,-5,3.2,6.4,4.1,133,132,132,0.5,0.5,60.9,45,0,0.1,0.1
"Stadskanaal","GM0037",2022-11-25,31881,13525,13518,13512,22,40.8,42423.4,"&#x26a1;",9,2,-5,22,43.9,28.2,25,25,25,0,0,78.4,42.4,0,0.1,0.2
"Veendam","GM0047",2022-11-25,27465,11693,11686,11675,25.5,65.5,42574.2,"&#x26a1;",9,2,-5,25.5,51,32.8,20,20,20,0,0,72.8,42.6,0,0.1,0.2
"Zeewolde","GM0050",2022-11-25,23464,10555,10549,10547,25.6,34.1,44983.8,"&#x26a1;",9,2,-5,29.8,59.7,38.4,20,20,20,0,0,85.2,45,0,0.1,0.2
"Achtkarspelen","GM0059",2022-11-25,27957,13657,13652,13647,17.9,35.8,48850,"&#x26a1;",9,2,-5,25,50.1,32.2,41,41,41,0,0,146.7,48.9,0,0.1,0.3
"Ameland","GM0060",2022-11-25,3749,1100,1100,1100,0,0,29341.2,"&#x26a1;",9,2,-5,186.7,373.4,240.1,1,1,1,0,0,26.7,29.3,0.2,0,0.1
"Harlingen","GM0072",2022-11-25,15922,6351,6350,6348,6.3,18.8,39888.2,"&#x26a1;",9,2,-5,44,87.9,56.5,10,10,10,0,0,62.8,39.9,0.1,0.1,0.2
"Heerenveen","GM0074",2022-11-25,51211,22693,22680,22670,25.4,44.9,44312.7,"&#x26a1;",9,2,-5,13.7,27.3,17.6,44,44,44,0,0,85.9,44.3,0,0.1,0.2
"Leeuwarden","GM0080",2022-11-25,125712,56464,56431,56404,26.3,47.7,44915.4,"&#x26a1;",9,2,-5,5.6,11.1,7.2,104,104,104,0,0,82.7,44.9,0,0.1,0.2
"Ooststellingwerf","GM0085",2022-11-25,25714,10278,10277,10273,3.9,19.4,39970.4,"&#x26a1;",9,2,-5,27.2,54.4,35,8,8,8,0,0,31.1,40,0,0,0.1
"Opsterland","GM0086",2022-11-25,29791,13015,13011,13005,13.4,33.6,43687.7,"&#x26a1;",9,2,-5,23.5,47,30.2,13,13,13,0,0,43.6,43.7,0,0,0.1
"Schiermonnikoog","GM0088",2022-11-25,945,279,279,279,0,0,29523.8,"&#x26a1;",9,2,-5,740.7,1481.5,952.4,2,2,2,0,0,211.6,29.5,1,0.2,0.7
"Smallingerland","GM0090",2022-11-25,55798,24950,24942,24935,14.3,26.9,44714.9,"&#x26a1;",9,2,-5,12.5,25.1,16.1,43,43,43,0,0,77.1,44.7,0,0.1,0.2
"Terschelling","GM0093",2022-11-25,4917,1751,1751,1750,0,20.3,35611.1,"&#x26a1;",9,2,-5,142.4,284.7,183,2,2,2,0,0,40.7,35.6,0.2,0,0.1
"Vlieland","GM0096",2022-11-25,1198,442,442,442,0,0,36894.8,"&#x26a1;",9,2,-5,584.3,1168.6,751.3,2,2,2,0,0,166.9,36.9,0.8,0.2,0.5
"Weststellingwerf","GM0098",2022-11-25,26275,10640,10633,10628,26.6,45.7,40494.8,"&#x26a1;",9,2,-5,26.6,53.3,34.3,32,32,32,0,0,121.8,40.5,0,0.1,0.3
"Assen","GM0106",2022-11-25,69069,30346,30333,30315,18.8,44.9,43935.8,"&#x26a1;",9,2,-5,10.1,20.3,13,27,27,27,0,0,39.1,43.9,0,0,0.1
"Coevorden","GM0109",2022-11-25,35472,15273,15267,15259,16.9,39.5,43056.5,"&#x26a1;",9,2,-5,19.7,39.5,25.4,36,36,36,0,0,101.5,43.1,0,0.1,0.2
"Emmen","GM0114",2022-11-25,107958,47610,47595,47573,13.9,34.3,44100.5,"&#x26a1;",9,2,-5,6.5,13,8.3,104,104,104,0,0,96.3,44.1,0,0.1,0.2
"Hoogeveen","GM0118",2022-11-25,55964,26623,26608,26597,26.8,46.5,47571.7,"&#x26a1;",9,2,-5,12.5,25,16.1,53,53,53,0,0,94.7,47.6,0,0.1,0.2
"Meppel","GM0119",2022-11-25,34749,15808,15798,15790,28.8,51.8,45492,"&#x26a1;",9,2,-5,20.1,40.3,25.9,38,38,38,0,0,109.4,45.5,0,0.1,0.2
"Almelo","GM0141",2022-11-25,73164,35329,35319,35309,13.7,27.3,48287.4,"&#x26a1;",9,2,-5,9.6,19.1,12.3,73,73,73,0,0,99.8,48.3,0,0.1,0.2
"Borne","GM0147",2022-11-25,24095,12636,12631,12623,20.8,54,52442.4,"&#x26a1;",9,2,-5,29.1,58.1,37.4,45,44,44,4.2,4.2,186.8,52.4,0,0.2,0.4
"Dalfsen","GM0148",2022-11-25,29182,14364,14357,14353,24,37.7,49222.1,"&#x26a1;",9,2,-5,24,48,30.8,26,26,26,0,0,89.1,49.2,0,0.1,0.2
"Deventer","GM0150",2022-11-25,101553,49761,49742,49717,18.7,43.3,49000,"&#x26a1;",9,2,-5,6.9,13.8,8.9,112,112,112,0,0,110.3,49,0,0.1,0.2
"Enschede","GM0153",2022-11-25,160341,79039,79014,78957,15.6,51.1,49294.3,"&#x26a1;",9,2,-5,4.4,8.7,5.6,213,213,212,0,0.6,132.8,49.3,0,0.1,0.3
"Haaksbergen","GM0158",2022-11-25,24257,12195,12193,12187,8.2,33,50274.1,"&#x26a1;",9,2,-5,28.9,57.7,37.1,34,34,34,0,0,140.2,50.3,0,0.1,0.3
"Hardenberg","GM0160",2022-11-25,61890,31454,31433,31420,33.9,54.9,50822.4,"&#x26a1;",9,2,-5,11.3,22.6,14.5,57,57,57,0,0,92.1,50.8,0,0.1,0.2
"Hellendoorn","GM0163",2022-11-25,35998,19303,19299,19293,11.1,27.8,53622.4,"&#x26a1;",9,2,-5,19.4,38.9,25,56,56,56,0,0,155.6,53.6,0,0.2,0.3
"Hengelo","GM0164",2022-11-25,81531,39803,39782,39757,25.8,56.4,48819.5,"&#x26a1;",9,2,-5,8.6,17.2,11,78,78,78,0,0,95.7,48.8,0,0.1,0.2
"Kampen","GM0166",2022-11-25,54902,27157,27151,27140,10.9,31,49464.5,"&#x26a1;",9,2,-5,12.7,25.5,16.4,65,65,65,0,0,118.4,49.5,0,0.1,0.2
"Losser","GM0168",2022-11-25,23142,11552,11550,11547,8.6,21.6,49917.9,"&#x26a1;",9,2,-5,30.2,60.5,38.9,40,40,40,0,0,172.8,49.9,0,0.2,0.3
"Noordoostpolder","GM0171",2022-11-25,48199,21716,21700,21673,33.2,89.2,45054.9,"&#x26a1;",9,2,-5,14.5,29,18.7,38,38,37,0,2.1,78.8,45.1,0,0.1,0.2
"Oldenzaal","GM0173",2022-11-25,31781,16676,16671,16662,15.7,44.1,52471.6,"&#x26a1;",9,2,-5,22,44.1,28.3,58,58,58,0,0,182.5,52.5,0,0.2,0.3
"Ommen","GM0175",2022-11-25,18459,8829,8823,8819,32.5,54.2,47830.3,"&#x26a1;",9,2,-5,37.9,75.8,48.8,20,20,20,0,0,108.3,47.8,0,0.1,0.2
"Raalte","GM0177",2022-11-25,38166,19996,19993,19986,7.9,26.2,52392.2,"&#x26a1;",9,2,-5,18.3,36.7,23.6,52,52,52,0,0,136.2,52.4,0,0.1,0.3
"Staphorst","GM0180",2022-11-25,17278,9405,9405,9401,0,23.2,54433.4,"&#x26a1;",9,2,-5,40.5,81,52.1,31,31,31,0,0,179.4,54.4,0.1,0.2,0.3
"Tubbergen","GM0183",2022-11-25,21359,11384,11380,11378,18.7,28.1,53298.4,"&#x26a1;",9,2,-5,32.8,65.5,42.1,23,23,23,0,0,107.7,53.3,0,0.1,0.2
"Urk","GM0184",2022-11-25,21507,8412,8406,8402,27.9,46.5,39112.8,"&#x26a1;",9,2,-5,32.5,65.1,41.8,24,24,24,0,0,111.6,39.1,0,0.1,0.3
"Wierden","GM0189",2022-11-25,24677,13453,13450,13448,12.2,20.3,54516.4,"&#x26a1;",9,2,-5,28.4,56.7,36.5,32,32,32,0,0,129.7,54.5,0,0.1,0.2
"Zwolle","GM0193",2022-11-25,130943,66111,66073,66027,29,64.2,50488.4,"&#x26a1;",9,2,-5,5.3,10.7,6.9,165,165,165,0,0,126,50.5,0,0.1,0.2
"Aalten","GM0197",2022-11-25,27122,12631,12625,12620,22.1,40.6,46571,"&#x26a1;",9,2,-5,25.8,51.6,33.2,36,36,36,0,0,132.7,46.6,0,0.1,0.3
"Apeldoorn","GM0200",2022-11-25,165741,79608,79537,79465,42.8,86.3,48031.6,"&#x26a1;",9,2,-5,4.2,8.4,5.4,231,230,230,0.6,0.6,139.4,48,0,0.1,0.3
"Arnhem","GM0202",2022-11-25,164319,79952,79873,79829,48.1,74.9,48656.6,"&#x26a1;",9,2,-5,4.3,8.5,5.5,175,174,174,0.6,0.6,106.5,48.7,0,0.1,0.2
"Barneveld","GM0203",2022-11-25,60652,32239,32226,32214,21.4,41.2,53154.1,"&#x26a1;",9,2,-5,11.5,23.1,14.8,89,89,89,0,0,146.7,53.2,0,0.1,0.3
"Beuningen","GM0209",2022-11-25,26242,13383,13373,13362,38.1,80,50998.4,"&#x26a1;",9,2,-5,26.7,53.3,34.3,30,30,30,0,0,114.3,51,0,0.1,0.2
"Brummen","GM0213",2022-11-25,20866,9440,9436,9436,19.2,19.2,45241.1,"&#x26a1;",9,2,-5,33.5,67.1,43.1,27,27,27,0,0,129.4,45.2,0,0.1,0.3
"Buren","GM0214",2022-11-25,27237,12461,12457,12450,14.7,40.4,45750.3,"&#x26a1;",9,2,-5,25.7,51.4,33,26,26,26,0,0,95.5,45.8,0,0.1,0.2
"Culemborg","GM0216",2022-11-25,29320,13987,13975,13966,40.9,71.6,47704.6,"&#x26a1;",9,2,-5,23.9,47.7,30.7,30,30,30,0,0,102.3,47.7,0,0.1,0.2
"Doesburg","GM0221",2022-11-25,11037,4754,4753,4750,9.1,36.2,43073.3,"&#x26a1;",9,2,-5,63.4,126.8,81.5,11,11,11,0,0,99.7,43.1,0.1,0.1,0.2
"Doetinchem","GM0222",2022-11-25,58593,29017,29003,28985,23.9,54.6,49523,"&#x26a1;",9,2,-5,11.9,23.9,15.4,63,63,63,0,0,107.5,49.5,0,0.1,0.2
"Druten","GM0225",2022-11-25,19191,9805,9792,9790,67.7,78.2,51091.7,"&#x26a1;",9,2,-5,36.5,73,46.9,33,33,33,0,0,172,51.1,0,0.2,0.3
"Duiven","GM0226",2022-11-25,24908,12127,12116,12107,44.2,80.3,48687.2,"&#x26a1;",9,2,-5,28.1,56.2,36.1,20,20,20,0,0,80.3,48.7,0,0.1,0.2
"Ede","GM0228",2022-11-25,120101,60041,60004,59961,30.8,66.6,49992.1,"&#x26a1;",9,2,-5,5.8,11.7,7.5,133,133,133,0,0,110.7,50,0,0.1,0.2
"Elburg","GM0230",2022-11-25,23728,11607,11599,11598,33.7,37.9,48916.9,"&#x26a1;",9,2,-5,29.5,59,37.9,27,27,27,0,0,113.8,48.9,0,0.1,0.2
"Epe","GM0232",2022-11-25,33218,15013,15008,14993,15.1,60.2,45195.4,"&#x26a1;",9,2,-5,21.1,42.1,27.1,60,60,60,0,0,180.6,45.2,0,0.2,0.4
"Ermelo","GM0233",2022-11-25,27268,13313,13302,13298,40.3,55,48822.8,"&#x26a1;",9,2,-5,25.7,51.3,33,51,51,51,0,0,187,48.8,0,0.2,0.4
"Harderwijk","GM0243",2022-11-25,48824,24700,24687,24674,26.6,53.3,50589.9,"&#x26a1;",9,2,-5,14.3,28.7,18.4,68,68,68,0,0,139.3,50.6,0,0.1,0.3
"Hattem","GM0244",2022-11-25,12312,6017,6015,6013,16.2,32.5,48871,"&#x26a1;",9,2,-5,56.9,113.7,73.1,10,10,10,0,0,81.2,48.9,0.1,0.1,0.2
"Heerde","GM0246",2022-11-25,19038,8522,8519,8516,15.8,31.5,44763.1,"&#x26a1;",9,2,-5,36.8,73.5,47.3,39,39,39,0,0,204.9,44.8,0,0.2,0.5
"Heumen","GM0252",2022-11-25,16918,8329,8319,8310,59.1,112.3,49231.6,"&#x26a1;",9,2,-5,41.4,82.8,53.2,23,23,23,0,0,135.9,49.2,0.1,0.1,0.3
"Lochem","GM0262",2022-11-25,34086,14791,14783,14777,23.5,41.1,43393.2,"&#x26a1;",9,2,-5,20.5,41.1,26.4,46,46,46,0,0,135,43.4,0,0.1,0.3
"Maasdriel","GM0263",2022-11-25,25618,13143,13136,13131,27.3,46.8,51303.8,"&#x26a1;",9,2,-5,27.3,54.6,35.1,45,45,45,0,0,175.7,51.3,0,0.2,0.3
"Nijkerk","GM0267",2022-11-25,44436,23199,23183,23175,36,54,52207.7,"&#x26a1;",9,2,-5,15.8,31.5,20.3,37,37,37,0,0,83.3,52.2,0,0.1,0.2
"Nijmegen","GM0268",2022-11-25,179494,94947,94877,94808,39,77.4,52897,"&#x26a1;",9,2,-5,3.9,7.8,5,278,277,275,0.6,1.7,154.9,52.9,0,0.2,0.3
"Oldebroek","GM0269",2022-11-25,23974,11880,11875,11865,20.9,62.6,49553.7,"&#x26a1;",9,2,-5,29.2,58.4,37.5,45,45,45,0,0,187.7,49.6,0,0.2,0.4
"Putten","GM0273",2022-11-25,24627,12712,12703,12694,36.5,73.1,51618.1,"&#x26a1;",9,2,-5,28.4,56.8,36.5,28,28,28,0,0,113.7,51.6,0,0.1,0.2
"Renkum","GM0274",2022-11-25,31320,12889,12880,12867,28.7,70.2,41152.6,"&#x26a1;",9,2,-5,22.3,44.7,28.7,43,43,43,0,0,137.3,41.2,0,0.1,0.3
"Rheden","GM0275",2022-11-25,43458,19591,19575,19567,36.8,55.2,45080.3,"&#x26a1;",9,2,-5,16.1,32.2,20.7,95,95,95,0,0,218.6,45.1,0,0.2,0.5
"Rozendaal","GM0277",2022-11-25,1755,928,927,927,57,57,52877.5,"&#x26a1;",9,2,-5,398.9,797.7,512.8,0,0,0,0,0,0,52.9,0.5,0,0
"Scherpenzeel","GM0279",2022-11-25,10317,5495,5494,5493,9.7,19.4,53261.6,"&#x26a1;",9,2,-5,67.8,135.7,87.2,12,12,12,0,0,116.3,53.3,0.1,0.1,0.2
"Tiel","GM0281",2022-11-25,42294,20614,20603,20594,26,47.3,48739.8,"&#x26a1;",9,2,-5,16.6,33.1,21.3,83,83,83,0,0,196.2,48.7,0,0.2,0.4
"Voorst","GM0285",2022-11-25,25019,12381,12378,12372,12,36,49486.4,"&#x26a1;",9,2,-5,28,56,36,37,37,37,0,0,147.9,49.5,0,0.1,0.3
"Wageningen","GM0289",2022-11-25,40056,19084,19076,19063,20,52.4,47643.3,"&#x26a1;",9,2,-5,17.5,35,22.5,78,78,78,0,0,194.7,47.6,0,0.2,0.4
"Westervoort","GM0293",2022-11-25,14943,7079,7072,7066,46.8,87,47373.4,"&#x26a1;",9,2,-5,46.8,93.7,60.2,11,11,11,0,0,73.6,47.4,0.1,0.1,0.2
"Winterswijk","GM0294",2022-11-25,29144,13401,13392,13389,30.9,41.2,45982,"&#x26a1;",9,2,-5,24,48,30.9,31,31,31,0,0,106.4,46,0,0.1,0.2
"Wijchen","GM0296",2022-11-25,41302,21196,21187,21168,21.8,67.8,51319.5,"&#x26a1;",9,2,-5,16.9,33.9,21.8,83,83,83,0,0,201,51.3,0,0.2,0.4
"Zaltbommel","GM0297",2022-11-25,30041,14935,14931,14921,13.3,46.6,49715.4,"&#x26a1;",9,2,-5,23.3,46.6,30,50,50,50,0,0,166.4,49.7,0,0.2,0.3
"Zevenaar","GM0299",2022-11-25,44676,20624,20617,20607,15.7,38.1,46163.5,"&#x26a1;",9,2,-5,15.7,31.3,20.1,57,57,57,0,0,127.6,46.2,0,0.1,0.3
"Zutphen","GM0301",2022-11-25,48322,22072,22058,22051,29,43.5,45676.9,"&#x26a1;",9,2,-5,14.5,29,18.6,61,61,61,0,0,126.2,45.7,0,0.1,0.3
"Nunspeet","GM0302",2022-11-25,28233,13724,13721,13715,10.6,31.9,48609.8,"&#x26a1;",9,2,-5,24.8,49.6,31.9,49,49,49,0,0,173.6,48.6,0,0.2,0.4
"Dronten","GM0303",2022-11-25,43026,18915,18903,18891,27.9,55.8,43961.8,"&#x26a1;",9,2,-5,16.3,32.5,20.9,32,32,32,0,0,74.4,44,0,0.1,0.2
"Amersfoort","GM0307",2022-11-25,158836,84223,84152,84083,44.7,88.1,53025.1,"&#x26a1;",9,2,-5,4.4,8.8,5.7,158,158,158,0,0,99.5,53,0,0.1,0.2
"Baarn","GM0308",2022-11-25,24881,11769,11769,11764,0,20.1,47301.2,"&#x26a1;",9,2,-5,28.1,56.3,36.2,30,30,30,0,0,120.6,47.3,0,0.1,0.3
"De Bilt","GM0310",2022-11-25,43486,20190,20177,20165,29.9,57.5,46428.7,"&#x26a1;",9,2,-5,16.1,32.2,20.7,91,91,91,0,0,209.3,46.4,0,0.2,0.5
"Bunnik","GM0312",2022-11-25,15684,7235,7233,7228,12.8,44.6,46129.8,"&#x26a1;",9,2,-5,44.6,89.3,57.4,17,17,17,0,0,108.4,46.1,0.1,0.1,0.2
"Bunschoten","GM0313",2022-11-25,22323,13223,13217,13210,26.9,58.2,59234.9,"&#x26a1;",9,2,-5,31.4,62.7,40.3,43,43,43,0,0,192.6,59.2,0,0.2,0.3
"Eemnes","GM0317",2022-11-25,9462,4701,4698,4696,31.7,52.8,49682.9,"&#x26a1;",9,2,-5,74,148,95.1,7,7,7,0,0,74,49.7,0.1,0.1,0.1
"Houten","GM0321",2022-11-25,50305,25327,25314,25299,25.8,55.7,50346.9,"&#x26a1;",9,2,-5,13.9,27.8,17.9,53,53,53,0,0,105.4,50.3,0,0.1,0.2
"Leusden","GM0327",2022-11-25,30756,15559,15549,15534,32.5,81.3,50588.5,"&#x26a1;",9,2,-5,22.8,45.5,29.3,37,37,37,0,0,120.3,50.6,0,0.1,0.2
"Lopik","GM0331",2022-11-25,14540,7030,7028,7024,13.8,41.3,48349.4,"&#x26a1;",9,2,-5,48.1,96.3,61.9,13,13,13,0,0,89.4,48.3,0.1,0.1,0.2
"Montfoort","GM0335",2022-11-25,13813,7394,7392,7389,14.5,36.2,53529.3,"&#x26a1;",9,2,-5,50.7,101.4,65.2,11,11,11,0,0,79.6,53.5,0.1,0.1,0.1
"Renswoude","GM0339",2022-11-25,5637,2952,2952,2952,0,0,52368.3,"&#x26a1;",9,2,-5,124.2,248.4,159.7,5,5,5,0,0,88.7,52.4,0.2,0.1,0.2
"Rhenen","GM0340",2022-11-25,20253,10428,10416,10412,59.3,79,51488.7,"&#x26a1;",9,2,-5,34.6,69.1,44.4,27,27,27,0,0,133.3,51.5,0,0.1,0.3
"Soest","GM0342",2022-11-25,47104,22834,22820,22804,29.7,63.7,48475.7,"&#x26a1;",9,2,-5,14.9,29.7,19.1,58,58,58,0,0,123.1,48.5,0,0.1,0.3
"Utrecht","GM0344",2022-11-25,362715,196353,196228,196108,34.5,67.5,54134.2,"&#x1F7E3;",9,2,-5,1.9,3.9,2.5,324,324,324,0,0,89.3,54.1,0,0.1,0.2
"Veenendaal","GM0345",2022-11-25,67789,36453,36439,36411,20.7,62,53774.2,"&#x26a1;",9,2,-5,10.3,20.7,13.3,93,93,92,0,1.5,137.2,53.8,0,0.1,0.3
"Woudenberg","GM0351",2022-11-25,13921,7731,7727,7721,28.7,71.8,55534.8,"&#x26a1;",9,2,-5,50.3,100.6,64.7,9,9,9,0,0,64.7,55.5,0.1,0.1,0.1
"Wijk bij Duurstede","GM0352",2022-11-25,23942,10994,10989,10984,20.9,41.8,45919.3,"&#x26a1;",9,2,-5,29.2,58.5,37.6,19,19,19,0,0,79.4,45.9,0,0.1,0.2
"IJsselstein","GM0353",2022-11-25,33443,17547,17536,17529,32.9,53.8,52468.4,"&#x26a1;",9,2,-5,20.9,41.9,26.9,62,62,62,0,0,185.4,52.5,0,0.2,0.4
"Zeist","GM0355",2022-11-25,66019,31163,31137,31109,39.4,81.8,47203.1,"&#x26a1;",9,2,-5,10.6,21.2,13.6,91,90,90,1.5,1.5,137.8,47.2,0,0.1,0.3
"Nieuwegein","GM0356",2022-11-25,64529,29418,29400,29383,27.9,54.2,45588.8,"&#x26a1;",9,2,-5,10.8,21.7,13.9,44,44,44,0,0,68.2,45.6,0,0.1,0.1
"Aalsmeer","GM0358",2022-11-25,32532,16953,16939,16934,43,58.4,52111.8,"&#x26a1;",9,2,-5,21.5,43,27.7,31,31,31,0,0,95.3,52.1,0,0.1,0.2
"Alkmaar","GM0361",2022-11-25,110834,52075,52042,51992,29.8,74.9,46984.7,"&#x26a1;",9,2,-5,6.3,12.6,8.1,101,101,101,0,0,91.1,47,0,0.1,0.2
"Amstelveen","GM0362",2022-11-25,92509,42797,42757,42718,43.2,85.4,46262.5,"&#x26a1;",9,2,-5,7.6,15.1,9.7,130,130,130,0,0,140.5,46.3,0,0.1,0.3
"Amsterdam","GM0363",2022-11-25,885941,440068,439786,439386,31.8,77,49672.4,"&#128721;",9,2,-5,0.8,1.6,1,1119,1119,1119,0,0,126.3,49.7,0,0.1,0.3
"Bergen (NH.)","GM0373",2022-11-25,29756,12400,12393,12377,23.5,77.3,41672.3,"&#x26a1;",9,2,-5,23.5,47,30.2,45,45,44,0,3.4,151.2,41.7,0,0.2,0.4
"Beverwijk","GM0375",2022-11-25,42133,19935,19921,19909,33.2,61.7,47314.5,"&#x26a1;",9,2,-5,16.6,33.2,21.4,49,49,49,0,0,116.3,47.3,0,0.1,0.2
"Blaricum","GM0376",2022-11-25,12385,5588,5583,5575,40.4,105,45119.1,"&#x26a1;",9,2,-5,56.5,113,72.7,9,9,9,0,0,72.7,45.1,0.1,0.1,0.2
"Bloemendaal","GM0377",2022-11-25,23679,11587,11581,11570,25.3,71.8,48933.7,"&#x26a1;",9,2,-5,29.6,59.1,38,27,27,27,0,0,114,48.9,0,0.1,0.2
"Castricum","GM0383",2022-11-25,36265,16720,16707,16693,35.8,74.5,46105.1,"&#x26a1;",9,2,-5,19.3,38.6,24.8,37,37,37,0,0,102,46.1,0,0.1,0.2
"Diemen","GM0384",2022-11-25,32011,15626,15601,15578,78.1,149.9,48814.5,"&#x26a1;",9,2,-5,21.9,43.7,28.1,50,50,50,0,0,156.2,48.8,0,0.2,0.3
"Edam-Volendam","GM0385",2022-11-25,36439,19870,19861,19854,24.7,43.9,54529.5,"&#x26a1;",9,2,-5,19.2,38.4,24.7,28,28,28,0,0,76.8,54.5,0,0.1,0.1
"Enkhuizen","GM0388",2022-11-25,18652,7836,7833,7829,16.1,37.5,42011.6,"&#x26a1;",9,2,-5,37.5,75.1,48.3,17,17,17,0,0,91.1,42,0,0.1,0.2
"Haarlem","GM0392",2022-11-25,163065,79973,79941,79889,19.6,51.5,49043.6,"&#x26a1;",9,2,-5,4.3,8.6,5.5,214,214,213,0,0.6,131.2,49,0,0.1,0.3
"Haarlemmermeer","GM0394",2022-11-25,159342,76275,76246,76201,18.2,46.4,47868.7,"&#x26a1;",9,2,-5,4.4,8.8,5.6,153,153,152,0,0.6,96,47.9,0,0.1,0.2
"Heemskerk","GM0396",2022-11-25,39145,18836,18831,18815,12.8,53.6,48118.5,"&#x26a1;",9,2,-5,17.9,35.8,23,47,47,47,0,0,120.1,48.1,0,0.1,0.2
"Heemstede","GM0397",2022-11-25,27578,13433,13423,13414,36.3,68.9,48709.1,"&#x26a1;",9,2,-5,25.4,50.8,32.6,72,72,72,0,0,261.1,48.7,0,0.3,0.5
"Heiloo","GM0399",2022-11-25,24430,10836,10826,10822,40.9,57.3,44355.3,"&#x26a1;",9,2,-5,28.7,57.3,36.8,18,18,18,0,0,73.7,44.4,0,0.1,0.2
"Den Helder","GM0400",2022-11-25,56356,25428,25401,25369,47.9,104.7,45120.3,"&#x26a1;",9,2,-5,12.4,24.8,16,55,55,55,0,0,97.6,45.1,0,0.1,0.2
"Hilversum","GM0402",2022-11-25,91840,41573,41541,41516,34.8,62.1,45266.8,"&#x26a1;",9,2,-5,7.6,15.2,9.8,115,114,114,1.1,1.1,125.2,45.3,0,0.1,0.3
"Hoorn","GM0405",2022-11-25,74397,35925,35906,35890,25.5,47,48288.2,"&#x26a1;",9,2,-5,9.4,18.8,12.1,60,60,60,0,0,80.6,48.3,0,0.1,0.2
"Huizen","GM0406",2022-11-25,40962,19217,19199,19186,43.9,75.7,46914.2,"&#x26a1;",9,2,-5,17.1,34.2,22,68,67,67,2.4,2.4,166,46.9,0,0.2,0.4
"Landsmeer","GM0415",2022-11-25,11565,5848,5846,5837,17.3,95.1,50566.4,"&#x26a1;",9,2,-5,60.5,121.1,77.8,14,14,14,0,0,121.1,50.6,0.1,0.1,0.2
"Laren","GM0417",2022-11-25,11571,5113,5108,5104,43.2,77.8,44188.1,"&#x26a1;",9,2,-5,60.5,121,77.8,32,32,32,0,0,276.6,44.2,0.1,0.3,0.6
"Medemblik","GM0420",2022-11-25,45478,20852,20845,20838,15.4,30.8,45850.7,"&#x26a1;",9,2,-5,15.4,30.8,19.8,31,31,31,0,0,68.2,45.9,0,0.1,0.1
"Oostzaan","GM0431",2022-11-25,9665,4787,4784,4779,31,82.8,49529.2,"&#x26a1;",9,2,-5,72.4,144.9,93.1,10,10,10,0,0,103.5,49.5,0.1,0.1,0.2
"Opmeer","GM0432",2022-11-25,12126,5740,5737,5736,24.7,33,47336.3,"&#x26a1;",9,2,-5,57.7,115.5,74.2,9,9,9,0,0,74.2,47.3,0.1,0.1,0.2
"Ouder-Amstel","GM0437",2022-11-25,14187,7066,7061,7050,35.2,112.8,49806.2,"&#x26a1;",9,2,-5,49.3,98.7,63.4,9,9,9,0,0,63.4,49.8,0.1,0.1,0.1
"Purmerend","GM0439",2022-11-25,92504,43192,43170,43143,23.8,53,46692,"&#x26a1;",9,2,-5,7.6,15.1,9.7,119,119,119,0,0,128.6,46.7,0,0.1,0.3
"Schagen","GM0441",2022-11-25,46856,21028,21022,21005,12.8,49.1,44877.9,"&#x26a1;",9,2,-5,14.9,29.9,19.2,86,86,86,0,0,183.5,44.9,0,0.2,0.4
"Texel","GM0448",2022-11-25,13690,4234,4231,4230,21.9,29.2,30927.7,"&#x26a1;",9,2,-5,51.1,102.3,65.7,4,4,4,0,0,29.2,30.9,0.1,0,0.1
"Uitgeest","GM0450",2022-11-25,13534,6967,6965,6957,14.8,73.9,51477.8,"&#x26a1;",9,2,-5,51.7,103.4,66.5,19,19,19,0,0,140.4,51.5,0.1,0.1,0.3
"Uithoorn","GM0451",2022-11-25,31004,14680,14672,14658,25.8,71,47348.7,"&#x26a1;",9,2,-5,22.6,45.2,29,24,24,24,0,0,77.4,47.3,0,0.1,0.2
"Velsen","GM0453",2022-11-25,68452,32419,32409,32380,14.6,57,47360.2,"&#x26a1;",9,2,-5,10.2,20.5,13.1,104,104,103,0,1.5,151.9,47.4,0,0.2,0.3
"Zandvoort","GM0473",2022-11-25,17161,7237,7236,7221,5.8,93.2,42171.2,"&#x26a1;",9,2,-5,40.8,81.6,52.4,50,50,50,0,0,291.4,42.2,0.1,0.3,0.7
"Zaanstad","GM0479",2022-11-25,157375,73973,73925,73883,30.5,57.2,47004.3,"&#x26a1;",9,2,-5,4.4,8.9,5.7,226,226,224,0,1.3,143.6,47,0,0.1,0.3
"Alblasserdam","GM0482",2022-11-25,20129,10119,10112,10102,34.8,84.5,50270.8,"&#x26a1;",9,2,-5,34.8,69.6,44.7,31,31,31,0,0,154,50.3,0,0.2,0.3
"Alphen aan den Rijn","GM0484",2022-11-25,113026,54732,54696,54654,31.9,69,48424.3,"&#x26a1;",9,2,-5,6.2,12.4,8,161,161,161,0,0,142.4,48.4,0,0.1,0.3
"Barendrecht","GM0489",2022-11-25,48712,24750,24736,24716,28.7,69.8,50808.8,"&#x26a1;",9,2,-5,14.4,28.7,18.5,53,53,53,0,0,108.8,50.8,0,0.1,0.2
"Drechterland","GM0498",2022-11-25,20006,9271,9261,9258,50,65,46341.1,"&#x26a1;",9,2,-5,35,70,45,14,14,14,0,0,70,46.3,0,0.1,0.2
"Brielle","GM0501",2022-11-25,17750,7744,7737,7731,39.4,73.2,43628.2,"&#x26a1;",9,2,-5,39.4,78.9,50.7,16,16,15,0,5.6,90.1,43.6,0.1,0.1,0.2
"Capelle aan den IJssel","GM0502",2022-11-25,67281,31033,31006,30976,40.1,84.7,46124.5,"&#x26a1;",9,2,-5,10.4,20.8,13.4,167,167,167,0,0,248.2,46.1,0,0.2,0.5
"Delft","GM0503",2022-11-25,104638,49108,49086,49049,21,56.4,46931.3,"&#x26a1;",9,2,-5,6.7,13.4,8.6,96,96,96,0,0,91.7,46.9,0,0.1,0.2
"Dordrecht","GM0505",2022-11-25,119589,58533,58495,58450,31.8,69.4,48945.1,"&#x26a1;",9,2,-5,5.9,11.7,7.5,228,228,228,0,0,190.7,48.9,0,0.2,0.4
"Gorinchem","GM0512",2022-11-25,37858,18715,18707,18695,21.1,52.8,49434.7,"&#x26a1;",9,2,-5,18.5,37,23.8,58,58,58,0,0,153.2,49.4,0,0.2,0.3
"Gouda","GM0513",2022-11-25,74131,36160,36132,36104,37.8,75.5,48778.5,"&#x26a1;",9,2,-5,9.4,18.9,12.1,171,171,171,0,0,230.7,48.8,0,0.2,0.5
"'s-Gravenhage","GM0518",2022-11-25,553769,243363,243203,243034,28.9,59.4,43946.7,"&#128721;",9,2,-5,1.3,2.5,1.6,684,683,681,0.2,0.5,123.5,43.9,0,0.1,0.3
"Hardinxveld-Giessendam","GM0523",2022-11-25,18501,10025,10023,10022,10.8,16.2,54186.3,"&#x26a1;",9,2,-5,37.8,75.7,48.6,34,34,34,0,0,183.8,54.2,0,0.2,0.3
"Hellevoetsluis","GM0530",2022-11-25,40620,16597,16580,16573,41.9,59.1,40859.2,"&#x26a1;",9,2,-5,17.2,34.5,22.2,56,56,55,0,2.5,137.9,40.9,0,0.1,0.3
"Hendrik-Ido-Ambacht","GM0531",2022-11-25,31767,16417,16414,16406,9.4,34.6,51679.4,"&#x26a1;",9,2,-5,22,44.1,28.3,41,41,41,0,0,129.1,51.7,0,0.1,0.2
"Stede Broec","GM0532",2022-11-25,21943,9825,9819,9815,27.3,45.6,44775.1,"&#x26a1;",9,2,-5,31.9,63.8,41,20,20,20,0,0,91.1,44.8,0,0.1,0.2
"Hillegom","GM0534",2022-11-25,22295,10039,10032,10028,31.4,49.3,45028,"&#x26a1;",9,2,-5,31.4,62.8,40.4,23,23,23,0,0,103.2,45,0,0.1,0.2
"Katwijk","GM0537",2022-11-25,66160,34384,34364,34344,30.2,60.5,51971,"&#x26a1;",9,2,-5,10.6,21.2,13.6,72,72,72,0,0,108.8,52,0,0.1,0.2
"Krimpen aan den IJssel","GM0542",2022-11-25,29431,13957,13949,13932,27.2,84.9,47422.8,"&#x26a1;",9,2,-5,23.8,47.6,30.6,81,81,81,0,0,275.2,47.4,0,0.3,0.6
"Leiden","GM0546",2022-11-25,125304,61302,61258,61217,35.1,67.8,48922.6,"&#x26a1;",9,2,-5,5.6,11.2,7.2,89,89,88,0,0.8,71,48.9,0,0.1,0.1
"Leiderdorp","GM0547",2022-11-25,27443,12579,12572,12567,25.5,43.7,45836.8,"&#x26a1;",9,2,-5,25.5,51,32.8,29,29,29,0,0,105.7,45.8,0,0.1,0.2
"Lisse","GM0553",2022-11-25,23005,10861,10858,10858,13,13,47211.5,"&#x26a1;",9,2,-5,30.4,60.9,39.1,25,25,25,0,0,108.7,47.2,0,0.1,0.2
"Maassluis","GM0556",2022-11-25,34408,14974,14971,14957,8.7,49.4,43518.9,"&#x26a1;",9,2,-5,20.3,40.7,26.2,47,47,47,0,0,136.6,43.5,0,0.1,0.3
"Nieuwkoop","GM0569",2022-11-25,29284,14727,14716,14712,37.6,51.2,50290.3,"&#x26a1;",9,2,-5,23.9,47.8,30.7,26,26,26,0,0,88.8,50.3,0,0.1,0.2
"Noordwijk","GM0575",2022-11-25,44390,20918,20910,20905,18,29.3,47123.2,"&#x26a1;",9,2,-5,15.8,31.5,20.3,34,34,34,0,0,76.6,47.1,0,0.1,0.2
"Oegstgeest","GM0579",2022-11-25,25534,11902,11898,11883,15.7,74.4,46612.4,"&#x26a1;",9,2,-5,27.4,54.8,35.2,32,32,32,0,0,125.3,46.6,0,0.1,0.3
"Oudewater","GM0589",2022-11-25,10166,4683,4679,4679,39.3,39.3,46065.3,"&#x26a1;",9,2,-5,68.9,137.7,88.5,12,12,12,0,0,118,46.1,0.1,0.1,0.3
"Papendrecht","GM0590",2022-11-25,32151,15133,15128,15115,15.6,56,47068.5,"&#x26a1;",9,2,-5,21.8,43.5,28,51,51,51,0,0,158.6,47.1,0,0.2,0.3
"Ridderkerk","GM0597",2022-11-25,47058,22078,22069,22059,19.1,40.4,46916.6,"&#x26a1;",9,2,-5,14.9,29.8,19.1,118,118,118,0,0,250.8,46.9,0,0.3,0.5
"Rotterdam","GM0599",2022-11-25,656338,315811,315589,315371,33.8,67,48117.1,"&#128721;",9,2,-5,1.1,2.1,1.4,1183,1183,1182,0,0.2,180.2,48.1,0,0.2,0.4
"Rijswijk","GM0603",2022-11-25,57220,25335,25325,25303,17.5,55.9,44276.5,"&#x26a1;",9,2,-5,12.2,24.5,15.7,84,84,84,0,0,146.8,44.3,0,0.1,0.3
"Schiedam","GM0606",2022-11-25,79759,35715,35696,35680,23.8,43.9,44778.6,"&#x26a1;",9,2,-5,8.8,17.6,11.3,137,137,137,0,0,171.8,44.8,0,0.2,0.4
"Sliedrecht","GM0610",2022-11-25,25942,13263,13259,13252,15.4,42.4,51125.6,"&#x26a1;",9,2,-5,27,54,34.7,55,55,55,0,0,212,51.1,0,0.2,0.4
"Albrandswaard","GM0613",2022-11-25,25990,13319,13314,13308,19.2,42.3,51246.6,"&#x26a1;",9,2,-5,26.9,53.9,34.6,25,25,25,0,0,96.2,51.2,0,0.1,0.2
"Westvoorne","GM0614",2022-11-25,14950,6062,6059,6054,20.1,53.5,40548.5,"&#x26a1;",9,2,-5,46.8,93.6,60.2,21,21,21,0,0,140.5,40.5,0.1,0.1,0.3
"Vlaardingen","GM0622",2022-11-25,74119,34393,34372,34344,28.3,66.1,46402.4,"&#x26a1;",9,2,-5,9.4,18.9,12.1,124,124,124,0,0,167.3,46.4,0,0.2,0.4
"Voorschoten","GM0626",2022-11-25,25560,11622,11620,11609,7.8,50.9,45469.5,"&#x26a1;",9,2,-5,27.4,54.8,35.2,28,28,28,0,0,109.5,45.5,0,0.1,0.2
"Waddinxveen","GM0627",2022-11-25,31451,15242,15234,15229,25.4,41.3,48462.7,"&#x26a1;",9,2,-5,22.3,44.5,28.6,21,21,20,0,3.2,66.8,48.5,0,0.1,0.1
"Wassenaar","GM0629",2022-11-25,27252,11503,11493,11481,36.7,80.7,42209.7,"&#x26a1;",9,2,-5,25.7,51.4,33,38,38,38,0,0,139.4,42.2,0,0.1,0.3
"Woerden","GM0632",2022-11-25,52951,26737,26728,26711,17,49.1,50493.9,"&#x26a1;",9,2,-5,13.2,26.4,17,49,49,49,0,0,92.5,50.5,0,0.1,0.2
"Zoetermeer","GM0637",2022-11-25,125840,57941,57902,57844,31,77.1,46043.4,"&#x26a1;",9,2,-5,5.6,11.1,7.2,84,84,84,0,0,66.8,46,0,0.1,0.1
"Zoeterwoude","GM0638",2022-11-25,9320,4732,4730,4730,21.5,21.5,50772.5,"&#x26a1;",9,2,-5,75.1,150.2,96.6,1,1,1,0,0,10.7,50.8,0.1,0,0
"Zwijndrecht","GM0642",2022-11-25,44728,20664,20651,20637,29.1,60.4,46199.2,"&#x26a1;",9,2,-5,15.7,31.3,20.1,121,121,121,0,0,270.5,46.2,0,0.3,0.6
"Borsele","GM0654",2022-11-25,22837,11408,11403,11395,21.9,56.9,49954,"&#x26a1;",9,2,-5,30.7,61.3,39.4,14,14,14,0,0,61.3,50,0,0.1,0.1
"Goes","GM0664",2022-11-25,39079,19249,19229,19209,51.2,102.4,49256.6,"&#x26a1;",9,2,-5,17.9,35.8,23,48,48,48,0,0,122.8,49.3,0,0.1,0.2
"West Maas en Waal","GM0668",2022-11-25,19673,10027,10021,10018,30.5,45.7,50968.3,"&#x26a1;",9,2,-5,35.6,71.2,45.7,27,27,27,0,0,137.2,51,0,0.1,0.3
"Hulst","GM0677",2022-11-25,27552,12082,12077,12063,18.1,69,43851.6,"&#x26a1;",9,2,-5,25.4,50.8,32.7,18,18,18,0,0,65.3,43.9,0,0.1,0.1
"Kapelle","GM0678",2022-11-25,13006,6604,6600,6596,30.8,61.5,50776.6,"&#x26a1;",9,2,-5,53.8,107.6,69.2,9,9,8,0,7.7,69.2,50.8,0.1,0.1,0.1
"Middelburg","GM0687",2022-11-25,49248,22999,22982,22952,34.5,95.4,46700.4,"&#x26a1;",9,2,-5,14.2,28.4,18.3,48,48,48,0,0,97.5,46.7,0,0.1,0.2
"Reimerswaal","GM0703",2022-11-25,22916,12979,12977,12970,8.7,39.3,56637.3,"&#x26a1;",9,2,-5,30.5,61.1,39.3,27,27,27,0,0,117.8,56.6,0,0.1,0.2
"Terneuzen","GM0715",2022-11-25,54509,23277,23258,23244,34.9,60.5,42703,"&#x26a1;",9,2,-5,12.8,25.7,16.5,48,48,48,0,0,88.1,42.7,0,0.1,0.2
"Tholen","GM0716",2022-11-25,26442,13385,13378,13376,26.5,34,50620.2,"&#x26a1;",9,2,-5,26.5,52.9,34,40,40,40,0,0,151.3,50.6,0,0.2,0.3
"Veere","GM0717",2022-11-25,21816,9921,9914,9904,32.1,77.9,45475.8,"&#x26a1;",9,2,-5,32.1,64.2,41.3,19,19,19,0,0,87.1,45.5,0,0.1,0.2
"Vlissingen","GM0718",2022-11-25,44541,19807,19788,19766,42.7,92.1,44469.1,"&#x26a1;",9,2,-5,15.7,31.4,20.2,45,45,45,0,0,101,44.5,0,0.1,0.2
"De Ronde Venen","GM0736",2022-11-25,45063,21663,21650,21638,28.8,55.5,48072.7,"&#x26a1;",9,2,-5,15.5,31.1,20,56,56,56,0,0,124.3,48.1,0,0.1,0.3
"Tytsjerksteradiel","GM0737",2022-11-25,32287,14653,14643,14634,31,58.8,45383.6,"&#x26a1;",9,2,-5,21.7,43.4,27.9,45,45,45,0,0,139.4,45.4,0,0.1,0.3
"Asten","GM0743",2022-11-25,17071,8393,8393,8391,0,11.7,49165.3,"&#x26a1;",9,2,-5,41,82,52.7,21,21,21,0,0,123,49.2,0.1,0.1,0.3
"Baarle-Nassau","GM0744",2022-11-25,6953,2898,2897,2896,14.4,28.8,41679.9,"&#x26a1;",9,2,-5,100.7,201.4,129.4,5,5,5,0,0,71.9,41.7,0.1,0.1,0.2
"Bergen op Zoom","GM0748",2022-11-25,67959,33148,33129,33117,28,45.6,48776.5,"&#x26a1;",9,2,-5,10.3,20.6,13.2,52,52,52,0,0,76.5,48.8,0,0.1,0.2
"Best","GM0753",2022-11-25,30658,14699,14693,14682,19.6,55.5,47945.1,"&#x26a1;",9,2,-5,22.8,45.7,29.4,41,41,41,0,0,133.7,47.9,0,0.1,0.3
"Boekel","GM0755",2022-11-25,11060,5661,5659,5657,18.1,36.2,51184.4,"&#x26a1;",9,2,-5,63.3,126.6,81.4,24,24,24,0,0,217,51.2,0.1,0.2,0.4
"Boxtel","GM0757",2022-11-25,33116,16290,16283,16279,21.1,33.2,49190.7,"&#x26a1;",9,2,-5,21.1,42.3,27.2,80,80,80,0,0,241.6,49.2,0,0.2,0.5
"Breda","GM0758",2022-11-25,184841,93316,93237,93165,42.7,81.7,50484.5,"&#x26a1;",9,2,-5,3.8,7.6,4.9,195,195,195,0,0,105.5,50.5,0,0.1,0.2
"Deurne","GM0762",2022-11-25,32597,16446,16437,16431,27.6,46,50452.5,"&#x26a1;",9,2,-5,21.5,42.9,27.6,51,51,51,0,0,156.5,50.5,0,0.2,0.3
"Pekela","GM0765",2022-11-25,12188,5045,5043,5042,16.4,24.6,41393.2,"&#x26a1;",9,2,-5,57.4,114.9,73.8,15,15,15,0,0,123.1,41.4,0.1,0.1,0.3
"Dongen","GM0766",2022-11-25,26604,13119,13111,13100,30.1,71.4,49312.1,"&#x26a1;",9,2,-5,26.3,52.6,33.8,33,33,33,0,0,124,49.3,0,0.1,0.3
"Eersel","GM0770",2022-11-25,19852,10517,10511,10507,30.2,50.4,52977,"&#x26a1;",9,2,-5,35.3,70.5,45.3,36,36,36,0,0,181.3,53,0,0.2,0.3
"Eindhoven","GM0772",2022-11-25,238657,112615,112538,112471,32.3,60.3,47187,"&#x26a1;",9,2,-5,2.9,5.9,3.8,450,449,449,0.4,0.4,188.6,47.2,0,0.2,0.4
"Etten-Leur","GM0777",2022-11-25,44165,20800,20788,20775,27.2,56.6,47096.1,"&#x26a1;",9,2,-5,15.8,31.7,20.4,42,42,42,0,0,95.1,47.1,0,0.1,0.2
"Geertruidenberg","GM0779",2022-11-25,21924,10948,10944,10938,18.2,45.6,49936.1,"&#x26a1;",9,2,-5,31.9,63.9,41.1,31,31,31,0,0,141.4,49.9,0,0.1,0.3
"Gilze en Rijen","GM0784",2022-11-25,26545,12598,12595,12584,11.3,52.7,47459,"&#x26a1;",9,2,-5,26.4,52.7,33.9,21,21,21,0,0,79.1,47.5,0,0.1,0.2
"Goirle","GM0785",2022-11-25,24010,12277,12269,12266,33.3,45.8,51132.9,"&#x26a1;",9,2,-5,29.2,58.3,37.5,44,44,44,0,0,183.3,51.1,0,0.2,0.4
"Helmond","GM0794",2022-11-25,93676,46160,46143,46108,18.1,55.5,49276.2,"&#x26a1;",9,2,-5,7.5,14.9,9.6,97,97,97,0,0,103.5,49.3,0,0.1,0.2
"'s-Hertogenbosch","GM0796",2022-11-25,156697,84810,84764,84712,29.4,62.5,54123.6,"&#x26a1;",9,2,-5,4.5,8.9,5.7,207,206,206,0.6,0.6,132.1,54.1,0,0.1,0.2
"Heusden","GM0797",2022-11-25,45576,23479,23462,23450,37.3,63.6,51516.1,"&#x26a1;",9,2,-5,15.4,30.7,19.7,57,57,57,0,0,125.1,51.5,0,0.1,0.2
"Hilvarenbeek","GM0798",2022-11-25,15819,7810,7798,7795,75.9,94.8,49371,"&#x26a1;",9,2,-5,44.3,88.5,56.9,21,21,21,0,0,132.8,49.4,0.1,0.1,0.3
"Loon op Zand","GM0809",2022-11-25,23782,12031,12022,12013,37.8,75.7,50588.7,"&#x26a1;",9,2,-5,29.4,58.9,37.8,47,47,47,0,0,197.6,50.6,0,0.2,0.4
"Nuenen, Gerwen en Nederwetten","GM0820",2022-11-25,23822,11219,11210,11203,37.8,67.2,47095.1,"&#x26a1;",9,2,-5,29.4,58.8,37.8,31,31,31,0,0,130.1,47.1,0,0.1,0.3
"Oirschot","GM0823",2022-11-25,19083,9461,9459,9452,10.5,47.2,49578.2,"&#x26a1;",9,2,-5,36.7,73.4,47.2,28,28,28,0,0,146.7,49.6,0,0.1,0.3
"Oisterwijk","GM0824",2022-11-25,32534,15313,15300,15297,40,49.2,47067.7,"&#x26a1;",9,2,-5,21.5,43,27.7,30,30,30,0,0,92.2,47.1,0,0.1,0.2
"Oosterhout","GM0826",2022-11-25,56578,27415,27388,27364,47.7,90.1,48455.2,"&#x26a1;",9,2,-5,12.4,24.7,15.9,46,46,46,0,0,81.3,48.5,0,0.1,0.2
"Oss","GM0828",2022-11-25,93456,46695,46677,46650,19.3,48.2,49964.7,"&#x26a1;",9,2,-5,7.5,15,9.6,153,153,153,0,0,163.7,50,0,0.2,0.3
"Rucphen","GM0840",2022-11-25,23361,10328,10324,10317,17.1,47.1,44210.4,"&#x26a1;",9,2,-5,30,59.9,38.5,20,20,20,0,0,85.6,44.2,0,0.1,0.2
"Sint-Michielsgestel","GM0845",2022-11-25,29743,15690,15681,15674,30.3,53.8,52751.9,"&#x26a1;",9,2,-5,23.5,47.1,30.3,49,49,49,0,0,164.7,52.8,0,0.2,0.3
"Someren","GM0847",2022-11-25,19742,9893,9889,9884,20.3,45.6,50111.4,"&#x26a1;",9,2,-5,35.5,70.9,45.6,21,21,21,0,0,106.4,50.1,0,0.1,0.2
"Son en Breugel","GM0848",2022-11-25,17812,8450,8444,8442,33.7,44.9,47439.9,"&#x26a1;",9,2,-5,39.3,78.6,50.5,36,36,36,0,0,202.1,47.4,0.1,0.2,0.4
"Steenbergen","GM0851",2022-11-25,24328,11060,11057,11051,12.3,37,45462,"&#x26a1;",9,2,-5,28.8,57.5,37,22,22,22,0,0,90.4,45.5,0,0.1,0.2
"Waterland","GM0852",2022-11-25,17347,8223,8219,8214,23.1,51.9,47403,"&#x26a1;",9,2,-5,40.4,80.7,51.9,18,18,18,0,0,103.8,47.4,0.1,0.1,0.2
"Tilburg","GM0855",2022-11-25,225050,115285,115216,115165,30.7,53.3,51226.4,"&#x26a1;",9,2,-5,3.1,6.2,4,310,310,309,0,0.4,137.7,51.2,0,0.1,0.3
"Valkenswaard","GM0858",2022-11-25,31275,15174,15165,15159,28.8,48,48518,"&#x26a1;",9,2,-5,22.4,44.8,28.8,78,78,78,0,0,249.4,48.5,0,0.2,0.5
"Veldhoven","GM0861",2022-11-25,45888,22517,22512,22501,10.9,34.9,49069.5,"&#x26a1;",9,2,-5,15.3,30.5,19.6,57,57,57,0,0,124.2,49.1,0,0.1,0.3
"Vught","GM0865",2022-11-25,31853,16358,16346,16336,37.7,69.1,51354.7,"&#x26a1;",9,2,-5,22,44,28.3,59,59,59,0,0,185.2,51.4,0,0.2,0.4
"Waalre","GM0866",2022-11-25,17727,8485,8476,8468,50.8,95.9,47864.8,"&#x26a1;",9,2,-5,39.5,79,50.8,20,20,20,0,0,112.8,47.9,0.1,0.1,0.2
"Waalwijk","GM0867",2022-11-25,49357,23579,23563,23550,32.4,58.8,47772.4,"&#x26a1;",9,2,-5,14.2,28.4,18.2,85,85,85,0,0,172.2,47.8,0,0.2,0.4
"Woensdrecht","GM0873",2022-11-25,22099,9094,9090,9089,18.1,22.6,41151.2,"&#x26a1;",9,2,-5,31.7,63.4,40.7,27,27,27,0,0,122.2,41.2,0,0.1,0.3
"Zundert","GM0879",2022-11-25,22202,9518,9512,9508,27,45,42870,"&#x26a1;",9,2,-5,31.5,63.1,40.5,19,19,19,0,0,85.6,42.9,0,0.1,0.2
"Wormerland","GM0880",2022-11-25,16374,7472,7470,7466,12.2,36.6,45633.3,"&#x26a1;",9,2,-5,42.8,85.5,55,38,38,38,0,0,232.1,45.6,0.1,0.2,0.5
"Landgraaf","GM0882",2022-11-25,37026,18297,18277,18253,54,118.8,49416.6,"&#x26a1;",9,2,-5,18.9,37.8,24.3,102,102,102,0,0,275.5,49.4,0,0.3,0.6
"Beek","GM0888",2022-11-25,15809,8217,8205,8191,75.9,164.5,51976.7,"&#x26a1;",9,2,-5,44.3,88.6,56.9,17,17,17,0,0,107.5,52,0.1,0.1,0.2
"Beesel","GM0889",2022-11-25,13396,6676,6672,6666,29.9,74.6,49835.8,"&#x26a1;",9,2,-5,52.3,104.5,67.2,15,15,15,0,0,112,49.8,0.1,0.1,0.2
"Bergen (L.)","GM0893",2022-11-25,13079,6853,6844,6842,68.8,84.1,52397,"&#x26a1;",9,2,-5,53.5,107,68.8,20,20,20,0,0,152.9,52.4,0.1,0.2,0.3
"Brunssum","GM0899",2022-11-25,27684,13982,13977,13964,18.1,65,50505.7,"&#x26a1;",9,2,-5,25.3,50.6,32.5,73,73,73,0,0,263.7,50.5,0,0.3,0.5
"Gennep","GM0907",2022-11-25,17199,9322,9320,9311,11.6,64,54200.8,"&#x26a1;",9,2,-5,40.7,81.4,52.3,33,33,33,0,0,191.9,54.2,0.1,0.2,0.4
"Heerlen","GM0917",2022-11-25,86900,41135,41093,41033,48.3,117.4,47336,"&#x26a1;",9,2,-5,8.1,16.1,10.4,173,173,173,0,0,199.1,47.3,0,0.2,0.4
"Kerkrade","GM0928",2022-11-25,45255,20365,20341,20320,53,99.4,45000.6,"&#x26a1;",9,2,-5,15.5,30.9,19.9,118,118,118,0,0,260.7,45,0,0.3,0.6
"Maastricht","GM0935",2022-11-25,120922,58100,58046,57985,44.7,95.1,48047.5,"&#x26a1;",9,2,-5,5.8,11.6,7.4,269,269,268,0,0.8,222.5,48,0,0.2,0.5
"Meerssen","GM0938",2022-11-25,18541,9463,9458,9443,27,107.9,51038.2,"&#x26a1;",9,2,-5,37.8,75.5,48.5,45,45,45,0,0,242.7,51,0,0.2,0.5
"Mook en Middelaar","GM0944",2022-11-25,8000,3730,3729,3727,12.5,37.5,46625,"&#x26a1;",9,2,-5,87.5,175,112.5,13,13,13,0,0,162.5,46.6,0.1,0.2,0.3
"Nederweert","GM0946",2022-11-25,17339,9006,9002,8999,23.1,40.4,51940.7,"&#x26a1;",9,2,-5,40.4,80.7,51.9,30,30,30,0,0,173,51.9,0.1,0.2,0.3
"Roermond","GM0957",2022-11-25,59150,28710,28678,28651,54.1,99.7,48537.6,"&#x26a1;",9,2,-5,11.8,23.7,15.2,83,83,83,0,0,140.3,48.5,0,0.1,0.3
"Simpelveld","GM0965",2022-11-25,10420,4891,4885,4882,57.6,86.4,46938.6,"&#x26a1;",9,2,-5,67.2,134.4,86.4,16,16,16,0,0,153.6,46.9,0.1,0.2,0.3
"Stein","GM0971",2022-11-25,24817,12688,12676,12668,48.4,80.6,51126.2,"&#x26a1;",9,2,-5,28.2,56.4,36.3,29,29,29,0,0,116.9,51.1,0,0.1,0.2
"Vaals","GM0981",2022-11-25,10084,3569,3564,3559,49.6,99.2,35392.7,"&#x26a1;",9,2,-5,69.4,138.8,89.3,25,25,25,0,0,247.9,35.4,0.1,0.2,0.7
"Venlo","GM0983",2022-11-25,102182,54478,54452,54410,25.4,66.5,53314.7,"&#x26a1;",9,2,-5,6.9,13.7,8.8,206,206,206,0,0,201.6,53.3,0,0.2,0.4
"Venray","GM0984",2022-11-25,44001,23816,23807,23799,20.5,38.6,54126,"&#x26a1;",9,2,-5,15.9,31.8,20.5,61,61,61,0,0,138.6,54.1,0,0.1,0.3
"Voerendaal","GM0986",2022-11-25,12403,6215,6205,6202,80.6,104.8,50108.8,"&#x26a1;",9,2,-5,56.4,112.9,72.6,17,17,17,0,0,137.1,50.1,0.1,0.1,0.3
"Weert","GM0988",2022-11-25,50356,25685,25659,25643,51.6,83.4,51006.8,"&#x26a1;",9,2,-5,13.9,27.8,17.9,106,106,106,0,0,210.5,51,0,0.2,0.4
"Valkenburg aan de Geul","GM0994",2022-11-25,16149,7533,7524,7517,55.7,99.1,46646.9,"&#x26a1;",9,2,-5,43.3,86.7,55.7,36,36,36,0,0,222.9,46.6,0.1,0.2,0.5
"Lelystad","GM0995",2022-11-25,81341,34713,34685,34652,34.4,75,42675.9,"&#x26a1;",9,2,-5,8.6,17.2,11.1,92,92,92,0,0,113.1,42.7,0,0.1,0.3
"Horst aan de Maas","GM1507",2022-11-25,43080,23956,23935,23913,48.7,99.8,55608.2,"&#x26a1;",9,2,-5,16.2,32.5,20.9,78,78,78,0,0,181.1,55.6,0,0.2,0.3
"Oude IJsselstreek","GM1509",2022-11-25,39346,19550,19541,19531,22.9,48.3,49687.4,"&#x26a1;",9,2,-5,17.8,35.6,22.9,59,59,59,0,0,150,49.7,0,0.1,0.3
"Teylingen","GM1525",2022-11-25,37949,18764,18753,18743,29,55.3,49445.3,"&#x26a1;",9,2,-5,18.4,36.9,23.7,28,28,28,0,0,73.8,49.4,0,0.1,0.1
"Utrechtse Heuvelrug","GM1581",2022-11-25,50003,22492,22485,22465,14,54,44981.3,"&#x26a1;",9,2,-5,14,28,18,95,94,93,2,4,190,45,0,0.2,0.4
"Oost Gelre","GM1586",2022-11-25,29624,15724,15718,15706,20.3,60.8,53078.6,"&#x26a1;",9,2,-5,23.6,47.3,30.4,57,57,57,0,0,192.4,53.1,0,0.2,0.4
"Koggenland","GM1598",2022-11-25,23030,11172,11168,11161,17.4,47.8,48510.6,"&#x26a1;",9,2,-5,30.4,60.8,39.1,26,26,26,0,0,112.9,48.5,0,0.1,0.2
"Lansingerland","GM1621",2022-11-25,64167,33005,32980,32956,39,76.4,51436.1,"&#x26a1;",9,2,-5,10.9,21.8,14,80,80,80,0,0,124.7,51.4,0,0.1,0.2
"Leudal","GM1640",2022-11-25,35938,16768,16761,16749,19.5,52.9,46658.1,"&#x26a1;",9,2,-5,19.5,39,25,61,61,61,0,0,169.7,46.7,0,0.2,0.4
"Maasgouw","GM1641",2022-11-25,24021,11844,11835,11825,37.5,79.1,49306.9,"&#x26a1;",9,2,-5,29.1,58.3,37.5,46,46,46,0,0,191.5,49.3,0,0.2,0.4
"Gemert-Bakel","GM1652",2022-11-25,31107,14735,14729,14725,19.3,32.1,47368.8,"&#x26a1;",9,2,-5,22.5,45,28.9,48,48,48,0,0,154.3,47.4,0,0.2,0.3
"Halderberge","GM1655",2022-11-25,30767,14410,14402,14395,26,48.8,46835.9,"&#x26a1;",9,2,-5,22.8,45.5,29.3,31,31,31,0,0,100.8,46.8,0,0.1,0.2
"Heeze-Leende","GM1658",2022-11-25,16485,7379,7378,7374,6.1,30.3,44761.9,"&#x26a1;",9,2,-5,42.5,84.9,54.6,14,14,14,0,0,84.9,44.8,0.1,0.1,0.2
"Laarbeek","GM1659",2022-11-25,22952,10983,10976,10972,30.5,47.9,47852,"&#x26a1;",9,2,-5,30.5,61,39.2,47,47,47,0,0,204.8,47.9,0,0.2,0.4
"Reusel-De Mierden","GM1667",2022-11-25,13309,6857,6853,6851,30.1,45.1,51521.5,"&#x26a1;",9,2,-5,52.6,105.2,67.6,14,14,14,0,0,105.2,51.5,0.1,0.1,0.2
"Roerdalen","GM1669",2022-11-25,20549,9521,9515,9510,29.2,53.5,46333.2,"&#x26a1;",9,2,-5,34.1,68.1,43.8,40,40,40,0,0,194.7,46.3,0,0.2,0.4
"Roosendaal","GM1674",2022-11-25,77208,37719,37697,37686,28.5,42.7,48853.7,"&#x26a1;",9,2,-5,9.1,18.1,11.7,93,93,93,0,0,120.5,48.9,0,0.1,0.2
"Schouwen-Duiveland","GM1676",2022-11-25,34175,14261,14250,14239,32.2,64.4,41729.3,"&#x26a1;",9,2,-5,20.5,41,26.3,44,44,44,0,0,128.7,41.7,0,0.1,0.3
"Aa en Hunze","GM1680",2022-11-25,25563,10037,10034,10031,11.7,23.5,39263.8,"&#x26a1;",9,2,-5,27.4,54.8,35.2,24,24,24,0,0,93.9,39.3,0,0.1,0.2
"Borger-Odoorn","GM1681",2022-11-25,25686,9857,9852,9850,19.5,27.3,38375,"&#x26a1;",9,2,-5,27.3,54.5,35,28,28,28,0,0,109,38.4,0,0.1,0.3
"De Wolden","GM1690",2022-11-25,24485,11037,11030,11026,28.6,44.9,45076.6,"&#x26a1;",9,2,-5,28.6,57.2,36.8,35,35,35,0,0,142.9,45.1,0,0.1,0.3
"Noord-Beveland","GM1695",2022-11-25,7678,2956,2955,2952,13,52.1,38499.6,"&#x26a1;",9,2,-5,91.2,182.3,117.2,13,13,13,0,0,169.3,38.5,0.1,0.2,0.4
"Wijdemeren","GM1696",2022-11-25,24536,11233,11227,11214,24.5,77.4,45781.7,"&#x26a1;",9,2,-5,28.5,57.1,36.7,23,23,23,0,0,93.7,45.8,0,0.1,0.2
"Noordenveld","GM1699",2022-11-25,31280,12177,12171,12169,19.2,25.6,38929,"&#x26a1;",9,2,-5,22.4,44.8,28.8,30,30,30,0,0,95.9,38.9,0,0.1,0.2
"Twenterand","GM1700",2022-11-25,33723,17854,17851,17846,8.9,23.7,52943.1,"&#x26a1;",9,2,-5,20.8,41.5,26.7,37,37,37,0,0,109.7,52.9,0,0.1,0.2
"Westerveld","GM1701",2022-11-25,19839,7182,7180,7178,10.1,20.2,36201.4,"&#x26a1;",9,2,-5,35.3,70.6,45.4,27,27,27,0,0,136.1,36.2,0,0.1,0.4
"Lingewaard","GM1705",2022-11-25,46989,24079,24065,24052,29.8,57.5,51243.9,"&#x26a1;",9,2,-5,14.9,29.8,19.2,60,59,59,2.1,2.1,127.7,51.2,0,0.1,0.2
"Cranendonck","GM1706",2022-11-25,20632,9975,9972,9968,14.5,33.9,48347.2,"&#x26a1;",9,2,-5,33.9,67.9,43.6,62,62,62,0,0,300.5,48.3,0,0.3,0.6
"Steenwijkerland","GM1708",2022-11-25,44785,19568,19553,19548,33.5,44.7,43693.2,"&#x26a1;",9,2,-5,15.6,31.3,20.1,37,37,37,0,0,82.6,43.7,0,0.1,0.2
"Moerdijk","GM1709",2022-11-25,37312,17294,17281,17276,34.8,48.2,46349.7,"&#x26a1;",9,2,-5,18.8,37.5,24.1,60,60,60,0,0,160.8,46.3,0,0.2,0.3
"Echt-Susteren","GM1711",2022-11-25,31777,15884,15867,15836,53.5,151.1,49985.8,"&#x26a1;",9,2,-5,22,44.1,28.3,47,47,47,0,0,147.9,50,0,0.1,0.3
"Sluis","GM1714",2022-11-25,23145,8372,8362,8345,43.2,116.7,36172,"&#x26a1;",9,2,-5,30.2,60.5,38.9,27,27,27,0,0,116.7,36.2,0,0.1,0.3
"Drimmelen","GM1719",2022-11-25,27581,12774,12760,12753,50.8,76.1,46314.5,"&#x26a1;",9,2,-5,25.4,50.8,32.6,33,33,33,0,0,119.6,46.3,0,0.1,0.3
"Bernheze","GM1721",2022-11-25,31785,17073,17061,17053,37.8,62.9,53714,"&#x26a1;",9,2,-5,22,44,28.3,85,85,85,0,0,267.4,53.7,0,0.3,0.5
"Alphen-Chaam","GM1723",2022-11-25,10444,4640,4637,4631,28.7,86.2,44427.4,"&#x26a1;",9,2,-5,67,134,86.2,6,6,6,0,0,57.4,44.4,0.1,0.1,0.1
"Bergeijk","GM1724",2022-11-25,18869,9864,9857,9851,37.1,68.9,52276.2,"&#x26a1;",9,2,-5,37.1,74.2,47.7,18,18,18,0,0,95.4,52.3,0,0.1,0.2
"Bladel","GM1728",2022-11-25,20737,10961,10958,10956,14.5,24.1,52857.2,"&#x26a1;",9,2,-5,33.8,67.5,43.4,33,33,33,0,0,159.1,52.9,0,0.2,0.3
"Gulpen-Wittem","GM1729",2022-11-25,14161,6447,6443,6433,28.2,98.9,45526.4,"&#x26a1;",9,2,-5,49.4,98.9,63.6,25,25,25,0,0,176.5,45.5,0.1,0.2,0.4
"Tynaarlo","GM1730",2022-11-25,34330,13942,13938,13930,11.7,35,40611.7,"&#x26a1;",9,2,-5,20.4,40.8,26.2,29,29,29,0,0,84.5,40.6,0,0.1,0.2
"Midden-Drenthe","GM1731",2022-11-25,33729,13783,13780,13773,8.9,29.6,40863.9,"&#x26a1;",9,2,-5,20.8,41.5,26.7,33,33,33,0,0,97.8,40.9,0,0.1,0.2
"Overbetuwe","GM1734",2022-11-25,48233,23952,23931,23914,43.5,78.8,49658.9,"&#x26a1;",9,2,-5,14.5,29,18.7,47,46,46,2.1,2.1,97.4,49.7,0,0.1,0.2
"Hof van Twente","GM1735",2022-11-25,35104,17992,17990,17986,5.7,17.1,51253.4,"&#x26a1;",9,2,-5,19.9,39.9,25.6,41,41,41,0,0,116.8,51.3,0,0.1,0.2
"Neder-Betuwe","GM1740",2022-11-25,25050,13413,13410,13408,12,20,53544.9,"&#x26a1;",9,2,-5,27.9,55.9,35.9,55,55,55,0,0,219.6,53.5,0,0.2,0.4
"Rijssen-Holten","GM1742",2022-11-25,38261,22441,22437,22429,10.5,31.4,58652.4,"&#x26a1;",9,2,-5,18.3,36.6,23.5,69,69,69,0,0,180.3,58.7,0,0.2,0.3
"Geldrop-Mierlo","GM1771",2022-11-25,40174,19426,19416,19407,24.9,47.3,48354.7,"&#x26a1;",9,2,-5,17.4,34.8,22.4,33,33,33,0,0,82.1,48.4,0,0.1,0.2
"Olst-Wijhe","GM1773",2022-11-25,18534,8553,8551,8545,10.8,43.2,46147.6,"&#x26a1;",9,2,-5,37.8,75.5,48.6,10,10,10,0,0,54,46.1,0,0.1,0.1
"Dinkelland","GM1774",2022-11-25,26594,13539,13532,13527,26.3,45.1,50910,"&#x26a1;",9,2,-5,26.3,52.6,33.8,40,40,40,0,0,150.4,50.9,0,0.2,0.3
"Westland","GM1783",2022-11-25,112616,57569,57557,57528,10.7,36.4,51119.7,"&#x26a1;",9,2,-5,6.2,12.4,8,107,107,107,0,0,95,51.1,0,0.1,0.2
"Midden-Delfland","GM1842",2022-11-25,19466,9768,9759,9749,46.2,97.6,50179.8,"&#x26a1;",9,2,-5,36,71.9,46.2,15,15,15,0,0,77.1,50.2,0,0.1,0.2
"Berkelland","GM1859",2022-11-25,43790,20680,20668,20656,27.4,54.8,47225.4,"&#x26a1;",9,2,-5,16,32,20.6,64,64,64,0,0,146.2,47.2,0,0.1,0.3
"Bronckhorst","GM1876",2022-11-25,36110,16923,16913,16908,27.7,41.5,46865.1,"&#x26a1;",9,2,-5,19.4,38.8,24.9,31,31,31,0,0,85.8,46.9,0,0.1,0.2
"Sittard-Geleen","GM1883",2022-11-25,91724,46007,45956,45897,55.6,119.9,50158.1,"&#x26a1;",9,2,-5,7.6,15.3,9.8,185,185,185,0,0,201.7,50.2,0,0.2,0.4
"Kaag en Braassem","GM1884",2022-11-25,27916,12948,12945,12941,10.7,25.1,46382,"&#x26a1;",9,2,-5,25.1,50.2,32.2,16,16,16,0,0,57.3,46.4,0,0.1,0.1
"Dantumadiel","GM1891",2022-11-25,18958,9212,9205,9201,36.9,58,48591.6,"&#x26a1;",9,2,-5,36.9,73.8,47.5,28,28,28,0,0,147.7,48.6,0,0.1,0.3
"Zuidplas","GM1892",2022-11-25,45877,22463,22441,22427,48,78.5,48963.5,"&#x26a1;",9,2,-5,15.3,30.5,19.6,57,57,57,0,0,124.2,49,0,0.1,0.3
"Peel en Maas","GM1894",2022-11-25,44374,21812,21803,21794,20.3,40.6,49154.9,"&#x26a1;",9,2,-5,15.8,31.6,20.3,94,94,94,0,0,211.8,49.2,0,0.2,0.4
"Oldambt","GM1895",2022-11-25,38531,15424,15417,15403,18.2,54.5,40030.1,"&#x26a1;",9,2,-5,18.2,36.3,23.4,40,40,40,0,0,103.8,40,0,0.1,0.3
"Zwartewaterland","GM1896",2022-11-25,23039,12313,12300,12293,56.4,86.8,53444.2,"&#x26a1;",9,2,-5,30.4,60.8,39.1,36,36,36,0,0,156.3,53.4,0,0.2,0.3
"Súdwest-Fryslân","GM1900",2022-11-25,90307,40316,40290,40273,28.8,47.6,44643.3,"&#x26a1;",9,2,-5,7.8,15.5,10,100,100,100,0,0,110.7,44.6,0,0.1,0.2
"Bodegraven-Reeuwijk","GM1901",2022-11-25,35818,18170,18163,18155,19.5,41.9,50728.7,"&#x26a1;",9,2,-5,19.5,39.1,25.1,40,40,40,0,0,111.7,50.7,0,0.1,0.2
"Eijsden-Margraten","GM1903",2022-11-25,25847,12990,12975,12958,58,123.8,50257.3,"&#x26a1;",9,2,-5,27.1,54.2,34.8,62,62,62,0,0,239.9,50.3,0,0.2,0.5
"Stichtse Vecht","GM1904",2022-11-25,65190,30924,30909,30895,23,44.5,47436.7,"&#x26a1;",9,2,-5,10.7,21.5,13.8,79,79,79,0,0,121.2,47.4,0,0.1,0.3
"Hollands Kroon","GM1911",2022-11-25,48755,20564,20553,20539,22.6,51.3,42178.2,"&#x26a1;",9,2,-5,14.4,28.7,18.5,39,39,39,0,0,80,42.2,0,0.1,0.2
"Leidschendam-Voorburg","GM1916",2022-11-25,76727,33807,33781,33754,33.9,69.1,44061.4,"&#x26a1;",9,2,-5,9.1,18.2,11.7,114,114,114,0,0,148.6,44.1,0,0.1,0.3
"Goeree-Overflakkee","GM1924",2022-11-25,51042,23591,23578,23543,25.5,94,46218.8,"&#x26a1;",9,2,-5,13.7,27.4,17.6,102,102,102,0,0,199.8,46.2,0,0.2,0.4
"Pijnacker-Nootdorp","GM1926",2022-11-25,56701,28821,28809,28798,21.2,40.6,50829.8,"&#x26a1;",9,2,-5,12.3,24.7,15.9,47,47,47,0,0,82.9,50.8,0,0.1,0.2
"Nissewaard","GM1930",2022-11-25,86306,39011,38984,38939,31.3,83.4,45200.8,"&#x26a1;",9,2,-5,8.1,16.2,10.4,115,115,115,0,0,133.2,45.2,0,0.1,0.3
"Krimpenerwaard","GM1931",2022-11-25,57151,26653,26645,26633,14,35,46636.1,"&#x26a1;",9,2,-5,12.2,24.5,15.7,73,73,73,0,0,127.7,46.6,0,0.1,0.3
"De Fryske Marren","GM1940",2022-11-25,51682,23660,23645,23631,29,56.1,45780,"&#x26a1;",9,2,-5,13.5,27.1,17.4,40,40,40,0,0,77.4,45.8,0,0.1,0.2
"Gooise Meren","GM1942",2022-11-25,58973,29290,29272,29251,30.5,66.1,49666.8,"&#x26a1;",9,2,-5,11.9,23.7,15.3,48,48,48,0,0,81.4,49.7,0,0.1,0.2
"Berg en Dal","GM1945",2022-11-25,34979,17155,17142,17126,37.2,82.9,49043.7,"&#x26a1;",9,2,-5,20,40,25.7,81,80,80,2.9,2.9,231.6,49,0,0.2,0.5
"Meierijstad","GM1948",2022-11-25,82681,39970,39953,39935,20.6,42.3,48342.4,"&#x26a1;",9,2,-5,8.5,16.9,10.9,192,192,192,0,0,232.2,48.3,0,0.2,0.5
"Waadhoeke","GM1949",2022-11-25,46399,18953,18935,18925,38.8,60.3,40847.9,"&#x26a1;",9,2,-5,15.1,30.2,19.4,48,48,48,0,0,103.5,40.8,0,0.1,0.3
"Westerwolde","GM1950",2022-11-25,26657,11285,11284,11281,3.8,15,42334.1,"&#x26a1;",9,2,-5,26.3,52.5,33.8,25,25,25,0,0,93.8,42.3,0,0.1,0.2
"Midden-Groningen","GM1952",2022-11-25,60897,25040,25019,25008,34.5,52.5,41118.6,"&#x26a1;",9,2,-5,11.5,23,14.8,50,50,50,0,0,82.1,41.1,0,0.1,0.2
"Beekdaelen","GM1954",2022-11-25,35931,18106,18095,18086,30.6,55.7,50391,"&#x26a1;",9,2,-5,19.5,39,25,73,73,73,0,0,203.2,50.4,0,0.2,0.4
"Montferland","GM1955",2022-11-25,36365,17534,17526,17517,22,46.7,48216.7,"&#x26a1;",9,2,-5,19.2,38.5,24.7,35,35,35,0,0,96.2,48.2,0,0.1,0.2
"Altena","GM1959",2022-11-25,57056,27813,27807,27800,10.5,22.8,48746.8,"&#x26a1;",9,2,-5,12.3,24.5,15.8,78,78,78,0,0,136.7,48.7,0,0.1,0.3
"West Betuwe","GM1960",2022-11-25,52009,25699,25676,25671,44.2,53.8,49412.6,"&#x26a1;",9,2,-5,13.5,26.9,17.3,71,71,71,0,0,136.5,49.4,0,0.1,0.3
"Vijfheerenlanden","GM1961",2022-11-25,58957,29163,29149,29136,23.7,45.8,49464.9,"&#x26a1;",9,2,-5,11.9,23.7,15.3,84,84,84,0,0,142.5,49.5,0,0.1,0.3
"Hoeksche Waard","GM1963",2022-11-25,88832,41125,41099,41073,29.3,58.5,46295.3,"&#x26a1;",9,2,-5,7.9,15.8,10.1,80,80,80,0,0,90.1,46.3,0,0.1,0.2
"Het Hogeland","GM1966",2022-11-25,48001,23165,23147,23130,37.5,72.9,48259.4,"&#x26a1;",9,2,-5,14.6,29.2,18.7,40,40,40,0,0,83.3,48.3,0,0.1,0.2
"Westerkwartier","GM1969",2022-11-25,64331,27399,27390,27383,14,24.9,42590.7,"&#x26a1;",9,2,-5,10.9,21.8,14,39,39,39,0,0,60.6,42.6,0,0.1,0.1
"Noardeast-Fryslân","GM1970",2022-11-25,45612,21726,21721,21714,11,26.3,47632.2,"&#x26a1;",9,2,-5,15.3,30.7,19.7,60,60,60,0,0,131.5,47.6,0,0.1,0.3
"Molenlanden","GM1978",2022-11-25,44692,22419,22412,22404,15.7,33.6,50163.3,"&#x26a1;",9,2,-5,15.7,31.3,20.1,46,46,46,0,0,102.9,50.2,0,0.1,0.2
"Eemsdelta","GM1979",2022-11-25,45568,17976,17968,17965,17.6,24.1,39448.7,"&#x26a1;",9,2,-5,15.4,30.7,19.8,31,31,31,0,0,68,39.4,0,0.1,0.2
"Dijk en Waard","GM1980",2022-11-25,87829,42099,42077,42046,25,60.3,47932.9,"&#x26a1;",9,2,-5,8,15.9,10.2,76,76,76,0,0,86.5,47.9,0,0.1,0.2
"Land van Cuijk","GM1982",2022-11-25,90841,48976,48945,48928,34.1,52.8,53914,"&#x26a1;",9,2,-5,7.7,15.4,9.9,142,142,142,0,0,156.3,53.9,0,0.2,0.3
"Maashorst","GM1991",2022-11-25,58454,30018,30007,29999,18.8,32.5,51353.2,"&#x26a1;",9,2,-5,12,24,15.4,128,128,128,0,0,219,51.4,0,0.2,0.4
