"municipality","Municipality_code","date","d0","d1","d7","d8","d14","jan1","lowest_since_jan1","lowest_since_jan1_date","current","increase_1d","increase_7d","increase_14d","increase_growth","growth","population","rel_increase_1d","rel_increase_7d","rel_increase_14d","color","color_incl_new","color_yesterday","color_lastweek"
"Unknown","",2023-03-17,81380,81371,81315,81311,81283,3700,30512,2022-12-31,50868,9,65,97,103.125,"&#x279A;&#x279A;",17443797,0.0515942715912138,0.372625294825433,0.556071593816415,"&#128993;","&#128993;","&#128993;","&#128993;"
"Netherlands","",2023-03-17,8524616,8524147,8520951,8520388,8516899,803138,3594,2021-02-11,8521022,469,3665,7717,-9.55083909180652,"&#x2798;",17443797,2.68863481958658,21.0103339313109,44.2392215410441,"&#128999;","&#128999;","&#128999;","&#128999;"
"Groningen","GM0014",2023-03-17,110394,110392,110370,110368,110342,6371,803138,2021-01-01,-692744,2,24,52,-14.2857142857143,"&#x2798;",234949,0.851248568838344,10.2149828260601,22.1324627897969,"&#128999;","&#128999;","&#128999;","&#128999;"
"Almere","GM0034",2023-03-17,98941,98934,98911,98901,98865,10719,6371,2021-01-01,92570,7,30,76,-34.7826086956522,"&#x2798;",218334,3.2060970806196,13.7404160597983,34.8090540181557,"&#128999;","&#128999;","&#128999;","&#128999;"
"Stadskanaal","GM0037",2023-03-17,13603,13603,13601,13600,13597,1225,10719,2021-01-01,2884,0,2,6,-50,"&#x2798;&#x2798;",31881,0,6.27332894200307,18.8199868260092,"&#128999;","&#128999;","&#128999;","&#128999;"
"Veendam","GM0047",2023-03-17,11771,11771,11771,11771,11768,664,1225,2021-01-01,10546,0,0,3,-100,"&#x2798;&#x2798;",27465,0,0,10.9229929000546,"&#9989;","&#9989;","&#9989;","&#128999;"
"Zeewolde","GM0050",2023-03-17,10612,10612,10611,10611,10605,832,664,2021-01-01,9948,0,1,7,-83.3333333333333,"&#x2798;&#x2798;",23464,0,4.2618479372656,29.8329355608592,"&#128993;","&#128993;","&#128993;","&#128999;"
"Achtkarspelen","GM0059",2023-03-17,13727,13727,13725,13724,13721,620,832,2021-01-01,12895,0,2,6,-50,"&#x2798;&#x2798;",27957,0,7.15384340236792,21.4615302071038,"&#128999;","&#128999;","&#128999;","&#128999;"
"Ameland","GM0060",2023-03-17,1101,1101,1101,1101,1101,122,620,2021-01-01,481,0,0,0,0,"-",3749,0,0,0,"&#9989;","&#9989;","&#9989;","&#9989;"
"Harlingen","GM0072",2023-03-17,6432,6432,6430,6430,6430,227,122,2021-01-01,6310,0,2,2,200,"&#x279A;&#x279A;",15922,0,12.5612360256249,12.5612360256249,"&#128999;","&#128999;","&#128999;","&#9989;"
"Heerenveen","GM0074",2023-03-17,22889,22886,22878,22877,22863,939,227,2021-01-01,22662,3,11,26,-26.6666666666667,"&#x2798;",51211,5.85811642030033,21.4797602077679,50.7703423092695,"&#128999;","&#128999;","&#128999;","&#128999;"
"Leeuwarden","GM0080",2023-03-17,56958,56952,56935,56933,56909,2926,939,2021-01-01,56019,6,23,49,-11.5384615384615,"&#x2798;",125712,4.77281405116457,18.2957871961308,38.977981417844,"&#128999;","&#128999;","&#128999;","&#128999;"
"Ooststellingwerf","GM0085",2023-03-17,10332,10332,10328,10328,10325,505,2926,2021-01-01,7406,0,4,7,33.3333333333333,"&#x279A;",25714,0,15.5557283969822,27.2225246947188,"&#128999;","&#128999;","&#128999;","&#128999;"
"Opsterland","GM0086",2023-03-17,13089,13087,13083,13083,13077,514,505,2021-01-01,12584,2,6,12,0,"-",29791,6.7134369440435,20.1403108321305,40.280621664261,"&#128999;","&#128999;","&#128999;","&#128999;"
"Schiermonnikoog","GM0088",2023-03-17,279,279,279,279,279,7,514,2021-01-01,-235,0,0,0,0,"-",945,0,0,0,"&#9989;","&#9989;","&#9989;","&#9989;"
"Smallingerland","GM0090",2023-03-17,25075,25074,25070,25068,25062,1051,7,2021-01-01,25068,1,5,13,-37.5,"&#x2798;",55798,1.79217893114449,8.96089465572243,23.2983261048783,"&#128999;","&#128999;","&#128999;","&#128999;"
"Terschelling","GM0093",2023-03-17,1754,1754,1754,1754,1753,91,1051,2021-01-01,703,0,0,1,-100,"&#x2798;&#x2798;",4917,0,0,20.3376042302217,"&#9989;","&#9989;","&#9989;","&#128999;"
"Vlieland","GM0096",2023-03-17,445,445,444,444,444,21,91,2021-01-01,354,0,1,1,100,"&#x279A;",1198,0,83.4724540901503,83.4724540901503,"&#128721;","&#128721;","&#128721;","&#9989;"
"Weststellingwerf","GM0098",2023-03-17,10751,10749,10745,10744,10733,594,21,2021-01-01,10730,2,6,18,-50,"&#x2798;&#x2798;",26275,7.61179828734539,22.8353948620362,68.5061845861085,"&#128999;","&#128999;","&#128999;","&#128721;"
"Assen","GM0106",2023-03-17,30609,30604,30590,30587,30575,1525,594,2021-01-01,30015,5,19,34,26.6666666666667,"&#x279A;",69069,7.23913767392028,27.5087231608971,49.2261361826579,"&#128999;","&#128999;","&#128999;","&#128999;"
"Coevorden","GM0109",2023-03-17,15416,15415,15412,15411,15407,1119,1525,2021-01-01,13891,1,4,9,-20,"&#x2798;",35472,2.8191249436175,11.27649977447,25.3721244925575,"&#128999;","&#128999;","&#128999;","&#128999;"
"Emmen","GM0114",2023-03-17,48032,48021,48006,48004,47986,3677,1119,2021-01-01,46913,11,26,46,30,"&#x279A;",107958,10.1891476314863,24.0834398562404,42.6091628225792,"&#128999;","&#128999;","&#128999;","&#128999;"
"Hoogeveen","GM0118",2023-03-17,26792,26785,26777,26774,26765,2055,3677,2021-01-01,23115,7,15,27,25,"&#x279A;",55964,12.5080408834251,26.8029447501966,48.2453005503538,"&#128999;","&#128999;","&#128999;","&#128999;"
"Meppel","GM0119",2023-03-17,15946,15945,15940,15939,15933,988,2055,2021-01-01,13891,1,6,13,-14.2857142857143,"&#x2798;",34749,2.87778065555843,17.2666839333506,37.4111485222596,"&#128999;","&#128999;","&#128999;","&#128999;"
"Almelo","GM0141",2023-03-17,35572,35568,35557,35554,35546,4176,988,2021-01-01,34584,4,15,26,36.3636363636364,"&#x279A;",73164,5.46716964627412,20.501886173528,35.5366027007818,"&#128999;","&#128999;","&#128999;","&#128999;"
"Borne","GM0147",2023-03-17,12711,12711,12705,12705,12703,1276,4176,2021-01-01,8535,0,6,8,200,"&#x279A;&#x279A;",24095,0,24.9014318323304,33.2019091097738,"&#128999;","&#128999;","&#128999;","&#128999;"
"Dalfsen","GM0148",2023-03-17,14428,14427,14425,14425,14422,1088,1276,2021-01-01,13152,1,3,6,0,"-",29182,3.42676992666712,10.2803097800014,20.5606195600027,"&#128999;","&#128999;","&#128999;","&#128999;"
"Deventer","GM0150",2023-03-17,50140,50135,50120,50114,50093,4284,1088,2021-01-01,49052,5,20,47,-25.9259259259259,"&#x2798;",101553,4.92353746319656,19.6941498527862,46.2812521540476,"&#128999;","&#128999;","&#128999;","&#128999;"
"Enschede","GM0153",2023-03-17,79670,79661,79630,79626,79607,7509,4284,2021-01-01,75386,9,40,63,73.9130434782609,"&#x279A;",160341,5.61303721443673,24.9468320641633,39.2912605010571,"&#128999;","&#128999;","&#128999;","&#128999;"
"Haaksbergen","GM0158",2023-03-17,12275,12275,12273,12273,12270,1573,7509,2021-01-01,4766,0,2,5,-33.3333333333333,"&#x2798;",24257,0,8.24504266809581,20.6126066702395,"&#128999;","&#128999;","&#128999;","&#128999;"
"Hardenberg","GM0160",2023-03-17,31688,31687,31680,31679,31670,2365,1573,2021-01-01,30115,1,8,18,-20,"&#x2798;",61890,1.61576991436419,12.9261593149136,29.0838584585555,"&#128999;","&#128999;","&#128999;","&#128999;"
"Hellendoorn","GM0163",2023-03-17,19384,19384,19381,19380,19379,2091,2365,2021-01-01,17019,0,3,5,50,"&#x279A;",35998,0,8.33379632201789,13.8896605366965,"&#128999;","&#128999;","&#128999;","&#128999;"
"Hengelo","GM0164",2023-03-17,40086,40084,40064,40060,40045,4076,2091,2021-01-01,37995,2,22,41,15.7894736842105,"&#x279A;",81531,2.45305466632324,26.9836013295556,50.2876206596264,"&#128999;","&#128999;","&#128999;","&#128999;"
"Kampen","GM0166",2023-03-17,27311,27311,27303,27301,27294,1807,4076,2021-01-01,23235,0,8,17,-11.1111111111111,"&#x2798;",54902,0,14.5714181632727,30.9642635969546,"&#128999;","&#128999;","&#128999;","&#128999;"
"Losser","GM0168",2023-03-17,11641,11640,11640,11640,11637,1445,1807,2021-01-01,9834,1,1,4,-66.6666666666667,"&#x2798;&#x2798;",23142,4.32114769682828,4.32114769682828,17.2845907873131,"&#128993;","&#128165;","&#9989;","&#128999;"
"Noordoostpolder","GM0171",2023-03-17,21864,21864,21857,21857,21847,1844,1445,2021-01-01,20419,0,7,17,-30,"&#x2798;",48199,0,14.5231228863669,35.2704412954626,"&#128999;","&#128999;","&#128999;","&#128999;"
"Oldenzaal","GM0173",2023-03-17,16796,16796,16793,16793,16786,1830,1844,2021-01-01,14952,0,3,10,-57.1428571428571,"&#x2798;&#x2798;",31781,0,9.43960227809068,31.4653409269689,"&#128999;","&#128999;","&#128999;","&#128999;"
"Ommen","GM0175",2023-03-17,8909,8909,8906,8906,8901,578,1830,2021-01-01,7079,0,3,8,-40,"&#x2798;",18459,0,16.2522346822688,43.3392924860502,"&#128999;","&#128999;","&#128999;","&#128999;"
"Raalte","GM0177",2023-03-17,20096,20096,20089,20088,20080,1812,578,2021-01-01,19518,0,7,16,-22.2222222222222,"&#x2798;",38166,0,18.3409317193313,41.9221296441859,"&#128999;","&#128999;","&#128999;","&#128999;"
"Staphorst","GM0180",2023-03-17,9439,9439,9438,9438,9435,1012,1812,2021-01-01,7627,0,1,4,-66.6666666666667,"&#x2798;&#x2798;",17278,0,5.78770691052205,23.1508276420882,"&#128999;","&#128999;","&#128999;","&#128999;"
"Tubbergen","GM0183",2023-03-17,11443,11442,11440,11440,11432,1524,1012,2021-01-01,10431,1,3,11,-62.5,"&#x2798;&#x2798;",21359,4.68186712861089,14.0456013858327,51.5005384147198,"&#128999;","&#128999;","&#128999;","&#128721;"
"Urk","GM0184",2023-03-17,8431,8431,8431,8431,8431,1656,1524,2021-01-01,6907,0,0,0,0,"-",21507,0,0,0,"&#9989;","&#9989;","&#9989;","&#9989;"
"Wierden","GM0189",2023-03-17,13514,13514,13512,13512,13511,1881,1656,2021-01-01,11858,0,2,3,100,"&#x279A;",24677,0,8.10471289054585,12.1570693358188,"&#128999;","&#128999;","&#128999;","&#128993;"
"Zwolle","GM0193",2023-03-17,66765,66762,66734,66726,66689,3786,1881,2021-01-01,64884,3,31,76,-31.1111111111111,"&#x2798;",130943,2.29107321506304,23.6744232223181,58.0405214482637,"&#128999;","&#128999;","&#128999;","&#128999;"
"Aalten","GM0197",2023-03-17,12699,12698,12691,12691,12689,1044,3786,2021-01-01,8913,1,8,10,300,"&#x279A;&#x279A;",27122,3.68704372833862,29.4963498267089,36.8704372833862,"&#128999;","&#128999;","&#128999;","&#128999;"
"Apeldoorn","GM0200",2023-03-17,80451,80449,80419,80408,80355,5842,1044,2021-01-01,79407,2,32,96,-50,"&#x2798;&#x2798;",165741,1.20670202303594,19.3072323685751,57.9216971057252,"&#128999;","&#128999;","&#128999;","&#128721;"
"Arnhem","GM0202",2023-03-17,80808,80805,80763,80757,80697,6823,5842,2021-01-01,74966,3,45,111,-31.8181818181818,"&#x2798;",164319,1.82571705037153,27.385755755573,67.5515308637467,"&#128999;","&#128999;","&#128999;","&#128721;"
"Barneveld","GM0203",2023-03-17,32427,32427,32425,32422,32416,4059,6823,2021-01-01,25604,0,2,11,-77.7777777777778,"&#x2798;&#x2798;",60652,0,3.29750049462507,18.1362527204379,"&#128993;","&#128993;","&#128999;","&#128999;"
"Beuningen","GM0209",2023-03-17,13554,13553,13541,13538,13529,1034,4059,2021-01-01,9495,1,13,25,8.33333333333333,"&#x279A;",26242,3.81068516119198,49.5389070954958,95.2671290297996,"&#128721;","&#128721;","&#128721;","&#128721;"
"Brummen","GM0213",2023-03-17,9534,9534,9531,9531,9525,728,1034,2021-01-01,8500,0,3,9,-50,"&#x2798;&#x2798;",20866,0,14.3774561487587,43.1323684462762,"&#128999;","&#128999;","&#128999;","&#128999;"
"Buren","GM0214",2023-03-17,12570,12570,12566,12566,12559,1152,728,2021-01-01,11842,0,4,11,-42.8571428571429,"&#x2798;",27237,0,14.6859052024819,40.3862393068253,"&#128999;","&#128999;","&#128999;","&#128999;"
"Culemborg","GM0216",2023-03-17,14066,14066,14061,14060,14057,1333,1152,2021-01-01,12914,0,5,9,25,"&#x279A;",29320,0,17.0532060027285,30.6957708049113,"&#128999;","&#128999;","&#128999;","&#128999;"
"Doesburg","GM0221",2023-03-17,4803,4802,4799,4799,4798,386,1333,2021-01-01,3470,1,4,5,300,"&#x279A;&#x279A;",11037,9.06043308870164,36.2417323548066,45.3021654435082,"&#128721;","&#128721;","&#128999;","&#128999;"
"Doetinchem","GM0222",2023-03-17,29371,29371,29348,29332,29299,2122,386,2021-01-01,28985,0,23,72,-53.0612244897959,"&#x2798;&#x2798;",58593,0,39.2538357824313,122.881572884133,"&#128721;","&#128721;","&#128721;","&#128721;"
"Druten","GM0225",2023-03-17,9924,9924,9914,9914,9904,827,2122,2021-01-01,7802,0,10,20,0,"-",19191,0,52.1077588452921,104.215517690584,"&#128721;","&#128721;","&#128721;","&#128721;"
"Duiven","GM0226",2023-03-17,12221,12219,12213,12212,12206,1125,827,2021-01-01,11394,2,8,15,14.2857142857143,"&#x279A;",24908,8.02954873936085,32.1181949574434,60.2216155452064,"&#128999;","&#128999;","&#128999;","&#128999;"
"Ede","GM0228",2023-03-17,60539,60536,60508,60500,60464,6312,1125,2021-01-01,59414,3,31,75,-29.5454545454545,"&#x2798;",120101,2.49789760285093,25.811608562793,62.4474400712733,"&#128999;","&#128999;","&#128999;","&#128721;"
"Elburg","GM0230",2023-03-17,11656,11656,11655,11654,11651,976,6312,2021-01-01,5344,0,1,5,-75,"&#x2798;&#x2798;",23728,0,4.21443020903574,21.0721510451787,"&#128993;","&#128993;","&#128999;","&#128999;"
"Epe","GM0232",2023-03-17,15146,15146,15141,15140,15131,1223,976,2021-01-01,14170,0,5,15,-50,"&#x2798;&#x2798;",33218,0,15.0520801974833,45.1562405924499,"&#128999;","&#128999;","&#128999;","&#128999;"
"Ermelo","GM0233",2023-03-17,13436,13436,13433,13433,13424,1357,1223,2021-01-01,12213,0,3,12,-66.6666666666667,"&#x2798;&#x2798;",27268,0,11.0019069972129,44.0076279888514,"&#128999;","&#128999;","&#128999;","&#128999;"
"Harderwijk","GM0243",2023-03-17,24951,24951,24939,24937,24926,2080,1357,2021-01-01,23594,0,12,25,-7.69230769230769,"&#x2798;",48824,0,24.5780763558905,51.2043257414386,"&#128999;","&#128999;","&#128999;","&#128999;"
"Hattem","GM0244",2023-03-17,6059,6059,6057,6055,6053,405,2080,2021-01-01,3979,0,2,6,-50,"&#x2798;&#x2798;",12312,0,16.2443144899285,48.7329434697856,"&#128999;","&#128999;","&#128999;","&#128999;"
"Heerde","GM0246",2023-03-17,8597,8596,8591,8590,8584,600,405,2021-01-01,8192,1,6,13,-14.2857142857143,"&#x2798;",19038,5.25265258955773,31.5159155373464,68.2844836642504,"&#128999;","&#128999;","&#128999;","&#128721;"
"Heumen","GM0252",2023-03-17,8417,8416,8415,8414,8409,753,600,2021-01-01,7817,1,2,8,-66.6666666666667,"&#x2798;&#x2798;",16918,5.91086416834141,11.8217283366828,47.2869133467313,"&#128999;","&#128999;","&#128999;","&#128721;"
"Lochem","GM0262",2023-03-17,14892,14891,14885,14885,14870,1093,753,2021-01-01,14139,1,7,22,-53.3333333333333,"&#x2798;&#x2798;",34086,2.93375579416769,20.5362905591739,64.5426274716893,"&#128999;","&#128999;","&#128999;","&#128721;"
"Maasdriel","GM0263",2023-03-17,13235,13235,13230,13230,13225,1224,1093,2021-01-01,12142,0,5,10,0,"-",25618,0,19.5175267390116,39.0350534780233,"&#128999;","&#128999;","&#128999;","&#128999;"
"Nijkerk","GM0267",2023-03-17,23376,23370,23362,23359,23345,2312,1224,2021-01-01,22152,6,14,31,-17.6470588235294,"&#x2798;",44436,13.5025654874426,31.5059861373661,69.7632550184535,"&#128999;","&#128999;","&#128999;","&#128721;"
"Nijmegen","GM0268",2023-03-17,95975,95972,95928,95917,95852,7484,2312,2021-01-01,93663,3,47,123,-38.1578947368421,"&#x2798;",179494,1.67136505955631,26.1847192663822,68.5259674418086,"&#128999;","&#128999;","&#128999;","&#128721;"
"Oldebroek","GM0269",2023-03-17,11944,11944,11943,11943,11941,958,7484,2021-01-01,4460,0,1,3,-50,"&#x2798;&#x2798;",23974,0,4.17118545090515,12.5135563527154,"&#128993;","&#128993;","&#128993;","&#128999;"
"Putten","GM0273",2023-03-17,12808,12808,12806,12806,12803,1309,958,2021-01-01,11850,0,2,5,-33.3333333333333,"&#x2798;",24627,0,8.12116782393308,20.3029195598327,"&#128999;","&#128999;","&#128999;","&#128999;"
"Renkum","GM0274",2023-03-17,13118,13115,13104,13102,13079,1104,1309,2021-01-01,11809,3,14,39,-44,"&#x2798;",31320,9.57854406130268,44.6998722860792,124.521072796935,"&#128721;","&#128721;","&#128721;","&#128721;"
"Rheden","GM0275",2023-03-17,19911,19910,19904,19902,19878,1725,1104,2021-01-01,18807,1,7,33,-73.0769230769231,"&#x2798;&#x2798;",43458,2.30107229969166,16.1075060978416,75.9353858898247,"&#128999;","&#128999;","&#128999;","&#128721;"
"Rozendaal","GM0277",2023-03-17,942,942,942,939,939,62,1725,2021-01-01,-783,0,0,3,-100,"&#x2798;&#x2798;",1755,0,0,170.940170940171,"&#9989;","&#9989;","&#x1F7E3;","&#x1F7E3;"
"Scherpenzeel","GM0279",2023-03-17,5530,5530,5528,5528,5527,619,62,2021-01-01,5468,0,2,3,100,"&#x279A;",10317,0,19.3854802752738,29.0782204129107,"&#128999;","&#128999;","&#128999;","&#128999;"
"Tiel","GM0281",2023-03-17,20887,20885,20878,20875,20865,1953,619,2021-01-01,20268,2,9,22,-30.7692307692308,"&#x2798;",42294,4.72880313992529,21.2796141296638,52.0168345391781,"&#128999;","&#128999;","&#128999;","&#128999;"
"Voorst","GM0285",2023-03-17,12513,12513,12507,12507,12502,860,1953,2021-01-01,10560,0,6,11,20,"&#x279A;",25019,0,23.9817738518726,43.9665853950997,"&#128999;","&#128999;","&#128999;","&#128999;"
"Wageningen","GM0289",2023-03-17,19285,19281,19266,19259,19244,1509,860,2021-01-01,18425,4,19,41,-13.6363636363636,"&#x2798;",40056,9.98601957259836,47.4335929698422,102.356700619133,"&#128721;","&#128721;","&#128721;","&#128721;"
"Westervoort","GM0293",2023-03-17,7162,7162,7159,7156,7151,616,1509,2021-01-01,5653,0,3,11,-62.5,"&#x2798;&#x2798;",14943,0,20.0762899016262,73.6130629726293,"&#128999;","&#128999;","&#128721;","&#128721;"
"Winterswijk","GM0294",2023-03-17,13466,13465,13463,13461,13459,959,616,2021-01-01,12850,1,3,7,-25,"&#x2798;",29144,3.43123799066703,10.2937139720011,24.0186659346692,"&#128999;","&#128999;","&#128999;","&#128999;"
"Wijchen","GM0296",2023-03-17,21370,21369,21359,21356,21343,1968,959,2021-01-01,20411,1,11,27,-31.25,"&#x2798;",41302,2.42119025713041,26.6330928284345,65.3721369425209,"&#128999;","&#128999;","&#128999;","&#128721;"
"Zaltbommel","GM0297",2023-03-17,15009,15009,15006,15006,15002,1775,1968,2021-01-01,13041,0,3,7,-25,"&#x2798;",30041,0,9.98635198561965,23.3014879664459,"&#128999;","&#128999;","&#128999;","&#128999;"
"Zevenaar","GM0299",2023-03-17,20824,20822,20812,20811,20793,1407,1775,2021-01-01,19049,2,12,31,-36.8421052631579,"&#x2798;",44676,4.476676515355,26.86005909213,69.3884859880025,"&#128999;","&#128999;","&#128999;","&#128721;"
"Zutphen","GM0301",2023-03-17,22232,22230,22225,22223,22213,1530,1407,2021-01-01,20825,2,7,19,-41.6666666666667,"&#x2798;",48322,4.13890153553247,14.4861553743636,39.3195645875585,"&#128999;","&#128999;","&#128999;","&#128999;"
"Nunspeet","GM0302",2023-03-17,13798,13795,13791,13789,13788,1134,1530,2021-01-01,12268,3,7,10,133.333333333333,"&#x279A;&#x279A;",28233,10.6258633513973,24.7936811532604,35.4195445046577,"&#128999;","&#128999;","&#128999;","&#128999;"
"Dronten","GM0303",2023-03-17,19051,19050,19047,19047,19042,1584,1134,2021-01-01,17917,1,4,9,-20,"&#x2798;",43026,2.32417607957979,9.29670431831916,20.9175847162181,"&#128999;","&#128999;","&#128999;","&#128999;"
"Amersfoort","GM0307",2023-03-17,84995,84995,84978,84976,84958,7690,1584,2021-01-01,83411,0,17,37,-15,"&#x2798;",158836,0,10.7028633307311,23.2944672492382,"&#128999;","&#128999;","&#128999;","&#128999;"
"Baarn","GM0308",2023-03-17,11920,11920,11919,11918,11909,1128,7690,2021-01-01,4230,0,1,11,-90,"&#x2798;&#x2798;",24881,0,4.01913106386399,44.2104417025039,"&#128993;","&#128993;","&#128999;","&#128721;"
"De Bilt","GM0310",2023-03-17,20385,20385,20380,20380,20356,1982,1128,2021-01-01,19257,0,5,29,-79.1666666666667,"&#x2798;&#x2798;",43486,0,11.4979533643012,66.6881295129467,"&#128999;","&#128999;","&#128999;","&#128721;"
"Bunnik","GM0312",2023-03-17,7288,7288,7287,7287,7287,622,1982,2021-01-01,5306,0,1,1,100,"&#x279A;",15684,0,6.37592450905381,6.37592450905381,"&#128999;","&#128999;","&#128999;","&#9989;"
"Bunschoten","GM0313",2023-03-17,13297,13297,13295,13294,13293,2381,622,2021-01-01,12675,0,2,4,0,"-",22323,0,8.95936926040407,17.9187385208081,"&#128999;","&#128999;","&#128999;","&#128999;"
"Eemnes","GM0317",2023-03-17,4714,4714,4714,4714,4714,441,2381,2021-01-01,2333,0,0,0,0,"-",9462,0,0,0,"&#9989;","&#9989;","&#9989;","&#9989;"
"Houten","GM0321",2023-03-17,25486,25486,25481,25481,25473,2177,441,2021-01-01,25045,0,5,13,-37.5,"&#x2798;",50305,0,9.93936984395189,25.8423615942749,"&#128999;","&#128999;","&#128999;","&#128999;"
"Leusden","GM0327",2023-03-17,15732,15731,15724,15724,15719,1249,2177,2021-01-01,13555,1,8,13,60,"&#x279A;",30756,3.25139810118351,26.0111848094681,42.2681753153856,"&#128999;","&#128999;","&#128999;","&#128999;"
"Lopik","GM0331",2023-03-17,7064,7064,7062,7062,7059,723,1249,2021-01-01,5815,0,2,5,-33.3333333333333,"&#x2798;",14540,0,13.7551581843191,34.3878954607978,"&#128999;","&#128999;","&#128999;","&#128999;"
"Montfoort","GM0335",2023-03-17,7435,7435,7433,7433,7431,723,723,2021-01-01,6712,0,2,4,0,"-",13813,0,14.4791138782307,28.9582277564613,"&#128999;","&#128999;","&#128999;","&#128999;"
"Renswoude","GM0339",2023-03-17,2964,2964,2964,2964,2964,320,723,2021-01-01,2241,0,0,0,0,"-",5637,0,0,0,"&#9989;","&#9989;","&#9989;","&#9989;"
"Rhenen","GM0340",2023-03-17,10491,10491,10490,10490,10489,1280,320,2021-01-01,10171,0,1,2,0,"-",20253,0,4.93754011751346,9.87508023502691,"&#128993;","&#128993;","&#128993;","&#128993;"
"Soest","GM0342",2023-03-17,23026,23026,23021,23019,23008,2254,1280,2021-01-01,21746,0,5,18,-61.5384615384615,"&#x2798;&#x2798;",47104,0,10.6148097826087,38.2133152173913,"&#128999;","&#128999;","&#128999;","&#128999;"
"Utrecht","GM0344",2023-03-17,197792,197791,197751,197745,197707,17981,2254,2021-01-01,195538,1,41,85,-6.81818181818182,"&#x2798;",362715,0.275698551204113,11.3036405993687,23.4343768523496,"&#128999;","&#128999;","&#128999;","&#128999;"
"Veenendaal","GM0345",2023-03-17,36722,36722,36716,36715,36707,4697,17981,2021-01-01,18741,0,6,15,-33.3333333333333,"&#x2798;",67789,0,8.85099352402307,22.1274838100577,"&#128999;","&#128999;","&#128999;","&#128999;"
"Woudenberg","GM0351",2023-03-17,7793,7793,7790,7790,7788,828,4697,2021-01-01,3096,0,3,5,50,"&#x279A;",13921,0,21.5501759931039,35.9169599885066,"&#128999;","&#128999;","&#128999;","&#128999;"
"Wijk bij Duurstede","GM0352",2023-03-17,11083,11083,11081,11080,11074,893,828,2021-01-01,10255,0,2,9,-71.4285714285714,"&#x2798;&#x2798;",23942,0,8.35352100910534,37.590844540974,"&#128999;","&#128999;","&#128999;","&#128999;"
"IJsselstein","GM0353",2023-03-17,17702,17702,17700,17697,17690,1521,893,2021-01-01,16809,0,2,12,-80,"&#x2798;&#x2798;",33443,0,5.98032473163293,35.8819483897976,"&#128999;","&#128999;","&#128999;","&#128999;"
"Zeist","GM0355",2023-03-17,31550,31550,31541,31540,31527,2769,1521,2021-01-01,30029,0,9,23,-35.7142857142857,"&#x2798;",66019,0,13.6324391463064,34.8384555961163,"&#128999;","&#128999;","&#128999;","&#128999;"
"Nieuwegein","GM0356",2023-03-17,29640,29639,29624,29623,29604,2514,2769,2021-01-01,26871,1,16,36,-20,"&#x2798;",64529,1.54969083667808,24.7950533868493,55.788870120411,"&#128999;","&#128999;","&#128999;","&#128999;"
"Aalsmeer","GM0358",2023-03-17,17056,17056,17050,17046,17035,1481,2514,2021-01-01,14542,0,6,21,-60,"&#x2798;&#x2798;",32532,0,18.4433788270011,64.5518258945039,"&#128999;","&#128999;","&#128999;","&#128721;"
"Alkmaar","GM0361",2023-03-17,52455,52454,52445,52440,52408,4215,1481,2021-01-01,50974,1,10,47,-72.972972972973,"&#x2798;&#x2798;",110834,0.9022502120288,9.022502120288,42.4057599653536,"&#128999;","&#128999;","&#128999;","&#128999;"
"Amstelveen","GM0362",2023-03-17,43189,43186,43175,43174,43163,3968,4215,2021-01-01,38974,3,14,26,16.6666666666667,"&#x279A;",92509,3.24292771514123,15.1336626706591,28.105373531224,"&#128999;","&#128999;","&#128999;","&#128999;"
"Amsterdam","GM0363",2023-03-17,443537,443511,443431,443413,443259,52734,3968,2021-01-01,439569,26,106,278,-38.3720930232558,"&#x2798;",885941,2.93473267407198,11.9646793635242,31.3790647458465,"&#128999;","&#128999;","&#128999;","&#128999;"
"Bergen (NH.)","GM0373",2023-03-17,12521,12521,12516,12514,12509,1212,52734,2021-01-01,-40213,0,5,12,-28.5714285714286,"&#x2798;",29756,0,16.8033337814222,40.3280010754134,"&#128999;","&#128999;","&#128999;","&#128999;"
"Beverwijk","GM0375",2023-03-17,20128,20128,20122,20120,20111,1743,1212,2021-01-01,18916,0,6,17,-45.4545454545455,"&#x2798;",42133,0,14.2406189922389,40.3484204780101,"&#128999;","&#128999;","&#128999;","&#128999;"
"Blaricum","GM0376",2023-03-17,5624,5624,5623,5623,5622,495,1743,2021-01-01,3881,0,1,2,0,"-",12385,0,8.0742834073476,16.1485668146952,"&#128999;","&#128999;","&#128999;","&#128999;"
"Bloemendaal","GM0377",2023-03-17,11681,11681,11678,11678,11676,797,495,2021-01-01,11186,0,3,5,50,"&#x279A;",23679,0,12.6694539465349,21.1157565775582,"&#128999;","&#128999;","&#128999;","&#128999;"
"Castricum","GM0383",2023-03-17,16857,16857,16852,16850,16845,1351,797,2021-01-01,16060,0,5,12,-28.5714285714286,"&#x2798;",36265,0,13.7873983179374,33.0897559630498,"&#128999;","&#128999;","&#128999;","&#128999;"
"Diemen","GM0384",2023-03-17,15768,15767,15762,15762,15759,1827,1351,2021-01-01,14417,1,6,9,100,"&#x279A;",32011,3.1239261503858,18.7435569023148,28.1153353534722,"&#128999;","&#128999;","&#128999;","&#128999;"
"Edam-Volendam","GM0385",2023-03-17,19951,19950,19941,19940,19936,1740,1827,2021-01-01,18124,1,10,15,100,"&#x279A;",36439,2.74431241252504,27.4431241252504,41.1646861878756,"&#128999;","&#128999;","&#128999;","&#128999;"
"Enkhuizen","GM0388",2023-03-17,7870,7870,7870,7870,7869,1016,1740,2021-01-01,6130,0,0,1,-100,"&#x2798;&#x2798;",18652,0,0,5.36135535063264,"&#9989;","&#9989;","&#9989;","&#128999;"
"Haarlem","GM0392",2023-03-17,80570,80564,80551,80541,80504,6600,1016,2021-01-01,79554,6,19,66,-59.5744680851064,"&#x2798;&#x2798;",163065,3.67951430411186,11.6517952963542,40.4746573452304,"&#128999;","&#128999;","&#128999;","&#128999;"
"Haarlemmermeer","GM0394",2023-03-17,76868,76863,76846,76834,76799,7162,6600,2021-01-01,70268,5,22,69,-53.1914893617021,"&#x2798;&#x2798;",159342,3.1379046328024,13.8067803843306,43.3030839326731,"&#128999;","&#128999;","&#128999;","&#128999;"
"Heemskerk","GM0396",2023-03-17,19038,19037,19032,19031,19024,1748,7162,2021-01-01,11876,1,6,14,-25,"&#x2798;",39145,2.55460467492655,15.3276280495593,35.7644654489718,"&#128999;","&#128999;","&#128999;","&#128999;"
"Heemstede","GM0397",2023-03-17,13576,13575,13571,13569,13565,1017,1748,2021-01-01,11828,1,5,11,-16.6666666666667,"&#x2798;",27578,3.62607875843063,18.1303937921532,39.886866342737,"&#128999;","&#128999;","&#128999;","&#128999;"
"Heiloo","GM0399",2023-03-17,10931,10931,10928,10927,10923,817,1017,2021-01-01,9914,0,3,8,-40,"&#x2798;",24430,0,12.2799836266885,32.7466230045027,"&#128999;","&#128999;","&#128999;","&#128999;"
"Den Helder","GM0400",2023-03-17,25705,25705,25697,25696,25669,1700,817,2021-01-01,24888,0,8,36,-71.4285714285714,"&#x2798;&#x2798;",56356,0,14.1954716445454,63.8796224004543,"&#128999;","&#128999;","&#128999;","&#128721;"
"Hilversum","GM0402",2023-03-17,41830,41830,41826,41816,41811,3456,1700,2021-01-01,40130,0,4,19,-73.3333333333333,"&#x2798;&#x2798;",91840,0,4.35540069686411,20.6881533101045,"&#128993;","&#128993;","&#128999;","&#128999;"
"Hoorn","GM0405",2023-03-17,36121,36120,36117,36115,36107,3126,3456,2021-01-01,32665,1,4,14,-60,"&#x2798;&#x2798;",74397,1.34414022070782,5.3765608828313,18.8179630899095,"&#128999;","&#128999;","&#128999;","&#128999;"
"Huizen","GM0406",2023-03-17,19332,19332,19332,19330,19326,2251,3126,2021-01-01,16206,0,0,6,-100,"&#x2798;&#x2798;",40962,0,0,14.6477222791856,"&#9989;","&#9989;","&#128993;","&#128999;"
"Landsmeer","GM0415",2023-03-17,5881,5881,5881,5881,5881,530,2251,2021-01-01,3630,0,0,0,0,"-",11565,0,0,0,"&#9989;","&#9989;","&#9989;","&#9989;"
"Laren","GM0417",2023-03-17,5154,5154,5152,5152,5152,529,530,2021-01-01,4624,0,2,2,200,"&#x279A;&#x279A;",11571,0,17.2845907873131,17.2845907873131,"&#128999;","&#128999;","&#128999;","&#9989;"
"Medemblik","GM0420",2023-03-17,20977,20976,20969,20969,20961,2086,529,2021-01-01,20448,1,8,16,0,"-",45478,2.1988653854611,17.5909230836888,35.1818461673776,"&#128999;","&#128999;","&#128999;","&#128999;"
"Oostzaan","GM0431",2023-03-17,4821,4820,4818,4818,4815,540,2086,2021-01-01,2735,1,3,6,0,"-",9665,10.3466114847387,31.0398344542162,62.0796689084325,"&#128999;","&#128999;","&#128999;","&#128999;"
"Opmeer","GM0432",2023-03-17,5774,5774,5773,5773,5773,466,540,2021-01-01,5234,0,1,1,100,"&#x279A;",12126,0,8.246742536698,8.246742536698,"&#128999;","&#128999;","&#128999;","&#9989;"
"Ouder-Amstel","GM0437",2023-03-17,7110,7110,7107,7107,7106,755,466,2021-01-01,6644,0,3,4,200,"&#x279A;&#x279A;",14187,0,21.1461196870374,28.1948262493832,"&#128999;","&#128999;","&#128999;","&#128999;"
"Purmerend","GM0439",2023-03-17,43512,43511,43481,43478,43452,3423,755,2021-01-01,42757,1,31,60,6.89655172413792,"&#x279A;",92504,1.08103433365044,33.5120643431635,64.8620600190262,"&#128999;","&#128999;","&#128721;","&#128999;"
"Schagen","GM0441",2023-03-17,21200,21198,21195,21193,21185,1846,3423,2021-01-01,17777,2,5,15,-50,"&#x2798;&#x2798;",46856,4.26839679016561,10.670991975414,32.0129759262421,"&#128999;","&#128999;","&#128999;","&#128999;"
"Texel","GM0448",2023-03-17,4260,4260,4260,4260,4258,256,1846,2021-01-01,2414,0,0,2,-100,"&#x2798;&#x2798;",13690,0,0,14.609203798393,"&#9989;","&#9989;","&#9989;","&#128999;"
"Uitgeest","GM0450",2023-03-17,6996,6996,6996,6996,6996,680,256,2021-01-01,6740,0,0,0,0,"-",13534,0,0,0,"&#9989;","&#9989;","&#9989;","&#9989;"
"Uithoorn","GM0451",2023-03-17,14763,14763,14761,14759,14759,1262,680,2021-01-01,14083,0,2,4,0,"-",31004,0,6.45078054444588,12.9015610888918,"&#128999;","&#128999;","&#128999;","&#128999;"
"Velsen","GM0453",2023-03-17,32692,32690,32659,32652,32638,3140,1262,2021-01-01,31430,2,33,54,57.1428571428571,"&#x279A;",68452,2.9217553906387,48.2089639455385,78.8873955472448,"&#128721;","&#128721;","&#128721;","&#128999;"
"Zandvoort","GM0473",2023-03-17,7331,7329,7328,7328,7327,684,3140,2021-01-01,4191,2,3,4,200,"&#x279A;&#x279A;",17161,11.6543324981062,17.4814987471593,23.3086649962123,"&#128999;","&#128999;","&#128999;","&#128999;"
"Zaanstad","GM0479",2023-03-17,74524,74520,74476,74453,74422,8221,684,2021-01-01,73840,4,48,102,-11.1111111111111,"&#x2798;",157375,2.54169976171565,30.5003971405878,64.813343923749,"&#128999;","&#128999;","&#128721;","&#128999;"
"Alblasserdam","GM0482",2023-03-17,10192,10191,10188,10187,10184,1297,8221,2021-01-01,1971,1,4,8,0,"-",20129,4.96795667941775,19.871826717671,39.743653435342,"&#128999;","&#128999;","&#128999;","&#128999;"
"Alphen aan den Rijn","GM0484",2023-03-17,55101,55101,55090,55088,55072,6092,1297,2021-01-01,53804,0,11,29,-38.8888888888889,"&#x2798;",113026,0,9.73227399005539,25.6578132465097,"&#128999;","&#128999;","&#128999;","&#128999;"
"Barendrecht","GM0489",2023-03-17,24925,24924,24917,24916,24911,2770,6092,2021-01-01,18833,1,8,14,33.3333333333333,"&#x279A;",48712,2.05288224667433,16.4230579733946,28.7403514534406,"&#128999;","&#128999;","&#128999;","&#128999;"
"Drechterland","GM0498",2023-03-17,9311,9311,9311,9311,9309,903,2770,2021-01-01,6541,0,0,2,-100,"&#x2798;&#x2798;",20006,0,0,9.99700089973008,"&#9989;","&#9989;","&#9989;","&#128999;"
"Brielle","GM0501",2023-03-17,0,0,0,0,0,746,903,2021-01-01,-903,0,0,0,0,"-",17750,0,0,0,"&#9989;","&#9989;","&#9989;","&#9989;"
"Capelle aan den IJssel","GM0502",2023-03-17,31212,31212,31209,31208,31203,3808,746,2021-01-01,30466,0,3,9,-50,"&#x2798;&#x2798;",67281,0,4.4589111339011,13.3767334017033,"&#128993;","&#128993;","&#128999;","&#128999;"
"Delft","GM0503",2023-03-17,49432,49428,49383,49380,49359,5029,3808,2021-01-01,45624,4,49,73,104.166666666667,"&#x279A;&#x279A;",104638,3.82270303331486,46.828112158107,69.7643303579961,"&#128721;","&#128721;","&#128721;","&#128999;"
"Dordrecht","GM0505",2023-03-17,59175,59165,59143,59138,59088,6991,5029,2021-01-01,54146,10,32,87,-41.8181818181818,"&#x2798;",119589,8.36197309117059,26.7583138917459,72.7491658931842,"&#128999;","&#128999;","&#128999;","&#128721;"
"Gorinchem","GM0512",2023-03-17,18816,18816,18815,18815,18808,2083,6991,2021-01-01,11825,0,1,8,-85.7142857142857,"&#x2798;&#x2798;",37858,0,2.6414496275556,21.1315970204448,"&#128993;","&#128993;","&#128993;","&#128999;"
"Gouda","GM0513",2023-03-17,36509,36508,36498,36487,36481,4136,2083,2021-01-01,34426,1,11,28,-35.2941176470588,"&#x2798;",74131,1.34896332168728,14.8385965385601,37.7709730072439,"&#128999;","&#128999;","&#128999;","&#128999;"
"'s-Gravenhage","GM0518",2023-03-17,245415,245401,245210,245198,245123,28625,4136,2021-01-01,241279,14,205,292,135.632183908046,"&#x279A;&#x279A;",553769,2.52812996032642,37.0190458476368,52.729567743951,"&#128721;","&#128721;","&#128721;","&#128999;"
"Hardinxveld-Giessendam","GM0523",2023-03-17,10077,10077,10077,10076,10076,1164,28625,2021-01-01,-18548,0,0,1,-100,"&#x2798;&#x2798;",18501,0,0,5.40511323712232,"&#9989;","&#9989;","&#128999;","&#128999;"
"Hellevoetsluis","GM0530",2023-03-17,0,0,0,0,0,1571,1164,2021-01-01,-1164,0,0,0,0,"-",40620,0,0,0,"&#9989;","&#9989;","&#9989;","&#9989;"
"Hendrik-Ido-Ambacht","GM0531",2023-03-17,16515,16514,16509,16508,16504,1769,1571,2021-01-01,14944,1,6,11,20,"&#x279A;",31767,3.14792079831271,18.8875247898763,34.6271287814399,"&#128999;","&#128999;","&#128999;","&#128999;"
"Stede Broec","GM0532",2023-03-17,9873,9873,9872,9872,9869,987,1769,2021-01-01,8104,0,1,4,-66.6666666666667,"&#x2798;&#x2798;",21943,0,4.55726199699221,18.2290479879688,"&#128993;","&#128993;","&#128993;","&#128999;"
"Hillegom","GM0534",2023-03-17,10108,10107,10107,10107,10104,862,987,2021-01-01,9121,1,1,4,-66.6666666666667,"&#x2798;&#x2798;",22295,4.48531060775959,4.48531060775959,17.9412424310383,"&#128993;","&#128165;","&#9989;","&#128999;"
"Katwijk","GM0537",2023-03-17,34579,34578,34568,34567,34561,4184,862,2021-01-01,33717,1,11,18,57.1428571428571,"&#x279A;",66160,1.51148730350665,16.6263603385732,27.2067714631197,"&#128999;","&#128999;","&#128999;","&#128999;"
"Krimpen aan den IJssel","GM0542",2023-03-17,14044,14044,14040,14040,14036,1889,4184,2021-01-01,9860,0,4,8,0,"-",29431,0,13.5911114131358,27.1822228262716,"&#128999;","&#128999;","&#128999;","&#128999;"
"Leiden","GM0546",2023-03-17,61812,61808,61777,61772,61752,5631,1889,2021-01-01,59923,4,35,60,40,"&#x279A;",125304,3.1922364808785,27.9320692076869,47.8835472131776,"&#128999;","&#128999;","&#128999;","&#128999;"
"Leiderdorp","GM0547",2023-03-17,12695,12695,12687,12687,12681,1224,5631,2021-01-01,7064,0,8,14,33.3333333333333,"&#x279A;",27443,0,29.151331851474,51.0148307400794,"&#128999;","&#128999;","&#128999;","&#128999;"
"Lisse","GM0553",2023-03-17,10932,10932,10929,10929,10925,1050,1224,2021-01-01,9708,0,3,7,-25,"&#x2798;",23005,0,13.0406433384047,30.428167789611,"&#128999;","&#128999;","&#128999;","&#128999;"
"Maassluis","GM0556",2023-03-17,15058,15057,15054,15053,15049,1925,1050,2021-01-01,14008,1,4,9,-20,"&#x2798;",34408,2.90630086026505,11.6252034410602,26.1567077423855,"&#128999;","&#128999;","&#128999;","&#128999;"
"Nieuwkoop","GM0569",2023-03-17,14823,14823,14814,14810,14805,1417,1925,2021-01-01,12898,0,9,18,0,"-",29284,0,30.7335063515913,61.4670127031826,"&#128999;","&#128999;","&#128721;","&#128999;"
"Noordwijk","GM0575",2023-03-17,21078,21078,21071,21071,21064,1983,1417,2021-01-01,19661,0,7,14,0,"-",44390,0,15.7693174138319,31.5386348276639,"&#128999;","&#128999;","&#128999;","&#128999;"
"Oegstgeest","GM0579",2023-03-17,12036,12034,12028,12028,12023,1144,1983,2021-01-01,10053,2,8,13,60,"&#x279A;",25534,7.83269366335083,31.3307746534033,50.9125088117804,"&#128999;","&#128999;","&#128999;","&#128999;"
"Oudewater","GM0589",2023-03-17,4712,4712,4712,4711,4710,524,1144,2021-01-01,3568,0,0,2,-100,"&#x2798;&#x2798;",10166,0,0,19.6734212079481,"&#9989;","&#9989;","&#128999;","&#128999;"
"Papendrecht","GM0590",2023-03-17,15286,15282,15261,15259,15241,1657,524,2021-01-01,14762,4,25,45,25,"&#x279A;",32151,12.4412926503064,77.7580790644148,139.964542315947,"&#128721;","&#128721;","&#128721;","&#128721;"
"Ridderkerk","GM0597",2023-03-17,22282,22282,22272,22272,22264,2635,1657,2021-01-01,20625,0,10,18,25,"&#x279A;",47058,0,21.2503718815079,38.2506693867143,"&#128999;","&#128999;","&#128999;","&#128999;"
"Rotterdam","GM0599",2023-03-17,318073,318065,317965,317951,317859,42151,2635,2021-01-01,315438,8,108,214,1.88679245283019,"-",656338,1.2188841724843,16.454936328538,32.605151613955,"&#128999;","&#128999;","&#128999;","&#128999;"
"Rijswijk","GM0603",2023-03-17,25597,25593,25568,25566,25559,2696,42151,2021-01-01,-16554,4,29,38,222.222222222222,"&#x279A;&#x279A;",57220,6.99056274030059,50.6815798671793,66.4103460328556,"&#128721;","&#128721;","&#128721;","&#128999;"
"Schiedam","GM0606",2023-03-17,35933,35932,35918,35918,35912,5044,2696,2021-01-01,33237,1,15,21,150,"&#x279A;&#x279A;",79759,1.25377700322221,18.8066550483331,26.3293170676663,"&#128999;","&#128999;","&#128999;","&#128999;"
"Sliedrecht","GM0610",2023-03-17,13367,13365,13362,13362,13354,1627,5044,2021-01-01,8323,2,5,13,-37.5,"&#x2798;",25942,7.70950582067689,19.2737645516922,50.1117878343998,"&#128999;","&#128999;","&#128999;","&#128999;"
"Albrandswaard","GM0613",2023-03-17,13434,13434,13431,13429,13421,1685,1627,2021-01-01,11807,0,3,13,-70,"&#x2798;&#x2798;",25990,0,11.5429011158138,50.0192381685264,"&#128999;","&#128999;","&#128999;","&#128721;"
"Westvoorne","GM0614",2023-03-17,0,0,0,0,0,545,1685,2021-01-01,-1685,0,0,0,0,"-",14950,0,0,0,"&#9989;","&#9989;","&#9989;","&#9989;"
"Vlaardingen","GM0622",2023-03-17,34582,34581,34568,34566,34550,4625,545,2021-01-01,34037,1,14,32,-22.2222222222222,"&#x2798;",74119,1.34918172128604,18.8885440980046,43.1738150811533,"&#128999;","&#128999;","&#128999;","&#128999;"
"Voorschoten","GM0626",2023-03-17,11723,11723,11717,11717,11715,975,4625,2021-01-01,7098,0,6,8,200,"&#x279A;&#x279A;",25560,0,23.4741784037559,31.2989045383412,"&#128999;","&#128999;","&#128999;","&#128999;"
"Waddinxveen","GM0627",2023-03-17,15336,15336,15331,15330,15327,1493,975,2021-01-01,14361,0,5,9,25,"&#x279A;",31451,0,15.8977456996598,28.6159422593876,"&#128999;","&#128999;","&#128999;","&#128999;"
"Wassenaar","GM0629",2023-03-17,11614,11610,11597,11596,11592,1044,1493,2021-01-01,10121,4,17,22,240,"&#x279A;&#x279A;",27252,14.6778218112432,62.3807426977837,80.7280199618377,"&#128721;","&#128721;","&#128721;","&#128999;"
"Woerden","GM0632",2023-03-17,26915,26915,26913,26912,26908,2532,1044,2021-01-01,25871,0,2,7,-60,"&#x2798;&#x2798;",52951,0,3.77707692017148,13.2197692206002,"&#128993;","&#128993;","&#128999;","&#128999;"
"Zoetermeer","GM0637",2023-03-17,58353,58352,58316,58315,58302,6149,2532,2021-01-01,55821,1,37,51,164.285714285714,"&#x279A;&#x279A;",125840,0.794659885568976,29.4024157660521,40.5276541640178,"&#128999;","&#128999;","&#128999;","&#128999;"
"Zoeterwoude","GM0638",2023-03-17,4769,4769,4768,4768,4765,387,6149,2021-01-01,-1380,0,1,4,-66.6666666666667,"&#x2798;&#x2798;",9320,0,10.7296137339056,42.9184549356223,"&#128999;","&#128999;","&#128999;","&#128999;"
"Zwijndrecht","GM0642",2023-03-17,20824,20822,20814,20812,20800,2609,387,2021-01-01,20437,2,10,24,-28.5714285714286,"&#x2798;",44728,4.47147200858523,22.3573600429261,53.6576641030227,"&#128999;","&#128999;","&#128999;","&#128999;"
"Borsele","GM0654",2023-03-17,11517,11517,11515,11515,11511,512,2609,2021-01-01,8908,0,2,6,-50,"&#x2798;&#x2798;",22837,0,8.75771773875728,26.2731532162718,"&#128999;","&#128999;","&#128999;","&#128999;"
"Goes","GM0664",2023-03-17,19507,19506,19499,19497,19486,912,512,2021-01-01,18995,1,8,21,-38.4615384615385,"&#x2798;",39079,2.55891911256685,20.4713529005348,53.7373013639039,"&#128999;","&#128999;","&#128999;","&#128999;"
"West Maas en Waal","GM0668",2023-03-17,10153,10149,10144,10141,10135,713,912,2021-01-01,9241,4,9,18,0,"-",19673,20.3324353174401,45.7479794642403,91.4959589284807,"&#128721;","&#128721;","&#128721;","&#128721;"
"Hulst","GM0677",2023-03-17,12237,12237,12232,12232,12219,861,713,2021-01-01,11524,0,5,18,-61.5384615384615,"&#x2798;&#x2798;",27552,0,18.1475029036005,65.3310104529617,"&#128999;","&#128999;","&#128999;","&#128721;"
"Kapelle","GM0678",2023-03-17,6664,6662,6662,6661,6652,321,861,2021-01-01,5803,2,2,12,-80,"&#x2798;&#x2798;",13006,15.3775180685837,15.3775180685837,92.2651084115024,"&#128999;","&#128999;","&#128999;","&#128721;"
"Middelburg","GM0687",2023-03-17,23226,23225,23221,23220,23213,1067,321,2021-01-01,22905,1,5,13,-37.5,"&#x2798;",49248,2.03053931124107,10.1526965562053,26.3970110461339,"&#128999;","&#128999;","&#128999;","&#128999;"
"Reimerswaal","GM0703",2023-03-17,13047,13047,13046,13046,13046,838,1067,2021-01-01,11980,0,1,1,100,"&#x279A;",22916,0,4.36376330947809,4.36376330947809,"&#128993;","&#128993;","&#128993;","&#9989;"
"Terneuzen","GM0715",2023-03-17,23577,23577,23571,23570,23556,1880,838,2021-01-01,22739,0,6,21,-60,"&#x2798;&#x2798;",54509,0,11.0073565833165,38.5257480416078,"&#128999;","&#128999;","&#128999;","&#128999;"
"Tholen","GM0716",2023-03-17,13462,13460,13459,13459,13454,1102,1880,2021-01-01,11582,2,3,8,-40,"&#x2798;",26442,7.56372437788367,11.3455865668255,30.2548975115347,"&#128999;","&#128999;","&#128993;","&#128999;"
"Veere","GM0717",2023-03-17,10051,10048,10043,10043,10038,482,1102,2021-01-01,8949,3,8,13,60,"&#x279A;",21816,13.7513751375138,36.6703337000367,59.5892922625596,"&#128721;","&#128721;","&#128999;","&#128999;"
"Vlissingen","GM0718",2023-03-17,20015,20015,20011,20009,20002,875,482,2021-01-01,19533,0,4,13,-55.5555555555556,"&#x2798;&#x2798;",44541,0,8.98048988572327,29.1865921286006,"&#128999;","&#128999;","&#128999;","&#128999;"
"De Ronde Venen","GM0736",2023-03-17,21826,21826,21824,21822,21819,2035,875,2021-01-01,20951,0,2,7,-60,"&#x2798;&#x2798;",45063,0,4.43823092115483,15.5338082240419,"&#128993;","&#128993;","&#128999;","&#128999;"
"Tytsjerksteradiel","GM0737",2023-03-17,14752,14750,14746,14746,14739,570,2035,2021-01-01,12717,2,6,13,-14.2857142857143,"&#x2798;",32287,6.19444358410506,18.5833307523152,40.2638832966829,"&#128999;","&#128999;","&#128999;","&#128999;"
"Asten","GM0743",2023-03-17,8441,8440,8437,8436,8428,752,570,2021-01-01,7871,1,4,13,-55.5555555555556,"&#x2798;&#x2798;",17071,5.85788764571496,23.4315505828598,76.1525393942944,"&#128999;","&#128999;","&#128999;","&#128721;"
"Baarle-Nassau","GM0744",2023-03-17,2909,2909,2908,2908,2904,263,752,2021-01-01,2157,0,1,5,-75,"&#x2798;&#x2798;",6953,0,14.3822810297713,71.9114051488566,"&#128999;","&#128999;","&#128999;","&#128721;"
"Bergen op Zoom","GM0748",2023-03-17,33319,33318,33294,33291,33282,3589,263,2021-01-01,33056,1,25,37,108.333333333333,"&#x279A;&#x279A;",67959,1.47147544843214,36.7868862108036,54.4445915919893,"&#128721;","&#128721;","&#128721;","&#128999;"
"Best","GM0753",2023-03-17,14786,14786,14781,14781,14771,1419,3589,2021-01-01,11197,0,5,15,-50,"&#x2798;&#x2798;",30658,0,16.308956879118,48.926870637354,"&#128999;","&#128999;","&#128999;","&#128999;"
"Boekel","GM0755",2023-03-17,5686,5686,5684,5684,5683,512,1419,2021-01-01,4267,0,2,3,100,"&#x279A;",11060,0,18.0831826401447,27.124773960217,"&#128999;","&#128999;","&#128999;","&#128999;"
"Boxtel","GM0757",2023-03-17,16458,16444,16435,16435,16411,1444,512,2021-01-01,15946,14,23,47,-4.16666666666666,"-",33116,42.2756371542457,69.4528324676893,141.925353303539,"&#128721;","&#128721;","&#128999;","&#128721;"
"Breda","GM0758",2023-03-17,94016,94013,93943,93939,93891,8722,1444,2021-01-01,92572,3,73,125,40.3846153846154,"&#x279A;",184841,1.62301653853853,39.4934024377708,67.625689105772,"&#128721;","&#128721;","&#128721;","&#128999;"
"Deurne","GM0762",2023-03-17,16547,16546,16536,16534,16527,1559,8722,2021-01-01,7825,1,11,20,22.2222222222222,"&#x279A;",32597,3.06776697242078,33.7454366966285,61.3553394484155,"&#128999;","&#128999;","&#128721;","&#128999;"
"Pekela","GM0765",2023-03-17,5083,5083,5082,5082,5081,234,1559,2021-01-01,3524,0,1,2,0,"-",12188,0,8.2047915982934,16.4095831965868,"&#128999;","&#128999;","&#128999;","&#128999;"
"Dongen","GM0766",2023-03-17,13208,13207,13202,13202,13194,1533,234,2021-01-01,12974,1,6,14,-25,"&#x2798;",26604,3.75883325815667,22.55299954894,52.6236656141934,"&#128999;","&#128999;","&#128999;","&#128999;"
"Eersel","GM0770",2023-03-17,10579,10577,10574,10573,10566,1138,1533,2021-01-01,9046,2,5,13,-37.5,"&#x2798;",19852,10.0745516824501,25.1863792061253,65.4845859359258,"&#128999;","&#128999;","&#128999;","&#128721;"
"Eindhoven","GM0772",2023-03-17,113558,113553,113489,113482,113429,9742,1138,2021-01-01,112420,5,69,129,15,"&#x279A;",238657,2.09505692269659,28.9117855332129,54.052468605572,"&#128999;","&#128999;","&#128999;","&#128999;"
"Etten-Leur","GM0777",2023-03-17,20947,20945,20928,20928,20918,2111,9742,2021-01-01,11205,2,19,29,90,"&#x279A;",44165,4.52847277255746,43.0204913392958,65.6628552020831,"&#128721;","&#128721;","&#128721;","&#128999;"
"Geertruidenberg","GM0779",2023-03-17,11020,11019,11010,11010,11008,1047,2111,2021-01-01,8909,1,10,12,400,"&#x279A;&#x279A;",21924,4.56121145776318,45.6121145776318,54.7345374931582,"&#128721;","&#128721;","&#128721;","&#128999;"
"Gilze en Rijen","GM0784",2023-03-17,12674,12674,12673,12672,12663,1311,1047,2021-01-01,11627,0,1,11,-90,"&#x2798;&#x2798;",26545,0,3.76718779431155,41.439065737427,"&#128993;","&#128993;","&#128999;","&#128721;"
"Goirle","GM0785",2023-03-17,12362,12361,12356,12355,12347,1177,1311,2021-01-01,11051,1,6,15,-33.3333333333333,"&#x2798;",24010,4.1649312786339,24.9895876718034,62.4739691795085,"&#128999;","&#128999;","&#128999;","&#128721;"
"Helmond","GM0794",2023-03-17,46422,46422,46406,46405,46386,4564,1177,2021-01-01,45245,0,16,36,-20,"&#x2798;",93676,0,17.0801485972928,38.4303343439088,"&#128999;","&#128999;","&#128999;","&#128999;"
"'s-Hertogenbosch","GM0796",2023-03-17,85408,85403,85375,85372,85330,7354,4564,2021-01-01,80844,5,33,78,-26.6666666666667,"&#x2798;",156697,3.19087155465644,21.0597522607325,49.7775962526404,"&#128999;","&#128999;","&#128999;","&#128999;"
"Heusden","GM0797",2023-03-17,23631,23630,23621,23620,23612,2270,7354,2021-01-01,16277,1,10,19,11.1111111111111,"&#x279A;",45576,2.19413726522731,21.9413726522731,41.6886080393189,"&#128999;","&#128999;","&#128999;","&#128999;"
"Hilvarenbeek","GM0798",2023-03-17,7852,7852,7851,7851,7847,861,2270,2021-01-01,5582,0,1,5,-75,"&#x2798;&#x2798;",15819,0,6.32151210569568,31.6075605284784,"&#128999;","&#128999;","&#128999;","&#128999;"
"Loon op Zand","GM0809",2023-03-17,12110,12110,12107,12106,12101,1350,861,2021-01-01,11249,0,3,9,-50,"&#x2798;&#x2798;",23782,0,12.6145824573207,37.843747371962,"&#128999;","&#128999;","&#128999;","&#128999;"
"Nuenen, Gerwen en Nederwetten","GM0820",2023-03-17,11299,11299,11293,11293,11284,947,1350,2021-01-01,9949,0,6,15,-33.3333333333333,"&#x2798;",23822,0,25.1868021156914,62.9670052892284,"&#128999;","&#128999;","&#128999;","&#128721;"
"Oirschot","GM0823",2023-03-17,9537,9536,9527,9527,9524,1022,947,2021-01-01,8590,1,10,13,233.333333333333,"&#x279A;&#x279A;",19083,5.24026620552324,52.4026620552324,68.1234606718021,"&#128721;","&#128721;","&#128721;","&#128999;"
"Oisterwijk","GM0824",2023-03-17,15438,15436,15423,15423,15409,1268,1022,2021-01-01,14416,2,15,29,7.14285714285714,"&#x279A;",32534,6.14741501198746,46.1056125899059,89.1375176738182,"&#128721;","&#128721;","&#128721;","&#128721;"
"Oosterhout","GM0826",2023-03-17,27600,27599,27572,27572,27565,2793,1268,2021-01-01,26332,1,28,35,300,"&#x279A;&#x279A;",56578,1.767471455336,49.4892007494079,61.8615009367599,"&#128721;","&#128721;","&#128721;","&#128999;"
"Oss","GM0828",2023-03-17,46989,46988,46972,46970,46943,4424,2793,2021-01-01,44196,1,17,46,-41.3793103448276,"&#x2798;",93456,1.07002225646293,18.1903783598699,49.221023797295,"&#128999;","&#128999;","&#128999;","&#128999;"
"Rucphen","GM0840",2023-03-17,10382,10381,10371,10370,10370,1163,4424,2021-01-01,5958,1,11,12,1000,"&#x279A;&#x279A;",23361,4.28063867128976,47.0870253841873,51.3676640554771,"&#128721;","&#128721;","&#128721;","&#128993;"
"Sint-Michielsgestel","GM0845",2023-03-17,15800,15800,15796,15796,15778,1487,1163,2021-01-01,14637,0,4,22,-77.7777777777778,"&#x2798;&#x2798;",29743,0,13.448542514205,73.9669838281276,"&#128999;","&#128999;","&#128999;","&#128721;"
"Someren","GM0847",2023-03-17,9964,9962,9959,9959,9955,945,1487,2021-01-01,8477,2,5,9,25,"&#x279A;",19742,10.1306858474319,25.3267146185797,45.5880863134434,"&#128999;","&#128999;","&#128999;","&#128999;"
"Son en Breugel","GM0848",2023-03-17,8523,8522,8520,8520,8517,664,945,2021-01-01,7578,1,3,6,0,"-",17812,5.61419267909275,16.8425780372782,33.6851560745565,"&#128999;","&#128999;","&#128999;","&#128999;"
"Steenbergen","GM0851",2023-03-17,11118,11116,11109,11109,11108,1043,664,2021-01-01,10454,2,9,10,800,"&#x279A;&#x279A;",24328,8.22097994080895,36.9944097336402,41.1048997040447,"&#128721;","&#128721;","&#128999;","&#128993;"
"Waterland","GM0852",2023-03-17,8282,8282,8279,8278,8275,876,1043,2021-01-01,7239,0,3,7,-25,"&#x2798;",17347,0,17.294056609212,40.3527987548279,"&#128999;","&#128999;","&#128999;","&#128999;"
"Tilburg","GM0855",2023-03-17,116206,116197,116135,116122,116050,11117,876,2021-01-01,115330,9,71,156,-16.4705882352941,"&#x2798;",225050,3.99911130859809,31.5485447678294,69.3179293490335,"&#128999;","&#128999;","&#128999;","&#128721;"
"Valkenswaard","GM0858",2023-03-17,15311,15307,15298,15296,15287,1657,11117,2021-01-01,4194,4,13,24,18.1818181818182,"&#x279A;",31275,12.7897681854516,41.5667466027178,76.7386091127098,"&#128721;","&#128721;","&#128721;","&#128721;"
"Veldhoven","GM0861",2023-03-17,22676,22659,22642,22642,22636,2229,1657,2021-01-01,21019,17,34,40,466.666666666667,"&#x279A;&#x279A;",45888,37.0467224546722,74.0934449093445,87.1687587168759,"&#128721;","&#128721;","&#128721;","&#128999;"
"Vught","GM0865",2023-03-17,16484,16484,16479,16478,16468,1522,2229,2021-01-01,14255,0,5,16,-54.5454545454545,"&#x2798;&#x2798;",31853,0,15.6971085925972,50.2307474963112,"&#128999;","&#128999;","&#128999;","&#128999;"
"Waalre","GM0866",2023-03-17,8577,8577,8566,8566,8559,762,1522,2021-01-01,7055,0,11,18,57.1428571428571,"&#x279A;",17727,0,62.0522367010774,101.540023692672,"&#128721;","&#128721;","&#128721;","&#128721;"
"Waalwijk","GM0867",2023-03-17,23730,23730,23723,23722,23707,2705,762,2021-01-01,22968,0,7,23,-56.25,"&#x2798;&#x2798;",49357,0,14.1823854772373,46.5992665680653,"&#128999;","&#128999;","&#128999;","&#128999;"
"Woensdrecht","GM0873",2023-03-17,9150,9150,9146,9146,9134,863,2705,2021-01-01,6445,0,4,16,-66.6666666666667,"&#x2798;&#x2798;",22099,0,18.1003665324223,72.4014661296891,"&#128999;","&#128999;","&#128999;","&#128721;"
"Zundert","GM0879",2023-03-17,9576,9575,9572,9572,9564,914,863,2021-01-01,8713,1,4,12,-50,"&#x2798;&#x2798;",22202,4.50409872984416,18.0163949193766,54.0491847581299,"&#128999;","&#128999;","&#128999;","&#128721;"
"Wormerland","GM0880",2023-03-17,7515,7515,7513,7512,7511,714,914,2021-01-01,6601,0,2,4,0,"-",16374,0,12.2144863808477,24.4289727616954,"&#128999;","&#128999;","&#128999;","&#128999;"
"Landgraaf","GM0882",2023-03-17,18455,18454,18447,18447,18442,1357,714,2021-01-01,17741,1,8,13,60,"&#x279A;",37026,2.70080483984227,21.6064387187382,35.1104629179495,"&#128999;","&#128999;","&#128999;","&#128999;"
"Beek","GM0888",2023-03-17,8304,8302,8301,8300,8290,633,1357,2021-01-01,6947,2,3,14,-72.7272727272727,"&#x2798;&#x2798;",15809,12.6510215699918,18.9765323549877,88.5571509899424,"&#128999;","&#128999;","&#128999;","&#128721;"
"Beesel","GM0889",2023-03-17,6717,6717,6716,6715,6715,527,633,2021-01-01,6084,0,1,2,0,"-",13396,0,7.46491489997014,14.9298297999403,"&#128999;","&#128999;","&#128999;","&#128999;"
"Bergen (L.)","GM0893",2023-03-17,6904,6904,6903,6903,6898,673,527,2021-01-01,6377,0,1,6,-80,"&#x2798;&#x2798;",13079,0,7.6458444835232,45.8750669011392,"&#128999;","&#128999;","&#128999;","&#128721;"
"Brunssum","GM0899",2023-03-17,14132,14130,14123,14122,14113,1087,673,2021-01-01,13459,2,9,19,-10,"&#x2798;",27684,7.22438953908395,32.5097529258778,68.6317006212975,"&#128999;","&#128999;","&#128999;","&#128721;"
"Gennep","GM0907",2023-03-17,9416,9416,9414,9414,9412,937,1087,2021-01-01,8329,0,2,4,0,"-",17199,0,11.6285830571545,23.257166114309,"&#128999;","&#128999;","&#128999;","&#128999;"
"Heerlen","GM0917",2023-03-17,41566,41565,41552,41549,41526,3028,937,2021-01-01,40629,1,14,40,-46.1538461538462,"&#x2798;",86900,1.15074798619102,16.1104718066743,46.029919447641,"&#128999;","&#128999;","&#128999;","&#128999;"
"Kerkrade","GM0928",2023-03-17,20561,20560,20551,20547,20533,1421,3028,2021-01-01,17533,1,10,28,-44.4444444444444,"&#x2798;",45255,2.20970058557065,22.0970058557066,61.8716163959783,"&#128999;","&#128999;","&#128999;","&#128721;"
"Maastricht","GM0935",2023-03-17,58768,58762,58735,58728,58693,4836,1421,2021-01-01,57347,6,33,75,-21.4285714285714,"&#x2798;",120922,4.9618762508063,27.2903193794347,62.0234531350788,"&#128999;","&#128999;","&#128999;","&#128999;"
"Meerssen","GM0938",2023-03-17,9573,9572,9568,9568,9562,682,4836,2021-01-01,4737,1,5,11,-16.6666666666667,"&#x2798;",18541,5.3934523488485,26.9672617442425,59.3279758373335,"&#128999;","&#128999;","&#128999;","&#128999;"
"Mook en Middelaar","GM0944",2023-03-17,3775,3775,3774,3774,3771,354,682,2021-01-01,3093,0,1,4,-66.6666666666667,"&#x2798;&#x2798;",8000,0,12.5,50,"&#128999;","&#128999;","&#128999;","&#128721;"
"Nederweert","GM0946",2023-03-17,9065,9065,9058,9058,9051,1046,354,2021-01-01,8711,0,7,14,0,"-",17339,0,40.371417036738,80.742834073476,"&#128721;","&#128721;","&#128721;","&#128721;"
"Roermond","GM0957",2023-03-17,28969,28965,28954,28953,28919,2299,1046,2021-01-01,27923,4,15,50,-57.1428571428571,"&#x2798;&#x2798;",59150,6.76246830092984,25.3592561284869,84.530853761623,"&#128999;","&#128999;","&#128999;","&#128721;"
"Simpelveld","GM0965",2023-03-17,4930,4930,4926,4925,4924,417,2299,2021-01-01,2631,0,4,6,100,"&#x279A;",10420,0,38.3877159309021,57.5815738963532,"&#128721;","&#128721;","&#128721;","&#128999;"
"Stein","GM0971",2023-03-17,12834,12834,12831,12828,12817,933,417,2021-01-01,12417,0,3,17,-78.5714285714286,"&#x2798;&#x2798;",24817,0,12.088487730185,68.5014304710481,"&#128999;","&#128999;","&#128999;","&#128721;"
"Vaals","GM0981",2023-03-17,3598,3598,3597,3597,3596,257,933,2021-01-01,2665,0,1,2,0,"-",10084,0,9.91669972233241,19.8333994446648,"&#128999;","&#128999;","&#128999;","&#128999;"
"Venlo","GM0983",2023-03-17,55001,54997,54969,54960,54935,5239,257,2021-01-01,54744,4,32,66,-5.88235294117647,"&#x2798;",102182,3.91458378187939,31.3166702550351,64.59063240101,"&#128999;","&#128999;","&#128721;","&#128999;"
"Venray","GM0984",2023-03-17,24024,24022,24017,24012,24002,2743,5239,2021-01-01,18785,2,7,22,-53.3333333333333,"&#x2798;&#x2798;",44001,4.54535124201723,15.9087293470603,49.9988636621895,"&#128999;","&#128999;","&#128999;","&#128999;"
"Voerendaal","GM0986",2023-03-17,6276,6276,6275,6275,6272,407,2743,2021-01-01,3533,0,1,4,-66.6666666666667,"&#x2798;&#x2798;",12403,0,8.06256550834476,32.250262033379,"&#128999;","&#128999;","&#128999;","&#128999;"
"Weert","GM0988",2023-03-17,25898,25896,25868,25866,25854,3334,407,2021-01-01,25491,2,30,44,114.285714285714,"&#x279A;&#x279A;",50356,3.9717213440305,59.5758201604575,87.3778695686711,"&#128721;","&#128721;","&#128721;","&#128999;"
"Valkenburg aan de Geul","GM0994",2023-03-17,7608,7606,7602,7602,7597,622,3334,2021-01-01,4274,2,6,11,20,"&#x279A;",16149,12.3846677812868,37.1540033438603,68.1156727970772,"&#128721;","&#128721;","&#128999;","&#128999;"
"Lelystad","GM0995",2023-03-17,35068,35068,35045,35041,35025,3067,622,2021-01-01,34446,0,23,43,15,"&#x279A;",81341,0,28.2760231617511,52.8638693893608,"&#128999;","&#128999;","&#128999;","&#128999;"
"Horst aan de Maas","GM1507",2023-03-17,24095,24093,24088,24087,24083,2509,3067,2021-01-01,21028,2,7,12,40,"&#x279A;",43080,4.64252553389044,16.2488393686165,27.8551532033426,"&#128999;","&#128999;","&#128999;","&#128999;"
"Oude IJsselstreek","GM1509",2023-03-17,19696,19693,19686,19684,19676,1535,2509,2021-01-01,17187,3,10,20,0,"-",39346,7.62466324404005,25.4155441468002,50.8310882936004,"&#128999;","&#128999;","&#128999;","&#128999;"
"Teylingen","GM1525",2023-03-17,18913,18907,18902,18902,18894,1968,1535,2021-01-01,17378,6,11,19,37.5,"&#x279A;",37949,15.8106932989012,28.9862710479855,50.0671954465203,"&#128999;","&#128999;","&#128999;","&#128999;"
"Utrechtse Heuvelrug","GM1581",2023-03-17,22701,22701,22688,22688,22661,2278,1968,2021-01-01,20733,0,13,40,-51.8518518518519,"&#x2798;&#x2798;",50003,0,25.9984400935944,79.9952002879827,"&#128999;","&#128999;","&#128999;","&#128721;"
"Oost Gelre","GM1586",2023-03-17,15814,15812,15806,15803,15795,1374,2278,2021-01-01,13536,2,8,19,-27.2727272727273,"&#x2798;",29624,6.75128274372131,27.0051309748852,64.1371860653524,"&#128999;","&#128999;","&#128999;","&#128721;"
"Koggenland","GM1598",2023-03-17,11228,11228,11228,11227,11227,890,1374,2021-01-01,9854,0,0,1,-100,"&#x2798;&#x2798;",23030,0,0,4.34216239687364,"&#9989;","&#9989;","&#128993;","&#128993;"
"Lansingerland","GM1621",2023-03-17,33213,33213,33209,33208,33206,3492,890,2021-01-01,32323,0,4,7,33.3333333333333,"&#x279A;",64167,0,6.23373385073324,10.9090342387832,"&#128999;","&#128999;","&#128999;","&#128993;"
"Leudal","GM1640",2023-03-17,16874,16874,16870,16870,16860,1675,3492,2021-01-01,13382,0,4,14,-60,"&#x2798;&#x2798;",35938,0,11.1302799265402,38.9559797428905,"&#128999;","&#128999;","&#128999;","&#128999;"
"Maasgouw","GM1641",2023-03-17,11983,11983,11979,11978,11972,907,1675,2021-01-01,10308,0,4,11,-42.8571428571429,"&#x2798;",24021,0,16.6520960825944,45.7932642271346,"&#128999;","&#128999;","&#128999;","&#128999;"
"Gemert-Bakel","GM1652",2023-03-17,14824,14823,14818,14817,14811,1304,907,2021-01-01,13917,1,6,13,-14.2857142857143,"&#x2798;",31107,3.2147105153181,19.2882630919086,41.7912366991352,"&#128999;","&#128999;","&#128999;","&#128999;"
"Halderberge","GM1655",2023-03-17,14543,14542,14516,14514,14511,1417,1304,2021-01-01,13239,1,27,32,440,"&#x279A;&#x279A;",30767,3.25023564208405,87.7563623362694,104.00754054669,"&#128721;","&#128721;","&#128721;","&#128999;"
"Heeze-Leende","GM1658",2023-03-17,7483,7482,7477,7475,7470,798,1417,2021-01-01,6066,1,6,13,-14.2857142857143,"&#x2798;",16485,6.06612071580224,36.3967242948135,78.8595693054292,"&#128721;","&#128721;","&#128721;","&#128721;"
"Laarbeek","GM1659",2023-03-17,11076,11076,11057,11057,11055,1141,798,2021-01-01,10278,0,19,21,850,"&#x279A;&#x279A;",22952,0,82.7814569536424,91.49529452771,"&#128721;","&#128721;","&#128721;","&#128999;"
"Reusel-De Mierden","GM1667",2023-03-17,6882,6882,6878,6878,6876,828,1141,2021-01-01,5741,0,4,6,100,"&#x279A;",13309,0,30.0548501014351,45.0822751521527,"&#128999;","&#128999;","&#128999;","&#128999;"
"Roerdalen","GM1669",2023-03-17,9643,9642,9637,9635,9625,733,828,2021-01-01,8815,1,6,18,-50,"&#x2798;&#x2798;",20549,4.86641685726799,29.198501143608,87.5955034308239,"&#128999;","&#128999;","&#128999;","&#128721;"
"Roosendaal","GM1674",2023-03-17,37978,37974,37944,37938,37914,3933,733,2021-01-01,37245,4,34,64,13.3333333333333,"&#x279A;",77208,5.18081027872759,44.0368873691845,82.8929644596415,"&#128721;","&#128721;","&#128721;","&#128721;"
"Schouwen-Duiveland","GM1676",2023-03-17,14362,14362,14361,14361,14357,832,3933,2021-01-01,10429,0,1,5,-75,"&#x2798;&#x2798;",34175,0,2.92611558156547,14.6305779078274,"&#128993;","&#128993;","&#128993;","&#128999;"
"Aa en Hunze","GM1680",2023-03-17,10102,10102,10099,10098,10097,583,832,2021-01-01,9270,0,3,5,50,"&#x279A;",25563,0,11.7357117709189,19.5595196181982,"&#128999;","&#128999;","&#128999;","&#128999;"
"Borger-Odoorn","GM1681",2023-03-17,9925,9925,9923,9923,9923,710,583,2021-01-01,9342,0,2,2,200,"&#x279A;&#x279A;",25686,0,7.78634275480807,7.78634275480807,"&#128999;","&#128999;","&#128999;","&#9989;"
"De Wolden","GM1690",2023-03-17,11091,11090,11090,11089,11085,738,710,2021-01-01,10381,1,1,6,-80,"&#x2798;&#x2798;",24485,4.08413314274045,4.08413314274045,24.5047988564427,"&#128993;","&#128993;","&#128993;","&#128999;"
"Noord-Beveland","GM1695",2023-03-17,2990,2990,2990,2989,2987,127,738,2021-01-01,2252,0,0,3,-100,"&#x2798;&#x2798;",7678,0,0,39.072675175827,"&#9989;","&#9989;","&#128999;","&#128721;"
"Wijdemeren","GM1696",2023-03-17,11296,11296,11295,11295,11295,961,127,2021-01-01,11169,0,1,1,100,"&#x279A;",24536,0,4.07564395174438,4.07564395174438,"&#128993;","&#128993;","&#128993;","&#9989;"
"Noordenveld","GM1699",2023-03-17,12243,12241,12236,12236,12235,499,961,2021-01-01,11282,2,7,8,600,"&#x279A;&#x279A;",31280,6.39386189258312,22.3785166240409,25.5754475703325,"&#128999;","&#128999;","&#128999;","&#128993;"
"Twenterand","GM1700",2023-03-17,17932,17932,17926,17926,17920,2241,499,2021-01-01,17433,0,6,12,0,"-",33723,0,17.7920113868873,35.5840227737746,"&#128999;","&#128999;","&#128999;","&#128999;"
"Westerveld","GM1701",2023-03-17,7253,7252,7249,7249,7248,373,2241,2021-01-01,5012,1,4,5,300,"&#x279A;&#x279A;",19839,5.04057664196784,20.1623065678714,25.2028832098392,"&#128999;","&#128999;","&#128999;","&#128999;"
"Lingewaard","GM1705",2023-03-17,24264,24261,24253,24253,24242,2043,373,2021-01-01,23891,3,11,22,0,"-",46989,6.38447296175701,23.409734193109,46.819468386218,"&#128999;","&#128999;","&#128999;","&#128999;"
"Cranendonck","GM1706",2023-03-17,10053,10053,10046,10046,10040,1233,2043,2021-01-01,8010,0,7,13,16.6666666666667,"&#x279A;",20632,0,33.9278790228771,63.0089181853432,"&#128999;","&#128999;","&#128999;","&#128999;"
"Steenwijkerland","GM1708",2023-03-17,19699,19699,19695,19695,19686,1239,1233,2021-01-01,18466,0,4,13,-55.5555555555556,"&#x2798;&#x2798;",44785,0,8.93156190688847,29.0275761973875,"&#128999;","&#128999;","&#128999;","&#128999;"
"Moerdijk","GM1709",2023-03-17,17447,17445,17429,17427,17415,1566,1239,2021-01-01,16208,2,18,32,28.5714285714286,"&#x279A;",37312,5.36020583190395,48.2418524871355,85.7632933104631,"&#128721;","&#128721;","&#128721;","&#128721;"
"Echt-Susteren","GM1711",2023-03-17,16089,16088,16077,16075,16066,1064,1566,2021-01-01,14523,1,12,23,9.09090909090908,"&#x279A;",31777,3.14693016961954,37.7631620354344,72.3793939012493,"&#128721;","&#128721;","&#128721;","&#128999;"
"Sluis","GM1714",2023-03-17,8491,8491,8489,8489,8485,820,1064,2021-01-01,7427,0,2,6,-50,"&#x2798;&#x2798;",23145,0,8.64117519982718,25.9235255994815,"&#128999;","&#128999;","&#128999;","&#128999;"
"Drimmelen","GM1719",2023-03-17,12875,12875,12862,12862,12849,1217,820,2021-01-01,12055,0,13,26,0,"-",27581,0,47.1338965229687,94.2677930459374,"&#128721;","&#128721;","&#128721;","&#128721;"
"Bernheze","GM1721",2023-03-17,17198,17197,17190,17189,17178,1605,1217,2021-01-01,15981,1,8,20,-33.3333333333333,"&#x2798;",31785,3.14613811546327,25.1691049237062,62.9227623092654,"&#128999;","&#128999;","&#128999;","&#128721;"
"Alphen-Chaam","GM1723",2023-03-17,4658,4658,4656,4656,4654,450,1605,2021-01-01,3053,0,2,4,0,"-",10444,0,19.1497510532363,38.2995021064726,"&#128999;","&#128999;","&#128999;","&#128999;"
"Bergeijk","GM1724",2023-03-17,9905,9905,9901,9901,9896,1193,450,2021-01-01,9455,0,4,9,-20,"&#x2798;",18869,0,21.1987916688749,47.6972812549685,"&#128999;","&#128999;","&#128999;","&#128999;"
"Bladel","GM1728",2023-03-17,11006,11005,11001,11000,10996,1444,1193,2021-01-01,9813,1,5,10,0,"-",20737,4.82229830737329,24.1114915368665,48.2229830737329,"&#128999;","&#128999;","&#128999;","&#128999;"
"Gulpen-Wittem","GM1729",2023-03-17,6500,6500,6498,6498,6496,564,1444,2021-01-01,5056,0,2,4,0,"-",14161,0,14.1232963773745,28.246592754749,"&#128999;","&#128999;","&#128999;","&#128999;"
"Tynaarlo","GM1730",2023-03-17,14030,14030,14025,14024,14019,637,564,2021-01-01,13466,0,5,11,-16.6666666666667,"&#x2798;",34330,0,14.5645208272648,32.0419458199825,"&#128999;","&#128999;","&#128999;","&#128999;"
"Midden-Drenthe","GM1731",2023-03-17,13898,13897,13895,13895,13894,813,637,2021-01-01,13261,1,3,4,200,"&#x279A;&#x279A;",33729,2.96480773221857,8.8944231966557,11.8592309288743,"&#128999;","&#128999;","&#128999;","&#128993;"
"Overbetuwe","GM1734",2023-03-17,24166,24166,24152,24148,24127,1708,813,2021-01-01,23353,0,14,39,-44,"&#x2798;",48233,0,29.0257707378766,80.8575041983704,"&#128999;","&#128999;","&#128721;","&#128721;"
"Hof van Twente","GM1735",2023-03-17,18080,18078,18071,18071,18069,1759,1708,2021-01-01,16372,2,9,11,350,"&#x279A;&#x279A;",35104,5.69735642661805,25.6381039197812,31.3354603463993,"&#128999;","&#128999;","&#128999;","&#128999;"
"Neder-Betuwe","GM1740",2023-03-17,13492,13490,13488,13488,13486,1428,1759,2021-01-01,11733,2,4,6,100,"&#x279A;",25050,7.98403193612774,15.9680638722555,23.9520958083832,"&#128999;","&#128999;","&#128999;","&#128999;"
"Rijssen-Holten","GM1742",2023-03-17,22508,22507,22502,22502,22502,2435,1428,2021-01-01,21080,1,6,6,600,"&#x279A;&#x279A;",38261,2.61362745354277,15.6817647212566,15.6817647212566,"&#128999;","&#128999;","&#128999;","&#9989;"
"Geldrop-Mierlo","GM1771",2023-03-17,19591,19590,19585,19582,19567,1890,2435,2021-01-01,17156,1,6,24,-66.6666666666667,"&#x2798;&#x2798;",40174,2.48917210135909,14.9350326081545,59.7401304326181,"&#128999;","&#128999;","&#128999;","&#128721;"
"Olst-Wijhe","GM1773",2023-03-17,8590,8589,8584,8584,8581,540,1890,2021-01-01,6700,1,6,9,100,"&#x279A;",18534,5.39548937088594,32.3729362253156,48.5594043379735,"&#128999;","&#128999;","&#128999;","&#128999;"
"Dinkelland","GM1774",2023-03-17,13628,13628,13626,13626,13620,1707,540,2021-01-01,13088,0,2,8,-66.6666666666667,"&#x2798;&#x2798;",26594,0,7.52049334436339,30.0819733774536,"&#128999;","&#128999;","&#128999;","&#128999;"
"Westland","GM1783",2023-03-17,57991,57986,57924,57923,57900,6827,1707,2021-01-01,56284,5,67,91,179.166666666667,"&#x279A;&#x279A;",112616,4.43986644881722,59.4942104141507,80.8055693684734,"&#128721;","&#128721;","&#128721;","&#128999;"
"Midden-Delfland","GM1842",2023-03-17,9825,9825,9817,9817,9816,1034,6827,2021-01-01,2998,0,8,9,700,"&#x279A;&#x279A;",19466,0,41.0972978526662,46.2344600842495,"&#128721;","&#128721;","&#128721;","&#128999;"
"Berkelland","GM1859",2023-03-17,20849,20849,20843,20843,20831,1870,1034,2021-01-01,19815,0,6,18,-50,"&#x2798;&#x2798;",43790,0,13.701758392327,41.105275176981,"&#128999;","&#128999;","&#128999;","&#128999;"
"Bronckhorst","GM1876",2023-03-17,17066,17066,17063,17061,17056,1458,1870,2021-01-01,15196,0,3,10,-57.1428571428571,"&#x2798;&#x2798;",36110,0,8.3079479368596,27.693159789532,"&#128999;","&#128999;","&#128999;","&#128999;"
"Sittard-Geleen","GM1883",2023-03-17,46489,46485,46463,46459,46427,3312,1458,2021-01-01,45031,4,26,62,-27.7777777777778,"&#x2798;",91724,4.36090881339671,28.3459072870786,67.594086607649,"&#128999;","&#128999;","&#128999;","&#128721;"
"Kaag en Braassem","GM1884",2023-03-17,13010,13010,13008,13007,13005,1174,3312,2021-01-01,9698,0,2,5,-33.3333333333333,"&#x2798;",27916,0,7.16435019343746,17.9108754835936,"&#128999;","&#128999;","&#128999;","&#128999;"
"Dantumadiel","GM1891",2023-03-17,9270,9267,9264,9264,9264,511,1174,2021-01-01,8096,3,6,6,600,"&#x279A;&#x279A;",18958,15.8244540563351,31.6489081126701,31.6489081126701,"&#128999;","&#128999;","&#128999;","&#9989;"
"Zuidplas","GM1892",2023-03-17,22603,22603,22599,22598,22593,2311,511,2021-01-01,22092,0,4,10,-33.3333333333333,"&#x2798;",45877,0,8.71896593064063,21.7974148266016,"&#128999;","&#128999;","&#128999;","&#128999;"
"Peel en Maas","GM1894",2023-03-17,21966,21965,21955,21955,21951,1964,2311,2021-01-01,19655,1,11,15,175,"&#x279A;&#x279A;",44374,2.2535719114797,24.7892910262766,33.8035786721954,"&#128999;","&#128999;","&#128999;","&#128999;"
"Oldambt","GM1895",2023-03-17,15553,15553,15549,15546,15544,871,1964,2021-01-01,13589,0,4,9,-20,"&#x2798;",38531,0,10.3812514598635,23.3578157846928,"&#128999;","&#128999;","&#128999;","&#128999;"
"Zwartewaterland","GM1896",2023-03-17,12402,12402,12398,12398,12396,885,871,2021-01-01,11531,0,4,6,100,"&#x279A;",23039,0,17.3618646642649,26.0427969963974,"&#128999;","&#128999;","&#128999;","&#128999;"
"Sdwest-Frysln","GM1900",2023-03-17,40560,40557,40550,40549,40543,3002,885,2021-01-01,39675,3,10,17,42.8571428571429,"&#x279A;",90307,3.32200161670745,11.0733387223582,18.8246758280089,"&#128999;","&#128999;","&#128999;","&#128999;"
"Bodegraven-Reeuwijk","GM1901",2023-03-17,18271,18271,18264,18260,18256,1931,3002,2021-01-01,15269,0,7,15,-12.5,"&#x2798;",35818,0,19.5432464124183,41.8783851694679,"&#128999;","&#128999;","&#128999;","&#128999;"
"Eijsden-Margraten","GM1903",2023-03-17,13105,13105,13101,13101,13094,1082,1931,2021-01-01,11174,0,4,11,-42.8571428571429,"&#x2798;",25847,0,15.4756838317793,42.5581305373931,"&#128999;","&#128999;","&#128999;","&#128999;"
"Stichtse Vecht","GM1904",2023-03-17,31176,31171,31158,31158,31149,2968,1082,2021-01-01,30094,5,18,27,100,"&#x279A;",65190,7.66988801963491,27.6115968706857,41.4173953060285,"&#128999;","&#128999;","&#128999;","&#128999;"
"Hollands Kroon","GM1911",2023-03-17,20716,20716,20714,20712,20702,1582,2968,2021-01-01,17748,0,2,14,-83.3333333333333,"&#x2798;&#x2798;",48755,0,4.10214336991078,28.7150035893754,"&#128993;","&#128993;","&#128999;","&#128999;"
"Leidschendam-Voorburg","GM1916",2023-03-17,34066,34064,34041,34041,34033,3520,1582,2021-01-01,32484,2,25,33,212.5,"&#x279A;&#x279A;",76727,2.60664433641352,32.583054205169,43.009631550823,"&#128999;","&#128999;","&#128999;","&#128999;"
"Goeree-Overflakkee","GM1924",2023-03-17,23857,23857,23850,23848,23840,2265,3520,2021-01-01,20337,0,7,17,-30,"&#x2798;",51042,0,13.7141961521884,33.305904941029,"&#128999;","&#128999;","&#128999;","&#128999;"
"Pijnacker-Nootdorp","GM1926",2023-03-17,28999,28998,28978,28978,28968,2922,2265,2021-01-01,26734,1,21,31,110,"&#x279A;&#x279A;",56701,1.76363732562036,37.0363838380275,54.6727570942311,"&#128721;","&#128721;","&#128721;","&#128999;"
"Nissewaard","GM1930",2023-03-17,39336,39336,39321,39320,39308,4401,2922,2021-01-01,36414,0,15,28,15.3846153846154,"&#x279A;",86306,0,17.3800199290895,32.4427038676338,"&#128999;","&#128999;","&#128999;","&#128999;"
"Krimpenerwaard","GM1931",2023-03-17,26817,26817,26813,26812,26808,2936,4401,2021-01-01,22416,0,4,9,-20,"&#x2798;",57151,0,6.9990026421235,15.7477559447779,"&#128999;","&#128999;","&#128999;","&#128999;"
"De Fryske Marren","GM1940",2023-03-17,23784,23781,23775,23774,23766,1179,2936,2021-01-01,20848,3,9,18,0,"-",51682,5.80472891915948,17.4141867574784,34.8283735149569,"&#128999;","&#128999;","&#128999;","&#128999;"
"Gooise Meren","GM1942",2023-03-17,29487,29486,29485,29485,29481,2478,1179,2021-01-01,28308,1,2,6,-50,"&#x2798;&#x2798;",58973,1.69569124853747,3.39138249707493,10.1741474912248,"&#128993;","&#128993;","&#128993;","&#128999;"
"Berg en Dal","GM1945",2023-03-17,17408,17405,17392,17388,17365,1635,2478,2021-01-01,14930,3,16,43,-40.7407407407407,"&#x2798;",34979,8.57657451613825,45.7417307527374,122.930901397982,"&#128721;","&#128721;","&#128721;","&#128721;"
"Meierijstad","GM1948",2023-03-17,40199,40199,40190,40188,40157,3791,1635,2021-01-01,38564,0,9,42,-72.7272727272727,"&#x2798;&#x2798;",82681,0,10.8852094193346,50.7976439568946,"&#128999;","&#128999;","&#128999;","&#128721;"
"Waadhoeke","GM1949",2023-03-17,19107,19103,19097,19096,19085,1089,3791,2021-01-01,15316,4,10,22,-16.6666666666667,"&#x2798;",46399,8.62087544990194,21.5521886247548,47.4148149744607,"&#128999;","&#128999;","&#128999;","&#128999;"
"Westerwolde","GM1950",2023-03-17,11354,11354,11349,11349,11345,797,1089,2021-01-01,10265,0,5,9,25,"&#x279A;",26657,0,18.7567993397607,33.7622388115692,"&#128999;","&#128999;","&#128999;","&#128999;"
"Midden-Groningen","GM1952",2023-03-17,25212,25210,25195,25194,25190,1350,797,2021-01-01,24415,2,17,22,240,"&#x279A;&#x279A;",60897,3.2842340345173,27.9159892933971,36.1265743796903,"&#128999;","&#128999;","&#128999;","&#128999;"
"Beekdaelen","GM1954",2023-03-17,18241,18241,18234,18233,18225,1352,1350,2021-01-01,16891,0,7,16,-22.2222222222222,"&#x2798;",35931,0,19.4817845314631,44.5297932147728,"&#128999;","&#128999;","&#128999;","&#128999;"
"Montferland","GM1955",2023-03-17,17725,17723,17705,17702,17683,1340,1352,2021-01-01,16373,2,20,42,-9.09090909090909,"&#x2798;",36365,5.49979375773408,54.9979375773408,115.495668912416,"&#128721;","&#128721;","&#128721;","&#128721;"
"Altena","GM1959",2023-03-17,27939,27938,27917,27916,27914,3696,1340,2021-01-01,26599,1,22,25,633.333333333333,"&#x279A;&#x279A;",57056,1.75266404935502,38.5586090858104,43.8166012338755,"&#128721;","&#128721;","&#128721;","&#128999;"
"West Betuwe","GM1960",2023-03-17,25891,25891,25887,25886,25881,2659,3696,2021-01-01,22195,0,4,10,-33.3333333333333,"&#x2798;",52009,0,7.69097656174893,19.2274414043723,"&#128999;","&#128999;","&#128999;","&#128999;"
"Vijfheerenlanden","GM1961",2023-03-17,29317,29317,29307,29306,29298,2955,2659,2021-01-01,26658,0,10,19,11.1111111111111,"&#x279A;",58957,0,16.9615143239988,32.2268772155978,"&#128999;","&#128999;","&#128999;","&#128999;"
"Hoeksche Waard","GM1963",2023-03-17,41348,41348,41344,41341,41326,3798,2955,2021-01-01,38393,0,4,22,-77.7777777777778,"&#x2798;&#x2798;",88832,0,4.5028818443804,24.7658501440922,"&#128993;","&#128993;","&#128999;","&#128999;"
"Het Hogeland","GM1966",2023-03-17,23310,23306,23304,23304,23299,1336,3798,2021-01-01,19512,4,6,11,20,"&#x279A;",48001,8.33315972583905,12.4997395887586,22.9161892460574,"&#128999;","&#128999;","&#128993;","&#128999;"
"Westerkwartier","GM1969",2023-03-17,27555,27555,27545,27543,27540,1203,1336,2021-01-01,26219,0,10,15,100,"&#x279A;",64331,0,15.5446052447498,23.3169078671247,"&#128999;","&#128999;","&#128999;","&#128999;"
"Noardeast-Frysln","GM1970",2023-03-17,21848,21847,21841,21841,21838,1067,1203,2021-01-01,20645,1,7,10,133.333333333333,"&#x279A;&#x279A;",45612,2.19240550732263,15.3468385512584,21.9240550732263,"&#128999;","&#128999;","&#128999;","&#128999;"
"Molenlanden","GM1978",2023-03-17,22501,22499,22495,22495,22489,2369,1067,2021-01-01,21434,2,6,12,0,"-",44692,4.47507383871834,13.425221516155,26.85044303231,"&#128999;","&#128999;","&#128999;","&#128999;"
"Eemsdelta","GM1979",2023-03-17,18111,18108,18101,18101,18092,1204,2369,2021-01-01,15742,3,10,19,11.1111111111111,"&#x279A;",45568,6.58356741573034,21.9452247191011,41.6959269662921,"&#128999;","&#128999;","&#128999;","&#128999;"
"Dijk en Waard","GM1980",2023-03-17,42373,42373,42366,42365,42357,3511,1204,2021-01-01,41169,0,7,16,-22.2222222222222,"&#x2798;",87829,0,7.97003267713398,18.2172175477348,"&#128999;","&#128999;","&#128999;","&#128999;"
"Land van Cuijk","GM1982",2023-03-17,49340,49336,49310,49308,49290,4650,3511,2021-01-01,45829,4,30,50,50,"&#x279A;",90841,4.40329807025462,33.0247355269097,55.0412258781828,"&#128999;","&#128999;","&#128999;","&#128999;"
"Maashorst","GM1991",2023-03-17,30188,30187,30185,30184,30172,2634,4650,2021-01-01,25538,1,3,16,-76.9230769230769,"&#x2798;&#x2798;",58454,1.71074691210182,5.13224073630547,27.3719505936292,"&#128999;","&#128999;","&#128999;","&#128999;"
"Voorne aan Zee","GM1992",2023-03-17,30626,30626,30615,30612,30608,0,2634,2021-01-01,27992,0,11,18,57.1428571428571,"&#x279A;",NA,NA,NA,NA,NA,NA,NA,NA
