new.infection,corrections.cases,net.infection,new.hospitals,corrections.hospitals,net.hospitals,new.deaths,corrections.deaths,net.deaths,date,positive_7daverage,positive_14d,growth_infections
89,-12,77,2,-2,0,3,0,3,2020-07-02,,,
80,-5,75,4,0,4,2,0,2,2020-07-03,,,
75,-14,61,1,0,1,6,0,6,2020-07-04,,,
76,-3,73,1,0,1,1,0,1,2020-07-05,,,
51,-15,36,0,0,0,1,0,1,2020-07-06,,,
45,-8,37,3,-1,2,4,0,4,2020-07-07,,,
66,-14,52,3,0,3,3,0,3,2020-07-08,69,,
64,-12,52,0,-2,-2,2,0,2,2020-07-09,65,,
81,-39,42,6,-5,1,1,-2,-1,2020-07-10,65,,
89,-8,81,4,-1,3,1,0,1,2020-07-11,67,,
102,-1,101,3,-1,2,0,0,0,2020-07-12,71,,
75,-4,71,2,-1,1,0,0,0,2020-07-13,75,,
97,-44,53,3,-5,-2,1,-3,-2,2020-07-14,82,,
117,-11,106,6,-1,5,1,0,1,2020-07-15,89,69,129
125,-26,99,3,-2,1,2,-1,1,2020-07-16,98,65,150.8
115,-12,103,1,-5,-4,2,-1,1,2020-07-17,103,65,158.5
152,-25,127,3,-2,1,1,-3,-2,2020-07-18,112,67,167.2
155,-11,144,3,0,3,0,0,0,2020-07-19,119,71,167.6
186,-1,185,2,0,2,0,0,0,2020-07-20,135,75,180
177,-14,163,2,0,2,1,-1,0,2020-07-21,147,82,179.3
176,-8,168,1,-1,0,3,0,3,2020-07-22,155,89,174.2
179,-16,163,3,0,3,0,0,0,2020-07-23,163,98,166.3
215,-24,191,3,-4,-1,0,0,0,2020-07-24,177,103,171.8
144,-7,137,3,-1,2,1,0,1,2020-07-25,176,112,157.1
234,-20,214,2,0,2,0,0,0,2020-07-26,187,119,157.1
210,-5,205,5,0,5,1,0,1,2020-07-27,191,135,141.5
223,0,223,6,0,6,4,0,4,2020-07-28,197,147,134
248,-1,247,3,0,3,2,0,2,2020-07-29,208,155,134.2
343,-1,342,5,0,5,0,0,0,2020-07-30,231,163,141.7
356,-18,338,8,-1,7,0,0,0,2020-07-31,251,177,141.8
439,-8,431,5,-2,3,1,0,1,2020-08-01,293,176,166.5
376,-10,366,6,0,6,1,0,1,2020-08-02,314,187,167.9
382,-10,372,8,-2,6,0,0,0,2020-08-03,338,191,177
491,-6,485,10,0,10,2,-1,1,2020-08-04,376,197,190.9
432,-6,426,5,0,5,3,0,3,2020-08-05,403,208,193.8
609,-8,601,4,-3,1,0,0,0,2020-08-06,441,231,190.9
521,-2,519,4,0,4,1,0,1,2020-08-07,464,251,184.9
488,-2,486,3,-1,2,3,0,3,2020-08-08,471,293,160.8
578,-1,577,7,0,7,0,0,0,2020-08-09,500,314,159.2
632,-2,630,6,0,6,0,0,0,2020-08-10,536,338,158.6
807,-28,779,12,-2,10,2,0,2,2020-08-11,581,376,154.5
658,-4,654,10,-1,9,2,0,2,2020-08-12,613,403,152.1
579,-2,577,6,0,6,4,0,4,2020-08-13,609,441,138.1
639,-3,636,11,0,11,2,0,2,2020-08-14,626,464,134.9
657,-2,655,7,0,7,2,0,2,2020-08-15,650,471,138
510,-3,507,6,0,6,3,0,3,2020-08-16,640,500,128
486,-4,482,5,0,5,0,0,0,2020-08-17,619,536,115.5
498,-9,489,4,0,4,3,0,3,2020-08-18,575,581,99
557,-5,552,18,0,18,6,0,6,2020-08-19,561,613,91.5
552,-23,529,10,0,10,10,0,10,2020-08-20,557,609,91.5
541,-6,535,19,-1,18,4,0,4,2020-08-21,543,626,86.7
548,-40,508,11,0,11,5,0,5,2020-08-22,527,650,81.1
479,-22,457,8,0,8,0,0,0,2020-08-23,523,640,81.7
591,-17,574,6,-2,4,2,0,2,2020-08-24,538,619,86.9
454,-39,415,15,0,15,5,0,5,2020-08-25,532,575,92.5
618,-47,571,21,-2,19,8,0,8,2020-08-26,540,561,96.3
536,-26,510,7,0,7,3,0,3,2020-08-27,538,557,96.6
535,-28,507,9,0,9,3,-1,2,2020-08-28,537,543,98.9
533,-32,501,2,0,2,5,-1,4,2020-08-29,535,527,101.5
528,-20,508,3,0,3,0,0,0,2020-08-30,542,523,103.6
556,-29,527,11,0,11,0,0,0,2020-08-31,537,538,99.8
484,-22,462,6,-1,5,6,0,6,2020-09-01,541,532,101.7
745,-11,734,6,0,6,5,0,5,2020-09-02,560,540,103.7
612,-11,601,5,0,5,2,-2,0,2020-09-03,570,538,105.9
776,-32,744,8,-1,7,2,0,2,2020-09-04,605,537,112.7
663,-9,654,5,0,5,5,-1,4,2020-09-05,623,535,116.4
945,-20,925,5,0,5,2,0,2,2020-09-06,683,542,126
812,-15,797,9,0,9,0,0,0,2020-09-07,720,537,134.1
983,-19,964,8,-2,6,2,-1,1,2020-09-08,791,541,146.2
1162,-22,1140,10,-2,8,2,0,2,2020-09-09,850,560,151.8
849,-26,823,17,0,17,3,0,3,2020-09-10,884,570,155.1
1287,-17,1270,11,-1,10,3,0,3,2020-09-11,957,605,158.2
1242,-11,1231,8,-2,6,1,0,1,2020-09-12,1040,623,166.9
1112,-25,1087,17,0,17,1,0,1,2020-09-13,1064,683,155.8
1308,-8,1300,9,-1,8,2,0,2,2020-09-14,1135,720,157.6
1418,-39,1379,25,-1,24,2,0,2,2020-09-15,1197,791,151.3
1560,-18,1542,15,0,15,2,0,2,2020-09-16,1254,850,147.5
1766,-13,1753,14,0,14,6,0,6,2020-09-17,1385,884,156.7
1990,-16,1974,13,-1,12,7,0,7,2020-09-18,1485,957,155.2
1906,-19,1887,33,0,33,3,-1,2,2020-09-19,1580,1040,151.9
1846,-2,1844,20,0,20,4,0,4,2020-09-20,1685,1064,158.4
2227,-10,2217,27,-1,26,2,0,2,2020-09-21,1816,1135,160
2251,-6,2245,35,-3,32,10,0,10,2020-09-22,1935,1197,161.7
2370,-13,2357,32,0,32,6,-1,5,2020-09-23,2051,1254,163.6
2559,-15,2544,25,0,25,16,0,16,2020-09-24,2164,1385,156.2
2787,-10,2777,36,0,36,16,0,16,2020-09-25,2278,1485,153.4
2719,-6,2713,30,-1,29,38,0,38,2020-09-26,2394,1580,151.5
3003,-8,2995,37,0,37,9,-1,8,2020-09-27,2559,1685,151.9
2923,-9,2914,39,-1,38,6,0,6,2020-09-28,2659,1816,146.4
3020,-9,3011,48,-2,46,13,0,13,2020-09-29,2769,1935,143.1
3318,-24,3294,48,0,48,13,0,13,2020-09-30,2904,2051,141.6
3278,-26,3252,48,-1,47,13,0,13,2020-10-01,3007,2164,139
3839,-14,3825,22,0,22,9,0,9,2020-10-02,3157,2278,138.6
3976,-9,3967,31,-1,30,21,0,21,2020-10-03,3337,2394,139.4
4008,-5,4003,25,-1,24,5,0,5,2020-10-04,3480,2559,136
4603,-24,4579,59,0,59,7,0,7,2020-10-05,3720,2659,139.9
4541,-13,4528,81,-1,80,22,-1,21,2020-10-06,3938,2769,142.2
5003,-14,4989,63,0,63,36,0,36,2020-10-07,4178,2904,143.9
5836,-14,5822,51,-1,50,13,0,13,2020-10-08,4544,3007,151.1
5983,-12,5971,66,0,66,15,-2,13,2020-10-09,4850,3157,153.6
6528,-29,6499,50,-1,49,23,0,23,2020-10-10,5215,3337,156.3
6388,-15,6373,54,-1,53,18,-1,17,2020-10-11,5555,3480,159.6
6866,-21,6845,58,0,58,12,0,12,2020-10-12,5878,3720,158
7383,-5,7378,111,0,111,35,0,35,2020-10-13,6284,3938,159.6
7311,-24,7287,76,-2,74,32,0,32,2020-10-14,6614,4178,158.3
7908,-117,7791,77,-3,74,29,0,29,2020-10-15,6910,4544,152.1
7993,-9,7984,86,-1,85,18,-2,16,2020-10-16,7197,4850,148.4
8148,-34,8114,80,0,80,30,-1,29,2020-10-17,7428,5215,142.4
8231,-49,8182,70,-1,69,14,0,14,2020-10-18,7691,5555,138.5
8023,-31,7992,85,-1,84,17,0,17,2020-10-19,7857,5878,133.7
8188,-23,8165,93,0,93,46,0,46,2020-10-20,7972,6284,126.9
8788,-45,8743,101,0,101,60,-1,59,2020-10-21,8183,6614,123.7
9286,-15,9271,111,-1,110,48,-2,46,2020-10-22,8380,6910,121.3
10007,-11,9996,112,0,112,46,-1,45,2020-10-23,8667,7197,120.4
8676,-25,8651,92,0,92,55,0,55,2020-10-24,8743,7428,117.7
10210,-8,10202,110,-1,109,27,0,27,2020-10-25,9025,7691,117.3
10386,-43,10343,78,-1,77,27,-1,26,2020-10-26,9363,7857,119.2
10449,-157,10292,109,0,109,71,-1,70,2020-10-27,9686,7972,121.5
8147,-45,8102,92,-1,91,61,-1,60,2020-10-28,9594,8183,117.2
10301,-37,10264,80,0,80,57,-1,56,2020-10-29,9739,8380,116.2
11143,-24,11119,106,0,106,88,-1,87,2020-10-30,9902,8667,114.2
9839,-35,9804,119,-2,117,51,-1,50,2020-10-31,10068,8743,115.2
8740,-57,8683,111,-2,109,39,0,39,2020-11-01,9858,9025,109.2
8306,-20,8286,91,-2,89,29,0,29,2020-11-02,9561,9363,102.1
7776,-33,7743,103,0,103,113,0,113,2020-11-03,9179,9686,94.8
7657,-24,7633,102,-3,99,106,0,106,2020-11-04,9109,9594,94.9
6996,-31,6965,101,-2,99,87,0,87,2020-11-05,8637,9739,88.7
7272,-30,7242,94,-5,89,118,0,118,2020-11-06,8084,9902,81.6
6689,-18,6671,123,-2,121,73,0,73,2020-11-07,7634,10068,75.8
5703,-39,5664,98,-4,94,44,0,44,2020-11-08,7200,9858,73
4709,-29,4680,57,-3,54,40,-1,39,2020-11-09,6686,9561,69.9
4695,-28,4667,75,-1,74,98,0,98,2020-11-10,6246,9179,68
5424,-17,5407,75,-3,72,76,-2,74,2020-11-11,5927,9109,65.1
5658,-24,5634,93,-1,92,89,0,89,2020-11-12,5736,8637,66.4
6109,-18,6091,87,0,87,54,0,54,2020-11-13,5570,8084,68.9
5941,-27,5914,97,-5,92,86,-1,85,2020-11-14,5463,7634,71.6
5457,-44,5413,99,-3,96,45,-2,43,2020-11-15,5428,7200,75.4
4873,-43,4830,86,0,86,45,-1,44,2020-11-16,5451,6686,81.5
4320,-18,4302,79,0,79,88,-2,86,2020-11-17,5397,6246,86.4
4628,-19,4609,107,-3,104,84,-2,82,2020-11-18,5284,5927,89.2
5725,-80,5645,96,-3,93,75,-2,73,2020-11-19,5293,5736,92.3
5974,-41,5933,64,0,64,51,0,51,2020-11-20,5274,5570,94.7
6093,-23,6070,83,-1,82,48,0,48,2020-11-21,5296,5463,96.9
5407,-19,5388,68,-1,67,21,0,21,2020-11-22,5289,5428,97.4
5214,-44,5170,51,-1,50,54,0,54,2020-11-23,5337,5451,97.9
3979,-53,3926,82,-1,81,90,0,90,2020-11-24,5289,5397,98
4947,-38,4909,77,-3,74,74,0,74,2020-11-25,5334,5284,100.9
4506,-36,4470,64,0,64,76,-1,75,2020-11-26,5160,5293,97.5
5790,-47,5743,78,-1,77,84,-1,83,2020-11-27,5134,5274,97.3
4499,-40,4459,71,-2,69,59,0,59,2020-11-28,4906,5296,92.6
5609,-24,5585,77,-4,73,25,-2,23,2020-11-29,4935,5289,93.3
4610,-42,4568,54,-2,52,29,-2,27,2020-11-30,4849,5337,90.9
4073,-28,4045,61,-2,59,62,0,62,2020-12-01,4862,5289,91.9
4942,-21,4921,63,-4,59,66,0,66,2020-12-02,4861,5334,91.1
5641,-35,5606,74,-1,73,61,0,61,2020-12-03,5023,5160,97.3
5935,-61,5874,55,-2,53,58,0,58,2020-12-04,5044,5134,98.2
6577,-56,6521,62,-2,60,39,0,39,2020-12-05,5341,4906,108.9
6814,-35,6779,52,0,52,25,0,25,2020-12-06,5513,4935,111.7
7134,-67,7067,75,-2,73,19,-2,17,2020-12-07,5874,4849,121.1
6187,-41,6146,72,-1,71,71,0,71,2020-12-08,6176,4862,127
6589,-61,6528,77,-1,76,66,0,66,2020-12-09,6411,4861,131.9
8793,-73,8720,73,-2,71,64,-3,61,2020-12-10,6861,5023,136.6
8894,-56,8838,59,-5,54,65,-1,64,2020-12-11,7284,5044,144.4
9182,-102,9080,80,-3,77,53,0,53,2020-12-12,7656,5341,143.3
9924,-40,9884,83,-2,81,29,0,29,2020-12-13,8100,5513,146.9
8496,-39,8457,75,0,75,35,-1,34,2020-12-14,8295,5874,141.2
6682,-49,6633,66,0,66,86,0,86,2020-12-15,8366,6176,135.5
11214,-45,11169,66,0,66,77,0,77,2020-12-16,9026,6411,140.8
12844,-65,12779,97,-2,95,77,-1,76,2020-12-17,9605,6861,140
12028,-97,11931,86,-1,85,85,-1,84,2020-12-18,10053,7284,138
12282,-65,12217,105,0,105,56,-2,54,2020-12-19,10496,7656,137.1
13066,-34,13032,102,-3,99,32,0,32,2020-12-20,10945,8100,135.1
11212,-44,11168,78,-3,75,31,-3,28,2020-12-21,11333,8295,136.6
9872,-62,9810,87,-4,83,116,-2,114,2020-12-22,11788,8366,140.9
10447,-59,10388,95,-1,94,106,-2,104,2020-12-23,11679,9026,129.4
11555,-56,11499,92,-1,91,89,0,89,2020-12-24,11495,9605,119.7
11550,-63,11487,86,-1,85,97,-2,95,2020-12-25,11426,10053,113.7
9880,-32,9848,71,-2,69,49,0,49,2020-12-26,11083,10496,105.6
9108,-28,9080,79,-1,78,29,-1,28,2020-12-27,10518,10945,96.1
7453,-38,7415,93,-3,90,44,0,44,2020-12-28,9981,11333,88.1
7561,-59,7502,114,-2,112,171,-1,170,2020-12-29,9651,11788,81.9
9504,-106,9398,95,-1,94,112,-1,111,2020-12-30,9516,11679,81.5
9719,-38,9681,140,-2,138,109,0,109,2020-12-31,9254,11495,80.5
8215,-32,8183,78,-1,77,98,-1,97,2021-01-01,8777,11426,76.8
8630,-29,8601,58,-1,57,38,-2,36,2021-01-02,8599,11083,77.6
7438,-40,7398,112,-5,107,47,0,47,2021-01-03,8360,10518,79.5
6671,-108,6563,73,-2,71,65,-2,63,2021-01-04,8248,9981,82.6
6412,-74,6338,96,-3,93,152,-2,150,2021-01-05,8084,9651,83.8
7142,-43,7099,106,-4,102,175,-1,174,2021-01-06,7747,9516,81.4
9737,-110,9627,92,-4,88,85,0,85,2021-01-07,7749,9254,83.7
8169,-45,8124,86,-2,84,89,-2,87,2021-01-08,7743,8777,88.2
7383,-62,7321,78,-2,76,139,-3,136,2021-01-09,7565,8599,88
6657,-45,6612,81,-3,78,54,0,54,2021-01-10,7453,8360,89.2
5499,-83,5416,61,-2,59,50,0,50,2021-01-11,7286,8248,88.3
4986,-114,4872,102,-5,97,153,-1,152,2021-01-12,7082,8084,87.6
6148,-62,6086,70,-1,69,122,0,122,2021-01-13,6940,7747,89.6
6575,-109,6466,78,-2,76,89,0,89,2021-01-14,6488,7749,83.7
6093,-84,6009,76,0,76,96,-2,94,2021-01-15,6192,7743,80
5340,-80,5260,54,-5,49,98,-1,97,2021-01-16,5900,7565,78
5622,-24,5598,70,-1,69,43,-2,41,2021-01-17,5752,7453,77.2
4822,-68,4754,88,-2,86,59,-9,50,2021-01-18,5655,7286,77.6
4335,-63,4272,101,-2,99,106,0,106,2021-01-19,5562,7082,78.5
5615,-85,5530,75,-2,73,87,-1,86,2021-01-20,5486,6940,79
5857,-83,5774,87,-2,85,91,-2,89,2021-01-21,5383,6488,83
5791,-47,5744,73,-3,70,89,-4,85,2021-01-22,5340,6192,86.2
5487,-73,5414,80,-4,76,89,-1,88,2021-01-23,5361,5900,90.9
4924,-33,4891,63,-3,60,30,0,30,2021-01-24,5262,5752,91.5
4129,-112,4017,103,-1,102,40,-1,39,2021-01-25,5163,5655,91.3
3997,-80,3917,73,-2,71,87,-2,85,2021-01-26,5114,5562,91.9
4774,-48,4726,68,-1,67,69,0,69,2021-01-27,4994,5486,91
4740,-81,4659,65,-2,63,85,-2,83,2021-01-28,4835,5383,89.8
4438,-88,4350,64,-2,62,58,-2,56,2021-01-29,4641,5340,86.9
4211,-38,4173,82,-3,79,88,-1,87,2021-01-30,4459,5361,83.2
3714,-14,3700,58,-1,57,40,-1,39,2021-01-31,4286,5262,81.5
3280,-92,3188,39,-2,37,27,0,27,2021-02-01,4165,5163,80.7
3592,-31,3561,68,-1,67,83,0,83,2021-02-02,4107,5114,80.3
4060,-47,4013,67,-1,66,62,-1,61,2021-02-03,4005,4994,80.2
4246,-53,4193,69,0,69,67,-2,65,2021-02-04,3934,4835,81.4
4365,-44,4321,93,-1,92,60,0,60,2021-02-05,3924,4641,84.6
4130,-55,4075,73,-1,72,61,0,61,2021-02-06,3912,4459,87.7
3963,-29,3934,58,0,58,48,0,48,2021-02-07,3948,4286,92.1
2273,-52,2221,40,-1,39,25,0,25,2021-02-08,3804,4165,91.3
1779,-35,1744,56,0,56,85,-2,83,2021-02-09,3545,4107,86.3
3226,-43,3183,69,-3,66,78,0,78,2021-02-10,3426,4005,85.5
4472,-78,4394,73,-1,72,74,-1,73,2021-02-11,3458,3934,87.9
4385,-44,4341,84,-1,83,66,-1,65,2021-02-12,3461,3924,88.2
4229,-35,4194,63,-2,61,67,-1,66,2021-02-13,3475,3912,88.8
3497,-50,3447,62,-1,61,23,0,23,2021-02-14,3409,3948,86.3
2875,-65,2810,49,-4,45,27,0,27,2021-02-15,3495,3804,91.9
2735,-34,2701,59,-1,58,88,-2,86,2021-02-16,3631,3545,102.4
3416,-55,3361,78,-1,77,89,-1,88,2021-02-17,3658,3426,106.8
4618,-100,4518,64,-1,63,74,-2,72,2021-02-18,3679,3458,106.4
4761,-35,4726,73,-1,72,50,-1,49,2021-02-19,3733,3461,107.9
4604,-39,4565,93,-1,92,62,0,62,2021-02-20,3787,3475,109
4720,-46,4674,43,-1,42,17,0,17,2021-02-21,3961,3409,116.2
4217,-55,4162,65,0,65,32,0,32,2021-02-22,4153,3495,118.8
3846,-49,3797,59,0,59,94,0,94,2021-02-23,4312,3631,118.8
4420,-58,4362,49,-1,48,63,0,63,2021-02-24,4455,3658,121.8
5048,-37,5011,58,-5,53,33,-1,32,2021-02-25,4517,3679,122.8
5151,-38,5113,55,-2,53,65,0,65,2021-02-26,4572,3733,122.5
4993,-56,4937,86,-2,84,41,-1,40,2021-02-27,4628,3787,122.2
4729,-60,4669,65,-2,63,21,-1,20,2021-02-28,4629,3961,116.9
3826,-64,3762,68,-2,66,22,-1,21,2021-03-01,4573,4153,110.1
4032,-51,3981,54,-1,53,66,-1,65,2021-03-02,4600,4312,106.7
5090,-93,4997,50,-1,49,48,0,48,2021-03-03,4696,4455,105.4
4161,-47,4114,61,-1,60,33,0,33,2021-03-04,4569,4517,101.2
4727,-58,4669,78,-1,77,32,0,32,2021-03-05,4508,4572,98.6
5378,-42,5336,45,0,45,42,-1,41,2021-03-06,4563,4628,98.6
4567,-41,4526,79,-1,78,30,0,30,2021-03-07,4540,4629,98.1
3924,-90,3834,63,0,63,26,0,26,2021-03-08,4554,4573,99.6
4333,-40,4293,94,0,94,58,0,58,2021-03-09,4597,4600,99.9
5330,-58,5272,67,-1,66,31,0,31,2021-03-10,4631,4696,98.6
5380,-58,5322,80,0,80,50,0,50,2021-03-11,4806,4569,105.2
6068,-42,6026,80,-1,79,27,-1,26,2021-03-12,4997,4508,110.8
6446,-50,6396,60,-2,58,22,0,22,2021-03-13,5150,4563,112.9
6012,-38,5974,58,0,58,24,-1,23,2021-03-14,5356,4540,118
5549,-80,5469,52,-4,48,18,0,18,2021-03-15,5588,4554,122.7
4985,-83,4902,59,-1,58,32,0,32,2021-03-16,5681,4597,123.6
5974,-50,5924,70,0,70,47,-1,46,2021-03-17,5773,4631,124.7
6187,-62,6125,73,-1,72,33,0,33,2021-03-18,5889,4806,122.5
7425,-50,7375,74,0,74,46,0,46,2021-03-19,6083,4997,121.7
7668,-75,7593,63,0,63,18,-2,16,2021-03-20,6257,5150,121.5
7025,-60,6965,70,-2,68,15,0,15,2021-03-21,6402,5356,119.5
6340,-79,6261,62,-1,61,15,0,15,2021-03-22,6515,5588,116.6
5636,-76,5560,79,0,79,49,0,49,2021-03-23,6608,5681,116.3
7624,-45,7579,64,-2,62,31,1,32,2021-03-24,6844,5773,118.6
7740,-38,7702,93,-1,92,25,0,25,2021-03-25,7065,5889,120
7644,-82,7562,79,0,79,25,0,25,2021-03-26,7097,6083,116.7
8868,-70,8798,66,0,66,29,0,29,2021-03-27,7268,6257,116.2
7513,-83,7430,73,0,73,15,0,15,2021-03-28,7338,6402,114.6
6824,-106,6718,56,-1,55,10,0,10,2021-03-29,7407,6515,113.7
5909,-81,5828,66,0,66,36,-2,34,2021-03-30,7446,6608,112.7
7684,-51,7633,96,-1,95,29,0,29,2021-03-31,7455,6844,108.9
7882,-55,7827,67,-1,66,22,-1,21,2021-04-01,7475,7065,105.8
7296,-43,7253,91,-1,90,17,-1,16,2021-04-02,7425,7097,104.6
7682,-54,7628,68,-1,67,31,0,31,2021-04-03,7256,7268,99.8
6918,-96,6822,60,-1,59,16,0,16,2021-04-04,7171,7338,97.7
5365,-45,5320,57,-1,56,8,-1,7,2021-04-05,6962,7407,94
5592,-51,5541,105,-1,104,20,0,20,2021-04-06,6917,7446,92.9
6409,-63,6346,140,0,140,23,0,23,2021-04-07,6735,7455,90.3
7833,-50,7783,71,-1,70,19,0,19,2021-04-08,6728,7475,90
7716,-81,7635,106,-1,105,41,-1,40,2021-04-09,6788,7425,91.4
7725,-49,7676,57,-1,56,23,0,23,2021-04-10,6794,7256,93.6
8288,-70,8218,92,-1,91,17,0,17,2021-04-11,6990,7171,97.5
6757,-82,6675,68,0,68,20,0,20,2021-04-12,7189,6962,103.3
6797,-112,6685,80,-2,78,31,0,31,2021-04-13,7361,6917,106.4
5503,-117,5386,79,-3,76,28,-2,26,2021-04-14,7231,6735,107.4
8797,-63,8734,91,-1,90,14,-1,13,2021-04-15,7369,6728,109.5
8966,-68,8898,47,0,47,12,0,12,2021-04-16,7548,6788,111.2
8336,-51,8285,83,0,83,31,0,31,2021-04-17,7635,6794,112.4
8600,-95,8505,68,0,68,12,0,12,2021-04-18,7679,6990,109.9
7187,-70,7117,96,-1,95,22,0,22,2021-04-19,7741,7189,107.7
6871,-49,6822,59,-1,58,27,0,27,2021-04-20,7751,7361,105.3
8530,-59,8471,79,-1,78,18,0,18,2021-04-21,8184,7231,113.2
9648,-37,9611,83,0,83,20,-1,19,2021-04-22,8305,7369,112.7
9292,-82,9210,101,-3,98,14,0,14,2021-04-23,8352,7548,110.7
8123,-63,8060,58,-1,57,22,0,22,2021-04-24,8322,7635,109
8079,-66,8013,81,0,81,11,0,11,2021-04-25,8247,7679,107.4
6257,-57,6200,68,0,68,13,0,13,2021-04-26,8114,7741,104.8
5373,-36,5337,80,-2,78,31,0,31,2021-04-27,7900,7751,101.9
8713,-64,8649,76,-4,72,11,0,11,2021-04-28,7926,8184,96.8
7344,-73,7271,65,-2,63,20,0,20,2021-04-29,7597,8305,91.5
7830,-72,7758,79,-1,78,22,2,24,2021-04-30,7388,8352,88.5
5836,-81,5755,102,0,102,21,0,21,2021-05-01,7062,8322,84.9
5534,-26,5508,24,0,24,3,0,3,2021-05-02,6698,8247,81.2
9263,-76,9187,94,-3,91,17,0,17,2021-05-03,7128,8114,87.8
7830,-105,7725,85,-2,83,32,0,32,2021-05-04,7479,7900,94.7
7336,-63,7273,87,0,87,24,0,24,2021-05-05,7282,7926,91.9
6861,-72,6789,72,0,72,24,0,24,2021-05-06,7213,7597,94.9
7575,-94,7481,66,0,66,22,-1,21,2021-05-07,7176,7388,97.1
7521,-122,7399,73,-1,72,29,0,29,2021-05-08,7417,7062,105
6704,-151,6553,60,0,60,4,0,4,2021-05-09,7584,6698,113.2
5910,-52,5858,76,0,76,17,0,17,2021-05-10,7105,7128,99.7
5586,-68,5518,90,0,90,44,-1,43,2021-05-11,6785,7479,90.7
6422,-66,6356,71,0,71,16,0,16,2021-05-12,6654,7282,91.4
6088,-75,6013,49,-2,47,14,0,14,2021-05-13,6544,7213,90.7
5608,-93,5515,49,0,49,10,0,10,2021-05-14,6263,7176,87.3
4520,-74,4446,59,0,59,13,0,13,2021-05-15,5834,7417,78.7
4494,-58,4436,58,0,58,13,0,13,2021-05-16,5518,7584,72.8
2904,-75,2829,36,0,36,7,0,7,2021-05-17,5089,7105,71.6
5396,-70,5326,56,0,56,17,0,17,2021-05-18,5062,6785,74.6
4613,-64,4549,53,-1,52,15,0,15,2021-05-19,4803,6654,72.2
4688,-56,4632,61,-1,60,18,0,18,2021-05-20,4603,6544,70.3
4219,-71,4148,40,0,40,12,0,12,2021-05-21,4405,6263,70.3
3221,-59,3162,65,-2,63,19,0,19,2021-05-22,4219,5834,72.3
3471,-49,3422,47,0,47,8,-1,7,2021-05-23,4073,5518,73.8
2766,-76,2690,38,0,38,11,-2,9,2021-05-24,4053,5089,79.6
2531,-69,2462,35,-2,33,13,0,13,2021-05-25,3644,5062,72
2794,-40,2754,38,0,38,10,0,10,2021-05-26,3384,4803,70.5
3426,-98,3328,45,0,45,16,0,16,2021-05-27,3204,4603,69.6
3914,-62,3852,44,-1,43,15,0,15,2021-05-28,3160,4405,71.7
3438,-57,3381,37,-2,35,8,0,8,2021-05-29,3191,4219,75.6
2785,-66,2719,25,0,25,6,0,6,2021-05-30,3093,4073,75.9
2134,-92,2042,25,0,25,2,0,2,2021-05-31,3003,4053,74.1
2530,-210,2320,25,0,25,9,0,9,2021-06-01,3003,3644,82.4
2602,-100,2502,43,-2,41,12,0,12,2021-06-02,2976,3384,87.9
2803,-68,2735,33,0,33,14,0,14,2021-06-03,2887,3204,90.1
2440,-58,2382,27,0,27,8,0,8,2021-06-04,2676,3160,84.7
2160,-39,2121,29,0,29,9,0,9,2021-06-05,2493,3191,78.1
1596,-66,1530,19,-2,17,3,0,3,2021-06-06,2324,3093,75.1
1490,-113,1377,13,-1,12,3,0,3,2021-06-07,2232,3003,74.3
1465,-46,1419,21,-3,18,14,0,14,2021-06-08,2079,3003,69.2
1791,-77,1714,23,-2,21,5,0,5,2021-06-09,1964,2976,66
1607,-46,1561,31,-1,30,5,0,5,2021-06-10,1793,2887,62.1
1417,-40,1377,19,0,19,3,0,3,2021-06-11,1647,2676,61.5
1265,-60,1205,10,0,10,1,0,1,2021-06-12,1519,2493,60.9
1066,-25,1041,14,-1,13,3,-1,2,2021-06-13,1443,2324,62.1
899,-47,852,9,-2,7,3,0,3,2021-06-14,1359,2232,60.9
1062,-30,1032,18,0,18,1,0,1,2021-06-15,1301,2079,62.6
1040,-24,1016,18,-1,17,4,0,4,2021-06-16,1194,1964,60.8
1086,-22,1064,14,-1,13,3,0,3,2021-06-17,1119,1793,62.4
918,-30,888,19,0,19,2,-1,1,2021-06-18,1048,1647,63.6
713,-27,686,17,0,17,3,0,3,2021-06-19,969,1519,63.8
735,-34,701,9,0,9,1,-1,0,2021-06-20,922,1443,63.9
585,-26,559,12,0,12,1,0,1,2021-06-21,877,1359,64.5
724,-38,686,11,-1,10,3,0,3,2021-06-22,829,1301,63.7
679,-27,652,8,0,8,4,0,4,2021-06-23,777,1194,65.1
716,-16,700,8,-2,6,1,0,1,2021-06-24,724,1119,64.7
659,-18,641,4,-1,3,5,0,5,2021-06-25,687,1048,65.6
569,-17,552,10,0,10,0,0,0,2021-06-26,667,969,68.8
522,-24,498,9,-1,8,1,0,1,2021-06-27,636,922,69
580,-23,557,6,0,6,0,0,0,2021-06-28,636,877,72.5
552,-14,538,3,0,3,4,0,4,2021-06-29,611,829,73.7
657,-23,634,13,0,13,0,0,0,2021-06-30,608,777,78.2
845,-20,825,7,-1,6,3,0,3,2021-07-01,626,724,86.5
962,-21,941,5,0,5,7,0,7,2021-07-02,670,687,97.5
1146,-21,1125,3,0,3,1,0,1,2021-07-03,752,667,112.7
1239,-24,1215,3,0,3,0,0,0,2021-07-04,854,636,134.3
1545,-26,1519,0,-1,-1,1,0,1,2021-07-05,992,636,156
2253,-44,2209,4,0,4,1,0,1,2021-07-06,1235,611,202.1
3688,-42,3646,7,-2,5,2,0,2,2021-07-07,1668,608,274.3
5475,-44,5431,2,0,2,2,0,2,2021-07-08,2330,626,372.2
6986,-60,6926,4,0,4,2,0,2,2021-07-09,3190,670,476.1
10345,-62,10283,7,0,7,1,0,1,2021-07-10,4504,752,598.9
9398,-80,9318,11,0,11,0,0,0,2021-07-11,5670,854,663.9
8522,-81,8441,9,0,9,1,0,1,2021-07-12,6667,992,672.1
7888,-67,7821,7,-2,5,3,0,3,2021-07-13,7472,1235,605
10492,-66,10426,9,-1,8,1,0,1,2021-07-14,8444,1668,506.2
11064,-88,10976,19,-1,18,3,0,3,2021-07-15,9242,2330,396.7
11363,-66,11297,17,1,18,2,0,2,2021-07-16,9867,3190,309.3
11134,-98,11036,16,0,16,0,0,0,2021-07-17,9980,4504,221.6
10247,-112,10135,17,0,17,1,0,1,2021-07-18,10101,5670,178.1
8932,-58,8874,11,0,11,2,0,2,2021-07-19,10160,6667,152.4
6823,-124,6699,29,-2,27,5,0,5,2021-07-20,10008,7472,133.9
6945,-48,6897,16,-1,15,3,0,3,2021-07-21,9501,8444,112.5
6301,-68,6233,20,-1,19,3,0,3,2021-07-22,8821,9242,95.4
6453,-58,6395,29,0,29,3,0,3,2021-07-23,8119,9867,82.3
5323,-54,5269,26,0,26,4,0,4,2021-07-24,7289,9980,73
4665,-81,4584,26,-1,25,4,0,4,2021-07-25,6492,10101,64.3
3914,-63,3851,23,-2,21,1,0,1,2021-07-26,5775,10160,56.8
4042,-85,3957,28,0,28,3,0,3,2021-07-27,5378,10008,53.7
3513,-58,3455,31,-3,28,8,0,8,2021-07-28,4887,9501,51.4
4506,-91,4415,40,-2,38,3,0,3,2021-07-29,4631,8821,52.5
3463,-76,3387,32,-2,30,6,0,6,2021-07-30,4204,8119,51.8
2983,-58,2925,35,0,35,6,0,6,2021-07-31,3869,7289,53.1
2350,-46,2304,31,0,31,2,0,2,2021-08-01,3539,6492,54.5
2136,-42,2094,23,-1,22,0,0,0,2021-08-02,3285,5775,56.9
2263,-79,2184,32,-1,31,3,0,3,2021-08-03,3031,5378,56.4
2836,-73,2763,40,-2,38,7,0,7,2021-08-04,2934,4887,60
3402,-44,3358,22,-1,21,11,0,11,2021-08-05,2776,4631,59.9
2951,-44,2907,19,0,19,8,0,8,2021-08-06,2703,4204,64.3
2448,-56,2392,25,0,25,9,0,9,2021-08-07,2627,3869,67.9
2347,-55,2292,25,0,25,2,0,2,2021-08-08,2626,3539,74.2
2077,-51,2026,25,0,25,2,0,2,2021-08-09,2618,3285,79.7
2204,-43,2161,19,-1,18,7,0,7,2021-08-10,2609,3031,86.1
2155,-43,2112,21,0,21,9,0,9,2021-08-11,2512,2934,85.6
2614,-51,2563,30,-2,28,7,0,7,2021-08-12,2399,2776,86.4
2718,-41,2677,21,-2,19,6,0,6,2021-08-13,2366,2703,87.5
2349,-46,2303,22,-1,21,6,0,6,2021-08-14,2352,2627,89.5
2298,-45,2253,28,0,28,3,0,3,2021-08-15,2345,2626,89.3
2275,-47,2228,26,0,26,6,0,6,2021-08-16,2373,2618,90.6
2358,-52,2306,16,0,16,5,0,5,2021-08-17,2395,2609,91.8
2824,-47,2777,35,-1,34,7,0,7,2021-08-18,2491,2512,99.2
2524,-36,2488,32,-1,31,6,0,6,2021-08-19,2478,2399,103.3
2250,-41,2209,31,-1,30,6,0,6,2021-08-20,2411,2366,101.9
2467,-59,2408,35,0,35,8,0,8,2021-08-21,2428,2352,103.2
2499,-46,2453,16,-1,15,6,0,6,2021-08-22,2457,2345,104.8
2425,-35,2390,25,0,25,4,-1,3,2021-08-23,2478,2373,104.4
2504,-67,2437,27,0,27,11,0,11,2021-08-24,2499,2395,104.3
2863,-35,2828,26,0,26,7,0,7,2021-08-25,2505,2491,100.6
2651,-57,2594,27,-1,26,8,0,8,2021-08-26,2523,2478,101.8
2853,-38,2815,26,0,26,4,-1,3,2021-08-27,2609,2411,108.2
2494,-44,2450,34,0,34,9,0,9,2021-08-28,2613,2428,107.6
2342,-53,2289,29,0,29,2,0,2,2021-08-29,2590,2457,105.4
2213,-42,2171,28,-1,27,2,0,2,2021-08-30,2560,2478,103.3
2349,-37,2312,39,-1,38,12,0,12,2021-08-31,2538,2499,101.6
2878,-51,2827,27,-3,24,2,0,2,2021-09-01,2540,2505,101.4
2821,-48,2773,29,-2,27,5,0,5,2021-09-02,2564,2523,101.6
2576,-36,2540,18,0,18,9,0,9,2021-09-03,2525,2609,96.8
2793,-102,2691,16,-2,14,9,0,9,2021-09-04,2567,2613,98.2
2393,-46,2347,32,0,32,2,0,2,2021-09-05,2575,2590,99.4
2151,-36,2115,33,-1,32,3,0,3,2021-09-06,2566,2560,100.2
2501,-45,2456,34,-1,33,8,0,8,2021-09-07,2588,2538,102
2843,-62,2781,21,0,21,7,0,7,2021-09-08,2583,2540,101.7
2403,-41,2362,30,-1,29,3,0,3,2021-09-09,2523,2564,98.4
2730,-43,2687,28,-1,27,4,0,4,2021-09-10,2545,2525,100.8
2245,-47,2198,24,-1,23,6,0,6,2021-09-11,2467,2567,96.1
2129,-47,2082,24,0,24,1,0,1,2021-09-12,2429,2575,94.3
1777,-38,1739,22,0,22,4,0,4,2021-09-13,2375,2566,92.6
2041,-32,2009,27,-1,26,10,0,10,2021-09-14,2310,2588,89.3
2402,-48,2354,20,-1,19,7,0,7,2021-09-15,2247,2583,87
2130,-32,2098,18,0,18,7,0,7,2021-09-16,2208,2523,87.5
2172,-34,2138,24,-1,23,10,0,10,2021-09-17,2128,2545,83.6
2051,-51,2000,11,0,11,4,0,4,2021-09-18,2100,2467,85.1
1694,-31,1663,22,0,22,3,0,3,2021-09-19,2038,2429,83.9
1370,-44,1326,15,0,15,9,0,9,2021-09-20,1980,2375,83.4
1694,-30,1664,18,0,18,5,0,5,2021-09-21,1930,2310,83.5
1935,-35,1900,21,-1,20,4,0,4,2021-09-22,1864,2247,83
1841,-18,1823,25,-1,24,12,0,12,2021-09-23,1822,2208,82.5
1718,-37,1681,12,-1,11,3,0,3,2021-09-24,1758,2128,82.6
1625,-33,1592,12,0,12,2,0,2,2021-09-25,1697,2100,80.8
1624,-27,1597,16,0,16,1,0,1,2021-09-26,1687,2038,82.8
1411,-24,1387,17,0,17,4,0,4,2021-09-27,1693,1980,85.5
1739,-32,1707,19,-1,18,8,0,8,2021-09-28,1699,1930,88
1776,-21,1755,13,0,13,6,0,6,2021-09-29,1676,1864,89.9
1732,-29,1703,26,0,26,2,0,2,2021-09-30,1661,1822,91.2
1741,-28,1713,24,0,24,6,0,6,2021-10-01,1664,1758,94.7
1686,-28,1658,15,-2,13,5,0,5,2021-10-02,1673,1697,98.6
1620,-17,1603,16,0,16,1,0,1,2021-10-03,1672,1687,99.1
1648,-24,1624,16,0,16,2,0,2,2021-10-04,1706,1693,100.8
1932,-50,1882,20,0,20,7,0,7,2021-10-05,1734,1699,102.1
1929,-34,1895,22,0,22,3,0,3,2021-10-06,1755,1676,104.7
2760,-14,2746,16,0,16,6,0,6,2021-10-07,1902,1661,114.5
2790,-29,2761,13,0,13,2,0,2,2021-10-08,2052,1664,123.3
2520,-19,2501,18,0,18,2,0,2,2021-10-09,2171,1673,129.8
2288,-30,2258,15,-1,14,0,0,0,2021-10-10,2267,1672,135.6
2275,436,2711,18,2,20,5,0,5,2021-10-11,2356,1706,138.1
2914,-27,2887,22,0,22,6,0,6,2021-10-12,2497,1734,144
3746,-30,3716,12,0,12,12,0,12,2021-10-13,2756,1755,157
3662,-39,3623,27,0,27,4,0,4,2021-10-14,2885,1902,151.7
3736,-27,3709,20,0,20,6,0,6,2021-10-15,3020,2052,147.2
3737,-35,3702,23,0,23,5,0,5,2021-10-16,3194,2171,147.1
3703,-31,3672,27,0,27,6,0,6,2021-10-17,3396,2267,149.8
3389,-35,3354,19,0,19,2,0,2,2021-10-18,3555,2356,150.9
3949,-54,3895,27,0,27,13,0,13,2021-10-19,3703,2497,148.3
4609,-35,4574,42,-1,41,10,0,10,2021-10-20,3826,2756,138.8
5223,-28,5195,45,0,45,7,0,7,2021-10-21,4049,2885,140.3
5903,-35,5868,32,-2,30,10,0,10,2021-10-22,4359,3020,144.3
5719,-43,5676,52,0,52,25,-2,23,2021-10-23,4642,3194,145.3
6350,-60,6290,43,-2,41,1,0,1,2021-10-24,5020,3396,147.8
5331,-35,5296,26,-1,25,6,0,6,2021-10-25,5298,3555,149
5791,-44,5747,25,0,25,20,0,20,2021-10-26,5561,3703,150.2
7301,-41,7260,34,-1,33,17,0,17,2021-10-27,5945,3826,155.4
7717,-34,7683,45,0,45,15,-1,14,2021-10-28,6302,4049,155.6
7439,-50,7389,44,0,44,13,0,13,2021-10-29,6521,4359,149.6
7999,-57,7942,38,0,38,13,0,13,2021-10-30,6847,4642,147.5
8219,-47,8172,53,0,53,14,0,14,2021-10-31,7114,5020,141.7
7744,-50,7694,36,0,36,12,0,12,2021-11-01,7459,5298,140.8
7761,-34,7727,36,-1,35,18,0,18,2021-11-02,7740,5561,139.2
9195,-86,9109,56,-2,54,33,0,33,2021-11-03,8011,5945,134.8
10272,-58,10214,53,-1,52,24,-1,23,2021-11-04,8376,6302,132.9
10949,-38,10911,52,-1,51,20,0,20,2021-11-05,8877,6521,136.1
12024,-70,11954,48,-1,47,36,0,36,2021-11-06,9452,6847,138
11398,-49,11349,55,0,55,8,0,8,2021-11-07,9906,7114,139.2
11848,-44,11804,51,-1,50,22,0,22,2021-11-08,10492,7459,140.7
11352,-70,11282,42,-3,39,29,0,29,2021-11-09,11005,7740,142.2
12713,-65,12648,59,-1,58,25,0,25,2021-11-10,11508,8011,143.7
16364,-77,16287,78,0,78,26,0,26,2021-11-11,12378,8376,147.8
16287,-83,16204,62,-1,61,32,0,32,2021-11-12,13141,8877,148
13902,-54,13848,43,-1,42,33,0,33,2021-11-13,13409,9452,141.9
12052,-28,12024,42,0,42,7,-1,6,2021-11-14,13503,9906,136.3
19274,-77,19197,57,-1,56,16,0,16,2021-11-15,14563,10492,138.8
20252,-84,20168,53,-1,52,35,0,35,2021-11-16,15835,11005,143.9
20829,-69,20760,59,-2,57,44,0,44,2021-11-17,16994,11508,147.7
23680,-89,23591,88,0,88,34,0,34,2021-11-18,18039,12378,145.7
21099,-73,21026,61,0,61,39,-2,37,2021-11-19,18727,13141,142.5
21873,-79,21794,66,-3,63,55,0,55,2021-11-20,19866,13409,148.2
20717,-74,20643,73,-1,72,11,0,11,2021-11-21,21103,13503,156.3
23066,-64,23002,61,0,61,29,0,29,2021-11-22,21645,14563,148.6
23039,-83,22956,79,-1,78,53,0,53,2021-11-23,22043,15835,139.2
23789,-80,23709,86,0,86,50,0,50,2021-11-24,22466,16994,132.2
22274,-90,22184,112,-1,111,61,-1,60,2021-11-25,22265,18039,123.4
21350,-72,21278,120,-1,119,59,0,59,2021-11-26,22301,18727,119.1
22089,-58,22031,78,-1,77,55,0,55,2021-11-27,22332,19866,112.4
22193,-60,22133,66,0,66,45,0,45,2021-11-28,22543,21103,106.8
21552,-109,21443,78,-1,77,33,-1,32,2021-11-29,22327,21645,103.2
22199,-45,22154,55,-2,53,65,0,65,2021-11-30,22207,22043,100.7
18588,-73,18515,76,-2,74,45,0,45,2021-12-01,21464,22466,95.5
23142,-99,23043,137,0,137,65,0,65,2021-12-02,21588,22265,97
21612,-83,21529,89,-2,87,62,0,62,2021-12-03,21625,22301,97
22723,-110,22613,89,-1,88,56,0,56,2021-12-04,21716,22332,97.2
23153,-75,23078,74,0,74,26,0,26,2021-12-05,21853,22543,96.9
21053,-88,20965,70,-1,69,34,0,34,2021-12-06,21781,22327,97.6
18017,-106,17911,72,-3,69,68,0,68,2021-12-07,21184,22207,95.4
18144,-82,18062,90,-2,88,72,0,72,2021-12-08,21121,21464,98.4
19838,-75,19763,127,-2,125,78,-1,77,2021-12-09,20649,21588,95.7
17562,-91,17471,96,-2,94,85,0,85,2021-12-10,20070,21625,92.8
17828,-116,17712,93,0,93,70,0,70,2021-12-11,19371,21716,89.2
16671,-83,16588,86,0,86,39,-1,38,2021-12-12,18445,21853,84.4
13844,-61,13783,72,0,72,28,0,28,2021-12-13,17415,21781,80
12852,-92,12760,79,-1,78,74,0,74,2021-12-14,16677,21184,78.7
13557,-88,13469,79,0,79,41,0,41,2021-12-15,16022,21121,75.9
16439,-116,16323,87,-2,85,55,0,55,2021-12-16,15536,20649,75.2
15433,-66,15367,62,-3,59,61,-1,60,2021-12-17,15232,20070,75.9
14742,-126,14616,40,-4,36,50,0,50,2021-12-18,14791,19371,76.4
13331,-72,13259,66,-3,63,48,0,48,2021-12-19,14314,18445,77.6
12220,-66,12154,59,0,59,36,0,36,2021-12-20,14082,17415,80.9
9450,-146,9304,49,-3,46,31,-1,30,2021-12-21,13596,16677,81.5
13460,-116,13344,64,-3,61,48,-1,47,2021-12-22,13582,16022,84.8
13400,-68,13332,49,-1,48,40,0,40,2021-12-23,13148,15536,84.6
12517,-94,12423,66,-4,62,41,-1,40,2021-12-24,12731,15232,83.6
12629,-65,12564,53,-1,52,45,-1,44,2021-12-25,12430,14791,84
11962,-76,11886,38,0,38,11,0,11,2021-12-26,12234,14314,85.5
11495,-63,11432,41,-2,39,12,0,12,2021-12-27,12130,14082,86.1
9213,-102,9111,58,-1,57,75,-1,74,2021-12-28,12097,13596,89
15804,-96,15708,71,0,71,51,-1,50,2021-12-29,12431,13582,91.5
14868,-90,14778,65,-4,61,40,0,40,2021-12-30,12641,13148,96.1
16796,-90,16706,47,0,47,33,-1,32,2021-12-31,13252,12731,104.1
15667,-97,15570,44,-3,41,27,0,27,2022-01-01,13686,12430,110.1
17531,-53,17478,23,-1,22,6,0,6,2022-01-02,14482,12234,118.4
14623,-87,14536,39,-2,37,14,0,14,2022-01-03,14929,12130,123.1
18616,-110,18506,31,-1,30,19,0,19,2022-01-04,16272,12097,134.5
24590,-100,24490,40,-2,38,39,0,39,2022-01-05,17527,12431,141
24700,-125,24575,47,-1,46,12,0,12,2022-01-06,18932,12641,149.8
34954,-82,34872,40,0,40,24,0,24,2022-01-07,21526,13252,162.4
28003,-113,27890,41,0,41,8,0,8,2022-01-08,23288,13686,170.2
32581,-97,32484,33,-2,31,7,0,7,2022-01-09,25438,14482,175.7
27993,-102,27891,32,0,32,8,0,8,2022-01-10,27348,14929,183.2
29107,-68,29039,32,0,32,18,0,18,2022-01-11,28847,16272,177.3
32149,-106,32043,36,-2,34,8,0,8,2022-01-12,29927,17527,170.7
33436,-92,33344,64,-1,63,13,0,13,2022-01-13,31175,18932,164.7
35521,-69,35452,52,-2,50,16,-1,15,2022-01-14,31256,21526,145.2
31963,-110,31853,30,-2,28,6,0,6,2022-01-15,31821,23288,136.6
36308,-77,36231,25,-3,22,7,0,7,2022-01-16,32354,25438,127.2
42472,-120,42352,24,-1,23,3,0,3,2022-01-17,34422,27348,125.9
31426,-81,31345,,,,10,0,10,2022-01-18,34754,28847,120.5
38282,-82,38200,,,,10,0,10,2022-01-19,35630,29927,119.1
39978,-58,39920,,,,10,0,10,2022-01-20,36564,31175,117.3
57549,-78,57471,0,0,0,12,0,12,2022-01-21,39711,31256,127.1
46219,-162,46057,0,0,0,11,-1,10,2022-01-22,41748,31821,131.2
65393,-68,65325,0,0,0,1,0,1,2022-01-23,45903,32354,141.9
64757,-127,64630,0,0,0,8,0,8,2022-01-24,49086,34422,142.6
54225,-65,54160,0,0,0,9,-1,8,2022-01-25,52343,34754,150.6
58666,-50,58616,0,0,0,12,0,12,2022-01-26,55255,35630,155.1
64602,-47,64555,0,0,0,14,0,14,2022-01-27,58773,36564,160.7
74085,-66,74019,0,0,0,9,0,9,2022-01-28,61135,39711,153.9
39536,-92,39444,0,0,0,8,0,8,2022-01-29,60181,41748,144.2
75199,-35,75164,0,0,0,2,0,2,2022-01-30,61581,45903,134.2
112278,-51,112227,0,0,0,5,0,5,2022-01-31,68370,49086,139.3
105840,-45,105795,0,0,0,16,0,16,2022-02-01,75744,52343,144.7
67045,-76,66969,0,0,0,10,0,10,2022-02-02,76941,55255,139.2
82961,-90,82871,0,0,0,11,-4,7,2022-02-03,79563,58773,135.4
72162,-3246,68916,0,0,0,5,0,5,2022-02-04,79289,61135,129.7
40133,-11,40122,0,0,0,10,0,10,2022-02-05,79374,60181,131.9
80946,13938,94884,0,0,0,8,1,9,2022-02-06,80195,61581,130.2
77648,-29,77619,0,0,0,4,0,4,2022-02-07,75248,68370,110.1
394759,-14371,380388,0,0,0,8,-8,0,2022-02-08,116522,75744,153.8
86604,-77,86527,0,0,0,7,0,7,2022-02-09,119316,76941,155.1
86862,-83,86779,0,0,0,15,0,15,2022-02-10,119873,79563,150.7
80723,-113,80610,0,0,0,19,0,19,2022-02-11,121096,79289,152.7
70410,-59,70351,0,0,0,12,0,12,2022-02-12,125422,79374,158
60227,-70,60157,0,0,0,7,0,7,2022-02-13,122462,80195,152.7
55116,-105,55011,0,0,0,6,0,6,2022-02-14,119243,75248,158.5
53548,-42,53506,0,0,0,12,0,12,2022-02-15,70499,116522,60.5
63779,92,63871,0,0,0,18,0,18,2022-02-16,67238,119316,56.4
56390,-12,56378,0,0,0,18,-1,17,2022-02-17,62885,119873,52.5
49296,-13,49283,0,0,0,16,0,16,2022-02-18,58395,121096,48.2
33629,-32,33597,0,0,0,10,0,10,2022-02-19,53141,125422,42.4
36448,-11,36437,0,0,0,8,0,8,2022-02-20,49744,122462,40.6
36038,-51,35987,0,0,0,7,-1,6,2022-02-21,47018,119243,39.4
34683,-18,34665,0,0,0,18,0,18,2022-02-22,44323,70499,62.9
41481,-912,40569,0,0,0,11,0,11,2022-02-23,41138,67238,61.2
41216,-39,41177,0,0,0,13,0,13,2022-02-24,38970,62885,62
37617,-77,37540,0,0,0,8,0,8,2022-02-25,37302,58395,63.9
32967,-71,32896,0,0,0,6,0,6,2022-02-26,37207,53141,70
27438,-55,27383,0,0,0,3,0,3,2022-02-27,35920,49744,72.2
28904,-50,28854,0,0,0,6,0,6,2022-02-28,34901,47018,74.2
36529,-41,36488,0,0,0,16,0,16,2022-03-01,35165,44323,79.3
48503,-14,48489,0,0,0,11,0,11,2022-03-02,36168,41138,87.9
58301,-18,58283,0,0,0,8,0,8,2022-03-03,38608,38970,99.1
68345,-36,68309,0,0,0,10,0,10,2022-03-04,42998,37302,115.3
67229,-21,67208,0,0,0,9,0,9,2022-03-05,47893,37207,128.7
66794,5,66799,0,0,0,4,0,4,2022-03-06,53515,35920,149
64107,334,64441,0,0,0,5,-5,0,2022-03-07,58544,34901,167.7
66257,-26,66231,0,0,0,12,0,12,2022-03-08,62791,35165,178.6
74325,-89,74236,0,0,0,11,-1,10,2022-03-09,66480,36168,183.8
74588,-70,74518,0,0,0,41,0,41,2022-03-10,68806,38608,178.2
69215,-29,69186,0,0,0,17,-4,13,2022-03-11,68931,42998,160.3
60083,-40,60043,0,0,0,11,0,11,2022-03-12,67910,47893,141.8
52353,-27,52326,0,0,0,8,0,8,2022-03-13,65847,53515,123
45908,-16,45892,0,0,0,6,0,6,2022-03-14,63247,58544,108
52948,-51,52897,0,0,0,12,0,12,2022-03-15,61346,62791,97.7
60291,-28,60263,0,0,0,11,0,11,2022-03-16,59341,66480,89.3
53695,-28,53667,0,0,0,17,2,19,2022-03-17,56356,68806,81.9
49373,4843,54216,0,0,0,19,0,19,2022-03-18,53522,68931,77.6
41606,-150,41456,0,0,0,11,0,11,2022-03-19,50882,67910,74.9
34846,-23,34823,0,0,0,8,0,8,2022-03-20,48381,65847,73.5
31883,38,31921,0,0,0,3,0,3,2022-03-21,46377,63247,73.3
40543,-9,40534,0,0,0,23,1,24,2022-03-22,44605,61346,72.7
42835,-47,42788,0,0,0,15,1,16,2022-03-23,42112,59341,71
39159,-73,39086,0,0,0,15,0,15,2022-03-24,40035,56356,71
35043,-54,34989,0,0,0,20,0,20,2022-03-25,37988,53522,71
28130,15,28145,0,0,0,20,0,20,2022-03-26,36063,50882,70.9
25013,5,25018,0,0,0,6,1,7,2022-03-27,34658,48381,71.6
21504,7,21511,0,0,0,10,0,10,2022-03-28,33175,46377,71.5
30729,-42,30687,0,0,0,16,0,16,2022-03-29,31773,44605,71.2
27818,-52,27766,0,0,0,35,2,37,2022-03-30,29628,42112,70.4
25467,-35,25432,0,0,0,26,0,26,2022-03-31,27672,40035,69.1
21788,-51,21737,0,0,0,9,-3,6,2022-04-01,25778,37988,67.9
16936,-1,16935,0,0,0,13,1,14,2022-04-02,24179,36063,67
12387,-18,12369,0,0,0,7,-1,6,2022-04-03,22376,34658,64.6
10796,-23,10773,0,0,0,10,0,10,2022-04-04,20846,33175,62.8
14081,-63,14018,0,0,0,14,0,14,2022-04-05,18468,31773,58.1
13054,-29,13025,0,0,0,21,0,21,2022-04-06,16358,29628,55.2
12840,11,12851,0,0,0,9,0,9,2022-04-07,14555,27672,52.6
10903,-30,10873,0,0,0,14,-1,13,2022-04-08,13000,25778,50.4
6624,-13,6611,0,0,0,3,1,4,2022-04-11,11526,24179,47.7
6291,2,6293,0,0,0,15,0,15,2022-04-12,10656,22376,47.6
4947,-24,4923,0,0,0,21,1,22,2022-04-13,9820,20846,47.1
4699,-4,4695,0,0,0,11,-1,10,2022-04-14,8480,18468,45.9
4133,-5,4128,0,0,0,8,0,8,2022-04-15,7205,16358,44
2505,-25,2480,0,0,0,4,-1,3,2022-04-19,5729,14555,39.4
3518,-9,3509,0,0,0,10,1,11,2022-04-20,4674,13000,36
3008,-20,2988,0,0,0,18,1,19,2022-04-21,4157,11526,36.1
2628,-11,2617,0,0,0,9,0,9,2022-04-22,3634,10656,34.1
1390,-75,1315,0,0,0,6,0,6,2022-04-25,3126,9820,31.8
1896,-34,1862,0,0,0,6,1,7,2022-04-26,2725,8480,32.1
1248,-12,1236,0,0,0,2,1,3,2022-04-28,2313,7205,32.1
1679,-3,1676,0,0,0,4,0,4,2022-04-29,2195,5729,38.3
1282,-10,1272,0,0,0,3,0,3,2022-05-02,1876,4674,40.1
1756,-9,1747,0,0,0,6,0,6,2022-05-03,1697,4157,40.8
1679,1,1680,0,0,0,4,0,4,2022-05-04,1561,3634,43
1303,-14,1289,0,0,0,1,-1,0,2022-05-06,1549,3126,49.6
1030,-11,1019,0,0,0,2,1,3,2022-05-09,1425,2725,52.3
1586,-3,1583,0,0,0,3,0,3,2022-05-10,1474,2313,63.7
1401,-6,1395,0,0,0,6,0,6,2022-05-11,1434,2195,65.3
1434,-6,1428,0,0,0,4,1,5,2022-05-12,1456,1876,77.6
1273,-9,1264,0,0,0,0,0,0,2022-05-13,1387,1697,81.7
821,167,988,0,0,0,0,-1,-1,2022-05-16,1264,1561,81
1249,-3,1246,0,0,0,2,1,3,2022-05-17,1256,1549,81.1
1195,3,1198,0,0,0,0,0,0,2022-05-18,1280,1425,89.8
1448,-12,1436,0,0,0,4,0,4,2022-05-19,1260,1474,85.5
1048,-6,1042,0,0,0,5,0,5,2022-05-20,1210,1434,84.4
737,23,760,0,0,0,0,0,0,2022-05-23,1110,1456,76.2
1101,-1,1100,0,0,0,2,0,2,2022-05-24,1086,1387,78.3
1056,3,1059,0,0,0,4,1,5,2022-05-25,1119,1264,88.5
903,-9,894,0,0,0,1,-1,0,2022-05-27,1070,1256,85.2
913,-97,816,0,0,0,0,1,1,2022-05-30,1029,1280,80.4
1341,-94,1247,0,0,0,4,0,4,2022-05-31,1014,1260,80.5
1381,-8,1373,0,0,0,2,0,2,2022-06-01,1062,1210,87.8
1525,10,1535,0,0,0,1,0,1,2022-06-02,1174,1110,105.8
1461,-1,1460,0,0,0,0,0,0,2022-06-03,1226,1086,112.9
1421,-7,1414,0,0,0,0,1,1,2022-06-07,1278,1119,114.2
1864,-3,1861,0,0,0,1,0,1,2022-06-08,1415,1070,132.2
2440,-11,2429,0,0,0,3,0,3,2022-06-09,1633,1029,158.7
2235,1,2236,0,0,0,2,0,2,2022-06-10,1761,1014,173.7
1791,-14,1777,0,0,0,0,0,0,2022-06-13,1820,1062,171.4
2887,-13,2874,0,0,0,0,0,0,2022-06-14,2014,1174,171.6
3418,-3,3415,0,0,0,1,0,1,2022-06-15,2294,1226,187.1
4166,1,4167,0,0,0,5,0,5,2022-06-16,2686,1278,210.2
3855,3,3858,0,0,0,1,0,1,2022-06-17,2970,1415,209.9
2920,-7,2913,0,0,0,0,0,0,2022-06-20,3039,1633,186.1
4798,-5,4793,0,0,0,2,0,2,2022-06-21,3405,1761,193.4
4834,-4,4830,0,0,0,1,0,1,2022-06-22,3840,1820,211
5520,-13,5507,0,0,0,2,0,2,2022-06-23,4216,2014,209.3
5184,-18,5166,0,0,0,4,0,4,2022-06-24,4468,2294,194.8
3511,-16,3495,0,0,0,2,0,2,2022-06-27,4375,2686,162.9
5785,-7,5778,0,0,0,4,0,4,2022-06-28,4650,2970,156.6
6276,-5,6271,0,0,0,8,0,8,2022-06-29,5130,3039,168.8
6517,-5,6512,0,0,0,8,0,8,2022-06-30,5375,3405,157.9
6083,-7,6076,0,0,0,2,0,2,2022-07-01,5554,3840,144.6
3812,-19,3793,0,0,0,2,0,2,2022-07-04,5310,4216,125.9
6664,-9,6655,0,0,0,9,0,9,2022-07-05,5521,4468,123.6
6433,-3,6430,0,0,0,4,0,4,2022-07-06,5939,4375,135.7
7308,-11,7297,0,0,0,5,0,5,2022-07-07,6156,4650,132.4
6702,-3,6699,0,0,0,4,-1,3,2022-07-08,6217,5130,121.2
4107,-31,4076,0,0,0,1,0,1,2022-07-11,5873,5375,109.3
7371,-9,7362,0,0,0,2,1,3,2022-07-12,6057,5554,109.1
6825,-17,6808,0,0,0,4,0,4,2022-07-13,6487,5310,122.2
7062,-6,7056,0,0,0,4,0,4,2022-07-14,6544,5521,118.5
6527,-11,6516,0,0,0,5,0,5,2022-07-15,6557,5939,110.4
3238,-21,3217,0,0,0,2,0,2,2022-07-18,5976,6156,97.1
5018,-5,5013,0,0,0,6,1,7,2022-07-19,5735,6217,92.2
4509,-5,4504,0,0,0,7,0,7,2022-07-20,5793,5873,98.6
4500,-6,4494,0,0,0,4,0,4,2022-07-21,5383,6057,88.9
4635,-6,4629,0,0,0,6,0,6,2022-07-22,5070,6487,78.2
2488,-10,2478,0,0,0,1,-1,0,2022-07-25,4416,6544,67.5
4453,-7,4446,0,0,0,11,0,11,2022-07-26,4120,6557,62.8
4122,-4,4118,0,0,0,7,0,7,2022-07-27,4246,5976,71.1
3687,-2,3685,0,0,0,6,0,6,2022-07-28,4056,5735,70.7
3238,-7,3231,0,0,0,4,-1,3,2022-07-29,3875,5793,66.9
2066,-14,2052,0,0,0,4,-1,3,2022-08-01,3527,5383,65.5
3298,1,3299,0,0,0,3,0,3,2022-08-02,3336,5070,65.8
2919,-3,2916,0,0,0,6,0,6,2022-08-03,3398,4416,76.9
2438,0,2438,0,0,0,4,0,4,2022-08-04,3110,4120,75.5
2475,-5,2470,0,0,0,2,-1,1,2022-08-05,2874,4246,67.7
1231,-8,1223,0,0,0,1,0,1,2022-08-08,2524,4056,62.2
2168,-6,2162,0,0,0,4,0,4,2022-08-09,2371,3875,61.2
2119,0,2119,0,0,0,4,0,4,2022-08-10,2378,3527,67.4
1764,-2,1762,0,0,0,2,0,2,2022-08-11,2159,3336,64.7
1882,-2,1880,0,0,0,4,0,4,2022-08-12,2011,3398,59.2
978,-6,972,0,0,0,0,0,0,2022-08-15,1802,3110,57.9
1915,-7,1908,0,0,0,9,-1,8,2022-08-16,1722,2874,59.9
1682,-2,1680,0,0,0,5,1,6,2022-08-17,1787,2524,70.8
341,-2,339,0,0,0,2,2,4,2022-08-18,1526,2371,64.4
1435,1025,2460,0,0,0,9,0,9,2022-08-19,1428,2378,60.1
778,-7,771,0,0,0,2,1,3,2022-08-22,1287,2159,59.6
1365,-6,1359,0,0,0,4,0,4,2022-08-23,1213,2011,60.3
1267,1,1268,0,0,0,3,0,3,2022-08-24,1255,1802,69.6
1207,-5,1202,0,0,0,2,0,2,2022-08-25,1154,1722,67
1156,-2,1154,0,0,0,2,0,2,2022-08-26,1078,1787,60.3
780,-14,766,0,0,0,1,0,1,2022-08-29,1141,1526,74.8
1289,-3,1286,0,0,0,1,0,1,2022-08-30,1120,1428,78.4
1200,-3,1197,0,0,0,1,0,1,2022-08-31,1181,1287,91.8
1208,-2,1206,0,0,0,2,1,3,2022-09-02,1158,1213,95.5
1453,-14,1439,0,0,0,4,0,4,2022-09-06,1185,1255,94.4
1219,-2,1217,0,0,0,1,0,1,2022-09-09,1186,1154,102.8
1496,-9,1487,0,0,0,3,0,3,2022-09-13,1235,1078,114.6
1383,-14,1369,0,0,0,3,0,3,2022-09-16,1321,1141,115.8
1681,-9,1672,0,0,0,3,0,3,2022-09-20,1377,1120,122.9
1927,-5,1922,0,0,0,4,0,4,2022-09-23,1481,1181,125.4
2614,-3,2611,0,0,0,3,0,3,2022-09-27,1682,1158,145.3
3070,-16,3054,0,0,0,2,0,2,2022-09-30,1913,1185,161.4
