{
  "title": {
    "NL": "De situatie in Nederland",
    "EN": "The situation in the Netherlands"
  },
  "version": "20221004_1714",
  "dynamicDescription": [
    {
      "index": 1,
      "content": {
        "NL": "Deze pagina is een samenvatting van 26 september t/m 2 oktober. De meest actuele cijfers vindt u op **[landelijk](/landelijk/vaccinaties)**.",
        "EN": "This page shows a summary of 26 September till 2 October. For the most up-to-date figures, go to **[national](/landelijk/vaccinaties)**."
      }
    },
    {
      "index": 2,
      "content": {
        "NL": "Het RIVM geeft aan dat de huidige stand van de coronathermometer 1. Laag is. Dit betekent dat de impact op de samenleving en de zorg door de ziektelast van het virus laag is. Lees meer over de **[coronathermometer](/artikelen/coronathermometer)**.",
        "EN": "RIVM indicates that the current status of the coronavirus thermometer is 1. Low. This means that the impact on society and the healthcare sector caused by the disease burden of the virus is low. Please visit the page about the **[coronavirus thermometer](/artikelen/coronavirus-thermometer)** for more information."
      }
    },
    {
      "index": 3,
      "content": {
        "NL": "Deze pagina is in ontwikkeling, tips en opmerkingen zijn **[welkom](mailto:dienstpostbuscoronadashboard@minvws.nl \"verstuur een email naar het Corona Dashboard\")**.",
        "EN": "This page is under construction. We welcome your **[suggestions](mailto:dienstpostbuscoronadashboard@minvws.nl \"send email to Corona Dashboard\")**."
      }
    }
  ],
  "themes": [
    {
      "index": 1,
      "title": {
        "NL": "Ontwikkeling van het virus",
        "EN": "Development of the virus"
      },
      "icon": "Eye",
      "dynamicSubtitle": {
        "NL": "Ook deze week is de verspreiding van het virus gestegen vergeleken met de week ervoor. De najaarsgolf is begonnen.",
        "EN": "This week too, the spread of the virus has increased compared to the week before. The fall wave has begun."
      },
      "themeTiles": [
        {
          "index": 1,
          "title": {
            "NL": "Positieve testen",
            "EN": "Positive tests"
          },
          "trendIcon": {
            "direction": "UP",
            "color": "RED"
          },
          "tileIcon": "GgdTesten",
          "dynamicDescription": {
            "NL": "Het aantal aan de GGD gemelde personen met een positieve coronatestuitslag steeg sterk **(+55%)**. Het aantal bij de GGD geteste personen steeg ook sterk **(+47%)**.",
            "EN": "The number of people with a positive corona test result reported to the GGD increased firmly **(+55%)**. The number of people tested at the GGD increased firmly as well **(+47%)**."
          },
          "cta": {
            "label": {
              "NL": "Lees meer",
              "EN": "Read more"
            },
            "href": {
              "NL": "/landelijk/positief-geteste-mensen",
              "EN": "/landelijk/positief-geteste-mensen"
            }
          }
        },
        {
          "index": 2,
          "title": {
            "NL": "Rioolwater",
            "EN": "Wastewater analysis"
          },
          "trendIcon": {
            "direction": "UP",
            "color": "RED"
          },
          "tileIcon": "Rioolvirus",
          "dynamicDescription": {
            "NL": "Het landelijk gemiddelde aantal virusdeeltjes steeg in week 38 (19-25 september) met **24%** vergeleken met de week ervoor.",
            "EN": "The national average of virus particles increased in week 38 (19-25 September) **24%** compared to the week before."
          },
          "cta": {
            "label": {
              "NL": "Lees meer",
              "EN": "Read more"
            },
            "href": {
              "NL": "/landelijk/rioolwater",
              "EN": "/landelijk/rioolwater"
            }
          }
        },
        {
          "index": 3,
          "title": {
            "NL": "Virusvarianten",
            "EN": "Virus variants"
          },
          "trendIcon": null,
          "tileIcon": "Varianten",
          "dynamicDescription": {
            "NL": "Er is een toename van de BA.4.6 en BA.2.75 omikronvariant. Een van deze varianten wordt later dit jaar misschien dominant. BA.2.75 lijkt niet meer ziekmakend dan de overige omikronvarianten. Het zou ook kunnen dat meerdere varianten, inclusief BA.2.75 en BA.4.6 naast elkaar gaan bestaan.",
            "EN": "There is an increase in the BA.4.6 and BA.2.75 omicron variant. One of this variants may become dominant later this year. BA.2.75 does not appear to be any more sickening than the other omicron varieties. It is also possible that multiple variants, including BA.2.75 and BA.4.6, continue to circulate side by side."
          },
          "cta": {
            "label": {
              "NL": "Lees meer",
              "EN": "Read more"
            },
            "href": {
              "NL": "/landelijk/varianten",
              "EN": "/landelijk/varianten"
            }
          }
        }
      ],
      "moreLinks": {
        "label": {
          "MOBILE": {
            "NL": "Meer over 'Ontwikkeling van het virus'",
            "EN": "More on 'Development of the virus'"
          },
          "DESKTOP": {
            "NL": "Meer onderwerpen:",
            "EN": "More topics:"
          }
        },
        "links": [
          {
            "index": 1,
            "label": {
              "NL": "Reproductiegetal",
              "EN": "Reproduction number"
            },
            "href": {
              "NL": "/landelijk/reproductiegetal",
              "EN": "/landelijk/reproductiegetal"
            }
          },
          {
            "index": 2,
            "label": {
              "NL": "Sterfte",
              "EN": "Deaths"
            },
            "href": {
              "NL": "/landelijk/sterfte",
              "EN": "/landelijk/sterfte"
            }
          }
        ]
      }
    },
    {
      "index": 2,
      "title": {
        "NL": "Gevolgen voor de zorg",
        "EN": "Impact on healthcare sector"
      },
      "icon": "MedischeScreening",
      "dynamicSubtitle": {
        "NL": "Het aantal COVID-patiënten dat in het ziekenhuis wordt opgenomen neemt sneller toe dan vorige weken. Er liggen nu bijna twee keer zoveel patiënten op de verpleegafdeling vergeleken met vorig jaar oktober, toen de herfstgolf van 2021 nog moest beginnen.",
        "EN": "The number of COVID patients admitted to hospital is increasing faster than in previous weeks. There are now almost twice as many patients in the nursing ward compared to October last year, when the fall wave of 2021 had yet to start."
      },
      "themeTiles": [
        {
          "index": 1,
          "title": {
            "NL": "Ziekenhuisopnames",
            "EN": "Hospital admissions"
          },
          "trendIcon": {
            "direction": "UP",
            "color": "RED"
          },
          "tileIcon": "Ziekenhuis",
          "dynamicDescription": {
            "NL": "Het aantal nieuwe ziekenhuisopnames van patiënten met COVID is sterk gestegen **(+68%)** vergeleken met de week ervoor.",
            "EN": "The number of new hospitalizations of patients with Covid rose firmly **(+68%)** compared to the week before."
          },
          "cta": {
            "label": {
              "NL": "Lees meer",
              "EN": "Read more"
            },
            "href": {
              "NL": "/landelijk/ziekenhuis-opnames",
              "EN": "/landelijk/ziekenhuis-opnames"
            }
          }
        },
        {
          "index": 2,
          "title": {
            "NL": "Bezetting IC",
            "EN": "Occupation intensive care"
          },
          "trendIcon": {
            "direction": "UP",
            "color": "RED"
          },
          "tileIcon": "IntensiveCareOpnames",
          "dynamicDescription": {
            "NL": "Het weekgemiddelde van het aantal COVID-patiënten op de IC is toegenomen van 27 naar 35 patiënten.",
            "EN": "The weekly average of the number of COVID patients in the ICU has increased from 27 to 35 patients."
          },
          "cta": {
            "label": {
              "NL": "Lees meer",
              "EN": "Read more"
            },
            "href": {
              "NL": "/landelijk/intensive-care-opnames",
              "EN": "/landelijk/intensive-care-opnames"
            }
          }
        },
        {
          "index": 3,
          "title": {
            "NL": "Druk op de zorg",
            "EN": "Pressure on healthcare sector"
          },
          "trendIcon": null,
          "tileIcon": "Arts",
          "dynamicDescription": {
            "NL": "Het landelijk gemiddelde ziekteverzuim van zorgmedewerkers op IC en in ziekenhuizen is stabiel **(7,5%)**.",
            "EN": "The national average absenteeism rate of healthcare workers in ICU and hospitals is stable **(7.5%)**."
          },
          "cta": null
        }
      ],
      "moreLinks": {
        "label": {
          "MOBILE": {
            "NL": "Meer over 'Gevolgen voor de zorg':",
            "EN": "More on 'Impact on the healthcare sector':"
          },
          "DESKTOP": {
            "NL": "Meer onderwerpen:",
            "EN": "More topics:"
          }
        },
        "links": [
          {
            "index": 1,
            "label": {
              "NL": "Verpleeghuiszorg",
              "EN": "Nursing homes"
            },
            "href": {
              "NL": "/landelijk/verpleeghuiszorg",
              "EN": "/landelijk/verpleeghuiszorg"
            }
          },
          {
            "index": 2,
            "label": {
              "NL": "Gehandicaptenzorg",
              "EN": "Disability care"
            },
            "href": {
              "NL": "/landelijk/gehandicaptenzorg",
              "EN": "/landelijk/gehandicaptenzorg"
            }
          }
        ]
      }
    }
  ],
  "measures": {
    "icon": "Maatregelen",
    "title": {
      "NL": "Wat kunt u zelf doen om besmettingen te voorkomen?",
      "EN": "What can I do to prevent COVID from spreading?"
    },
    "dynamicSubtitle": {
      "NL": "Overzicht van adviezen om jezelf en anderen te beschermen.",
      "EN": "Advice to protect yourself and others."
    },
    "measureTiles": [
      {
        "index": 1,
        "icon": "BasisregelsHandenwassen",
        "title": {
          "NL": "Was uw handen vaak. Schud geen handen.",
          "EN": "Wash your hands often. Don't shake hands."
        }
      },
      {
        "index": 2,
        "icon": "BasisregelsTesten",
        "title": {
          "NL": "Klachten? Blijf thuis en doe een (zelf)test.",
          "EN": "If you have COVID-19 symptoms, stay at home and do a test."
        }
      },
      {
        "index": 3,
        "icon": "FrisseLucht",
        "title": {
          "NL": "Zorg voor voldoende frisse lucht.",
          "EN": "Ensure a good flow of fresh air indoors."
        }
      },
      {
        "index": 4,
        "icon": "Vaccinaties",
        "title": {
          "NL": "Haal een vaccin, boosterprik of herhaalprik.",
          "EN": "Stay up to date with your COVID-19 vaccinations."
        }
      },
      {
        "index": 5,
        "icon": "BasisregelsElleboog",
        "title": {
          "NL": "Hoest en nies in uw elleboog.",
          "EN": "Cough and sneeze into your elbow."
        }
      }
    ]
  }
}